{
  "type": "FeatureCollection",
  "features": [
    {
      "type": "Feature",
      "id": "way/30672528",
      "properties": {
        "landuse": "residential",
        "place": "suburb",
        "id": "way/30672528"
      },
      "geometry": {
        "type": "Polygon",
        "coordinates": [
          [
            [
              -32.4291085,
              -3.8592954
            ],
            [
              -32.4284911,
              -3.8602516
            ],
            [
              -32.4282601,
              -3.8606341
            ],
            [
              -32.428069,
              -3.8609516
            ],
            [
              -32.4278988,
              -3.8612681
            ],
            [
              -32.4258721,
              -3.8603679
            ],
            [
              -32.4271851,
              -3.8582149
            ],
            [
              -32.4275671,
              -3.8583929
            ],
            [
              -32.4276917,
              -3.8582765
            ],
            [
              -32.4277861,
              -3.858304
            ],
            [
              -32.4277465,
              -3.8585615
            ],
            [
              -32.4281768,
              -3.8588412
            ],
            [
              -32.4284043,
              -3.8589949
            ],
            [
              -32.4286104,
              -3.8589345
            ],
            [
              -32.428781,
              -3.858933
            ],
            [
              -32.4289302,
              -3.8588779
            ],
            [
              -32.4290568,
              -3.859014
            ],
            [
              -32.4291599,
              -3.8591578
            ],
            [
              -32.4291085,
              -3.8592954
            ]
          ]
        ]
      }
    },
    {
      "type": "Feature",
      "id": "way/236593497",
      "properties": {
        "name": "Nova Esperança",
        "place": "suburb",
        "id": "way/236593497"
      },
      "geometry": {
        "type": "Polygon",
        "coordinates": [
          [
            [
              -38.2245393,
              -8.9672069
            ],
            [
              -38.2135569,
              -8.9671267
            ],
            [
              -38.2136584,
              -8.9529496
            ],
            [
              -38.2246002,
              -8.9531702
            ],
            [
              -38.2245393,
              -8.9672069
            ]
          ]
        ]
      }
    },
    {
      "type": "Feature",
      "id": "way/253551397",
      "properties": {
        "alt_name": "Vila Caxangá",
        "description": "Bairro pertencente ao município de Recife",
        "fixme": "Ajustar contorno à área onde predominam moradias vizinhas.",
        "name": "Barreiras",
        "place": "suburb",
        "source": "IBGE",
        "id": "way/253551397"
      },
      "geometry": {
        "type": "Polygon",
        "coordinates": [
          [
            [
              -34.9614762,
              -8.0248067
            ],
            [
              -34.9616391,
              -8.0245438
            ],
            [
              -34.9618175,
              -8.0242751
            ],
            [
              -34.962404,
              -8.0240576
            ],
            [
              -34.962535,
              -8.0238892
            ],
            [
              -34.962639,
              -8.0236663
            ],
            [
              -34.9627281,
              -8.0231542
            ],
            [
              -34.9627817,
              -8.0227429
            ],
            [
              -34.9631363,
              -8.0223644
            ],
            [
              -34.9637212,
              -8.0220474
            ],
            [
              -34.9639066,
              -8.0219469
            ],
            [
              -34.9646383,
              -8.021626
            ],
            [
              -34.9656412,
              -8.0211828
            ],
            [
              -34.9659773,
              -8.0210348
            ],
            [
              -34.9661656,
              -8.021722
            ],
            [
              -34.9664613,
              -8.0221442
            ],
            [
              -34.9668424,
              -8.0224068
            ],
            [
              -34.96769,
              -8.023192
            ],
            [
              -34.9671821,
              -8.0230736
            ],
            [
              -34.9670437,
              -8.0230787
            ],
            [
              -34.9668446,
              -8.023007
            ],
            [
              -34.9666307,
              -8.0230336
            ],
            [
              -34.9667166,
              -8.023232
            ],
            [
              -34.9667858,
              -8.024257
            ],
            [
              -34.966715,
              -8.0248845
            ],
            [
              -34.9665326,
              -8.0250449
            ],
            [
              -34.9663677,
              -8.0250735
            ],
            [
              -34.9662726,
              -8.0251841
            ],
            [
              -34.9663666,
              -8.0257887
            ],
            [
              -34.9662329,
              -8.0261513
            ],
            [
              -34.9657504,
              -8.0262933
            ],
            [
              -34.9654271,
              -8.0263599
            ],
            [
              -34.965337,
              -8.0263785
            ],
            [
              -34.9653262,
              -8.0263807
            ],
            [
              -34.9652297,
              -8.0264006
            ],
            [
              -34.9638506,
              -8.0266848
            ],
            [
              -34.9636053,
              -8.026697
            ],
            [
              -34.9622672,
              -8.0265378
            ],
            [
              -34.9621197,
              -8.0265202
            ],
            [
              -34.9617979,
              -8.0264262
            ],
            [
              -34.9617614,
              -8.0264208
            ],
            [
              -34.9616576,
              -8.0263684
            ],
            [
              -34.96094,
              -8.025987
            ],
            [
              -34.9608001,
              -8.0259127
            ],
            [
              -34.9606613,
              -8.0260479
            ],
            [
              -34.9614762,
              -8.0248067
            ]
          ]
        ]
      }
    },
    {
      "type": "Feature",
      "id": "way/253551480",
      "properties": {
        "fixme": "Ajustar contorno à área onde predominam moradias vizinhas.",
        "name": "Santa Maria",
        "place": "suburb",
        "source": "IBGE",
        "id": "way/253551480"
      },
      "geometry": {
        "type": "Polygon",
        "coordinates": [
          [
            [
              -35.0107286,
              -8.0275006
            ],
            [
              -35.0092695,
              -8.0269464
            ],
            [
              -35.0091873,
              -8.0269318
            ],
            [
              -35.0087004,
              -8.0268455
            ],
            [
              -35.0083237,
              -8.0268262
            ],
            [
              -35.0080659,
              -8.0268865
            ],
            [
              -35.0079087,
              -8.0268873
            ],
            [
              -35.0076597,
              -8.0268885
            ],
            [
              -35.0062826,
              -8.0264903
            ],
            [
              -35.0049628,
              -8.0267353
            ],
            [
              -35.004685,
              -8.0266864
            ],
            [
              -35.0045652,
              -8.0265658
            ],
            [
              -35.0049732,
              -8.0264688
            ],
            [
              -35.0053674,
              -8.0262858
            ],
            [
              -35.0055376,
              -8.0260594
            ],
            [
              -35.0056063,
              -8.0257177
            ],
            [
              -35.0060572,
              -8.0257287
            ],
            [
              -35.0063788,
              -8.0257366
            ],
            [
              -35.0066463,
              -8.0257431
            ],
            [
              -35.0068627,
              -8.0255896
            ],
            [
              -35.0069866,
              -8.0252872
            ],
            [
              -35.0072709,
              -8.0252614
            ],
            [
              -35.0075541,
              -8.0250131
            ],
            [
              -35.0080271,
              -8.0247974
            ],
            [
              -35.0083533,
              -8.024813
            ],
            [
              -35.0084711,
              -8.0249387
            ],
            [
              -35.008508,
              -8.0253339
            ],
            [
              -35.0090185,
              -8.0253789
            ],
            [
              -35.0098702,
              -8.0256372
            ],
            [
              -35.0102775,
              -8.0264032
            ],
            [
              -35.0107286,
              -8.0275006
            ]
          ]
        ]
      }
    },
    {
      "type": "Feature",
      "id": "way/253551569",
      "properties": {
        "name": "Mustardinha",
        "place": "suburb",
        "source": "IBGE;Prefeitura do Recife",
        "id": "way/253551569"
      },
      "geometry": {
        "type": "Polygon",
        "coordinates": [
          [
            [
              -34.9144396,
              -8.0679709
            ],
            [
              -34.9158303,
              -8.0676419
            ],
            [
              -34.9161944,
              -8.0682778
            ],
            [
              -34.9165925,
              -8.068953
            ],
            [
              -34.916928,
              -8.0697907
            ],
            [
              -34.9172759,
              -8.0696163
            ],
            [
              -34.9174342,
              -8.0695443
            ],
            [
              -34.9175399,
              -8.0695036
            ],
            [
              -34.9176395,
              -8.0694628
            ],
            [
              -34.9182495,
              -8.0693112
            ],
            [
              -34.9213262,
              -8.0684557
            ],
            [
              -34.9228668,
              -8.0674788
            ],
            [
              -34.9235184,
              -8.0698256
            ],
            [
              -34.9241904,
              -8.0729113
            ],
            [
              -34.9238936,
              -8.0730783
            ],
            [
              -34.9228623,
              -8.0740436
            ],
            [
              -34.9214876,
              -8.0745907
            ],
            [
              -34.9205415,
              -8.0748848
            ],
            [
              -34.9179953,
              -8.0751493
            ],
            [
              -34.9173771,
              -8.0752854
            ],
            [
              -34.9170721,
              -8.074144
            ],
            [
              -34.9159385,
              -8.0741848
            ],
            [
              -34.9158061,
              -8.0734213
            ],
            [
              -34.9155584,
              -8.0734455
            ],
            [
              -34.91544,
              -8.0730484
            ],
            [
              -34.9151483,
              -8.0730936
            ],
            [
              -34.9150138,
              -8.0724731
            ],
            [
              -34.9149048,
              -8.0721747
            ],
            [
              -34.915106,
              -8.0721077
            ],
            [
              -34.9150872,
              -8.0716901
            ],
            [
              -34.9149558,
              -8.0712944
            ],
            [
              -34.9147466,
              -8.0698882
            ],
            [
              -34.9142115,
              -8.0680447
            ],
            [
              -34.9144396,
              -8.0679709
            ]
          ]
        ]
      }
    },
    {
      "type": "Feature",
      "id": "way/253551600",
      "properties": {
        "fixme": "Ajustar contorno à área onde predominam moradias vizinhas.",
        "name": "Bairro Luiz Gonzaga",
        "place": "suburb",
        "source": "IBGE",
        "id": "way/253551600"
      },
      "geometry": {
        "type": "Polygon",
        "coordinates": [
          [
            [
              -35.9550022,
              -8.2576873
            ],
            [
              -35.9545304,
              -8.2576761
            ],
            [
              -35.9540453,
              -8.2574845
            ],
            [
              -35.9523403,
              -8.255611
            ],
            [
              -35.9520272,
              -8.2553499
            ],
            [
              -35.9508589,
              -8.2544625
            ],
            [
              -35.9497901,
              -8.2535181
            ],
            [
              -35.9492453,
              -8.2530823
            ],
            [
              -35.9480208,
              -8.2523715
            ],
            [
              -35.9463319,
              -8.2509472
            ],
            [
              -35.9457007,
              -8.2507264
            ],
            [
              -35.9466,
              -8.24581
            ],
            [
              -35.9768,
              -8.23364
            ],
            [
              -35.9770212,
              -8.233798
            ],
            [
              -35.9772239,
              -8.2339403
            ],
            [
              -35.9770171,
              -8.2343475
            ],
            [
              -35.9763005,
              -8.2357589
            ],
            [
              -35.9761544,
              -8.2360947
            ],
            [
              -35.9758567,
              -8.2368032
            ],
            [
              -35.9755646,
              -8.2389066
            ],
            [
              -35.9755879,
              -8.2416293
            ],
            [
              -35.9749812,
              -8.2432057
            ],
            [
              -35.9747172,
              -8.2461904
            ],
            [
              -35.9747034,
              -8.2463468
            ],
            [
              -35.9748071,
              -8.2477523
            ],
            [
              -35.9746823,
              -8.249818
            ],
            [
              -35.9748565,
              -8.2523469
            ],
            [
              -35.9639794,
              -8.2551716
            ],
            [
              -35.9555514,
              -8.2576259
            ],
            [
              -35.9550022,
              -8.2576873
            ]
          ]
        ]
      }
    },
    {
      "type": "Feature",
      "id": "way/253551638",
      "properties": {
        "fixme": "Ajustar contorno à área onde predominam moradias vizinhas.",
        "name": "Tabatinga",
        "place": "suburb",
        "source": "IBGE",
        "id": "way/253551638"
      },
      "geometry": {
        "type": "Polygon",
        "coordinates": [
          [
            [
              -34.9793854,
              -8.0021337
            ],
            [
              -34.9793188,
              -8.0021355
            ],
            [
              -34.9791411,
              -8.0019464
            ],
            [
              -34.9788296,
              -8.0016152
            ],
            [
              -34.9784838,
              -8.0011701
            ],
            [
              -34.978191,
              -7.99911
            ],
            [
              -34.9788327,
              -7.9988842
            ],
            [
              -34.9796409,
              -7.9986564
            ],
            [
              -34.9797811,
              -7.9985874
            ],
            [
              -34.9798044,
              -7.9986165
            ],
            [
              -34.9807044,
              -7.9997356
            ],
            [
              -34.9811954,
              -7.9995231
            ],
            [
              -34.9820239,
              -7.9995435
            ],
            [
              -34.9818919,
              -7.9996262
            ],
            [
              -34.9814341,
              -8.0000649
            ],
            [
              -34.9793854,
              -8.0021337
            ]
          ]
        ]
      }
    },
    {
      "type": "Feature",
      "id": "way/253551642",
      "properties": {
        "fixme": "Ajustar contorno à área onde predominam moradias vizinhas.",
        "name": "Santa Tereza",
        "place": "suburb",
        "source": "IBGE",
        "id": "way/253551642"
      },
      "geometry": {
        "type": "Polygon",
        "coordinates": [
          [
            [
              -34.9997334,
              -8.0081145
            ],
            [
              -34.9994334,
              -8.0075934
            ],
            [
              -34.9991922,
              -8.006835
            ],
            [
              -34.9991366,
              -8.0062977
            ],
            [
              -34.9991432,
              -8.0062382
            ],
            [
              -34.9990134,
              -8.00577
            ],
            [
              -34.9985243,
              -8.0052939
            ],
            [
              -34.9984877,
              -8.0052583
            ],
            [
              -34.9977294,
              -8.0056124
            ],
            [
              -34.9979271,
              -8.0060773
            ],
            [
              -34.9976306,
              -8.0065282
            ],
            [
              -34.9964878,
              -8.007013
            ],
            [
              -34.9959313,
              -8.0058906
            ],
            [
              -34.9955209,
              -8.0050418
            ],
            [
              -34.9950432,
              -8.0039679
            ],
            [
              -34.9951233,
              -8.0030173
            ],
            [
              -34.994747,
              -8.0020636
            ],
            [
              -34.9947736,
              -8.0018464
            ],
            [
              -34.9948218,
              -8.0018148
            ],
            [
              -34.9950349,
              -8.0019029
            ],
            [
              -34.9951641,
              -8.002112
            ],
            [
              -34.9951412,
              -8.0022008
            ],
            [
              -34.9950431,
              -8.0025801
            ],
            [
              -34.995069,
              -8.0027103
            ],
            [
              -34.9951432,
              -8.0027845
            ],
            [
              -34.995206,
              -8.0027721
            ],
            [
              -34.9953308,
              -8.0025835
            ],
            [
              -34.9955739,
              -8.0028462
            ],
            [
              -34.9955519,
              -8.003227
            ],
            [
              -34.9957324,
              -8.00328
            ],
            [
              -34.995791,
              -8.0032972
            ],
            [
              -34.9960736,
              -8.0032096
            ],
            [
              -34.9962631,
              -8.0032841
            ],
            [
              -34.9963887,
              -8.003183
            ],
            [
              -34.996691,
              -8.0031438
            ],
            [
              -34.9968038,
              -8.003005
            ],
            [
              -34.9969303,
              -8.0030924
            ],
            [
              -34.9976374,
              -8.0033277
            ],
            [
              -34.997902,
              -8.0032887
            ],
            [
              -34.9980537,
              -8.0033885
            ],
            [
              -34.9982301,
              -8.0033751
            ],
            [
              -34.9984692,
              -8.0032734
            ],
            [
              -34.9990709,
              -8.0043582
            ],
            [
              -34.9997618,
              -8.0057891
            ],
            [
              -35.0006732,
              -8.0077376
            ],
            [
              -34.9997334,
              -8.0081145
            ]
          ]
        ]
      }
    },
    {
      "type": "Feature",
      "id": "way/318599915",
      "properties": {
        "name": "Ouro Preto",
        "place": "suburb",
        "source": "Prefeirtura de Olinda- DIM-departamento de informações municipais",
        "id": "way/318599915"
      },
      "geometry": {
        "type": "Polygon",
        "coordinates": [
          [
            [
              -34.8591999,
              -8.0119247
            ],
            [
              -34.8590635,
              -8.0115593
            ],
            [
              -34.8585225,
              -8.0095947
            ],
            [
              -34.8581748,
              -8.0083774
            ],
            [
              -34.8580061,
              -8.0077346
            ],
            [
              -34.8579602,
              -8.0075723
            ],
            [
              -34.8578465,
              -8.0071078
            ],
            [
              -34.8577701,
              -8.0067957
            ],
            [
              -34.8575097,
              -8.0055306
            ],
            [
              -34.8574903,
              -8.0054338
            ],
            [
              -34.8572636,
              -8.0043896
            ],
            [
              -34.8570054,
              -8.0032958
            ],
            [
              -34.8569442,
              -8.0031802
            ],
            [
              -34.856744,
              -8.0024459
            ],
            [
              -34.8566693,
              -8.002172
            ],
            [
              -34.8566018,
              -8.0019244
            ],
            [
              -34.8565143,
              -8.0016038
            ],
            [
              -34.8563721,
              -8.0010823
            ],
            [
              -34.8561309,
              -8.0001977
            ],
            [
              -34.8558074,
              -7.998998
            ],
            [
              -34.8557467,
              -7.9987815
            ],
            [
              -34.8555625,
              -7.9981879
            ],
            [
              -34.8551694,
              -7.9964096
            ],
            [
              -34.8551604,
              -7.9962834
            ],
            [
              -34.8550743,
              -7.9950735
            ],
            [
              -34.8550955,
              -7.9945605
            ],
            [
              -34.8551276,
              -7.9938134
            ],
            [
              -34.855119,
              -7.9930427
            ],
            [
              -34.8551233,
              -7.9929113
            ],
            [
              -34.8551643,
              -7.9916421
            ],
            [
              -34.8554899,
              -7.9896357
            ],
            [
              -34.8557173,
              -7.9884213
            ],
            [
              -34.8562414,
              -7.9853719
            ],
            [
              -34.8562464,
              -7.9851485
            ],
            [
              -34.8562492,
              -7.9850217
            ],
            [
              -34.8562985,
              -7.9845842
            ],
            [
              -34.8563843,
              -7.983825
            ],
            [
              -34.8564199,
              -7.9835767
            ],
            [
              -34.8565086,
              -7.9834583
            ],
            [
              -34.8566347,
              -7.9834524
            ],
            [
              -34.8570722,
              -7.9835886
            ],
            [
              -34.8577523,
              -7.9837583
            ],
            [
              -34.8584747,
              -7.9840061
            ],
            [
              -34.8595857,
              -7.9848793
            ],
            [
              -34.8600608,
              -7.9852498
            ],
            [
              -34.8603898,
              -7.9855656
            ],
            [
              -34.860739,
              -7.9858976
            ],
            [
              -34.8621033,
              -7.9873417
            ],
            [
              -34.8628725,
              -7.9881229
            ],
            [
              -34.8642087,
              -7.9895577
            ],
            [
              -34.8650026,
              -7.9903802
            ],
            [
              -34.8658602,
              -7.9913118
            ],
            [
              -34.8659584,
              -7.9914104
            ],
            [
              -34.8667371,
              -7.9922448
            ],
            [
              -34.8678431,
              -7.993277
            ],
            [
              -34.8678962,
              -7.9933261
            ],
            [
              -34.8684715,
              -7.9938576
            ],
            [
              -34.8687659,
              -7.9941295
            ],
            [
              -34.8689468,
              -7.9942828
            ],
            [
              -34.8689899,
              -7.9943219
            ],
            [
              -34.8692468,
              -7.9945839
            ],
            [
              -34.8697125,
              -7.9949959
            ],
            [
              -34.8698127,
              -7.9950846
            ],
            [
              -34.869864,
              -7.99513
            ],
            [
              -34.8699064,
              -7.9951675
            ],
            [
              -34.8702868,
              -7.9955013
            ],
            [
              -34.8703086,
              -7.9955209
            ],
            [
              -34.8713444,
              -7.9964634
            ],
            [
              -34.8726924,
              -7.9977604
            ],
            [
              -34.8728089,
              -7.9979399
            ],
            [
              -34.8729082,
              -7.9981949
            ],
            [
              -34.8728996,
              -7.9983166
            ],
            [
              -34.8727773,
              -7.9985312
            ],
            [
              -34.8723641,
              -7.9992133
            ],
            [
              -34.872324,
              -7.9992707
            ],
            [
              -34.8722431,
              -7.9994152
            ],
            [
              -34.8714975,
              -8.0005411
            ],
            [
              -34.8713479,
              -8.0004409
            ],
            [
              -34.8712213,
              -8.0003695
            ],
            [
              -34.8709048,
              -8.0004261
            ],
            [
              -34.8708133,
              -8.0004078
            ],
            [
              -34.8706282,
              -8.0003341
            ],
            [
              -34.8702949,
              -8.0001596
            ],
            [
              -34.8700531,
              -7.9999654
            ],
            [
              -34.8700238,
              -7.9999032
            ],
            [
              -34.8696945,
              -7.9994987
            ],
            [
              -34.8695317,
              -7.9993607
            ],
            [
              -34.869463,
              -7.9993864
            ],
            [
              -34.8693302,
              -7.9995363
            ],
            [
              -34.8690969,
              -7.999693
            ],
            [
              -34.8688,
              -7.9997856
            ],
            [
              -34.8677357,
              -8.0004533
            ],
            [
              -34.8673216,
              -8.0007155
            ],
            [
              -34.8659992,
              -8.0016304
            ],
            [
              -34.8659271,
              -8.0017508
            ],
            [
              -34.8658197,
              -8.0023408
            ],
            [
              -34.8656851,
              -8.0024206
            ],
            [
              -34.8654644,
              -8.0025092
            ],
            [
              -34.8654003,
              -8.0025682
            ],
            [
              -34.8650638,
              -8.003159
            ],
            [
              -34.8644849,
              -8.0038328
            ],
            [
              -34.8641798,
              -8.0043362
            ],
            [
              -34.8638159,
              -8.0048896
            ],
            [
              -34.8637808,
              -8.0049429
            ],
            [
              -34.8634697,
              -8.0054263
            ],
            [
              -34.8631608,
              -8.005984
            ],
            [
              -34.8627776,
              -8.00651
            ],
            [
              -34.8623968,
              -8.0070093
            ],
            [
              -34.8620803,
              -8.0075724
            ],
            [
              -34.8619074,
              -8.0078292
            ],
            [
              -34.8618871,
              -8.0078593
            ],
            [
              -34.8615909,
              -8.0081977
            ],
            [
              -34.8613067,
              -8.0085413
            ],
            [
              -34.8609601,
              -8.0090454
            ],
            [
              -34.8603706,
              -8.0100292
            ],
            [
              -34.8601978,
              -8.010205
            ],
            [
              -34.8599158,
              -8.0106399
            ],
            [
              -34.8596028,
              -8.0111486
            ],
            [
              -34.8591999,
              -8.0119247
            ]
          ]
        ]
      }
    },
    {
      "type": "Feature",
      "id": "way/460530276",
      "properties": {
        "name": "Curado II",
        "place": "suburb",
        "id": "way/460530276"
      },
      "geometry": {
        "type": "Polygon",
        "coordinates": [
          [
            [
              -35.003191,
              -8.0782344
            ],
            [
              -35.0019134,
              -8.078788
            ],
            [
              -35.003681,
              -8.0830279
            ],
            [
              -35.0023774,
              -8.0853374
            ],
            [
              -35.0019802,
              -8.0852429
            ],
            [
              -34.9998703,
              -8.0845708
            ],
            [
              -34.9993113,
              -8.0843361
            ],
            [
              -34.9949514,
              -8.0817183
            ],
            [
              -34.9946918,
              -8.0813845
            ],
            [
              -34.9944997,
              -8.0811375
            ],
            [
              -34.9943433,
              -8.0809365
            ],
            [
              -34.9941413,
              -8.0804552
            ],
            [
              -34.9940301,
              -8.079726
            ],
            [
              -34.9939529,
              -8.0795438
            ],
            [
              -34.9938854,
              -8.0793844
            ],
            [
              -34.9936103,
              -8.0790243
            ],
            [
              -34.9936606,
              -8.0789674
            ],
            [
              -34.9939541,
              -8.0786358
            ],
            [
              -34.9941236,
              -8.0787253
            ],
            [
              -34.9942555,
              -8.0786952
            ],
            [
              -34.9945568,
              -8.0786264
            ],
            [
              -34.9949159,
              -8.0787959
            ],
            [
              -34.9948798,
              -8.0787715
            ],
            [
              -34.9956848,
              -8.077917
            ],
            [
              -34.9957767,
              -8.0777423
            ],
            [
              -34.9953882,
              -8.0775743
            ],
            [
              -34.9956744,
              -8.0760745
            ],
            [
              -34.9957273,
              -8.0757975
            ],
            [
              -34.9958933,
              -8.0759098
            ],
            [
              -34.9960293,
              -8.076015
            ],
            [
              -34.9962865,
              -8.0762713
            ],
            [
              -34.9964792,
              -8.0763222
            ],
            [
              -34.9982151,
              -8.0767736
            ],
            [
              -34.9982666,
              -8.077141
            ],
            [
              -35.0006817,
              -8.076086
            ],
            [
              -35.0011827,
              -8.0760113
            ],
            [
              -35.0024487,
              -8.0766062
            ],
            [
              -35.003191,
              -8.0782344
            ]
          ]
        ]
      }
    },
    {
      "type": "Feature",
      "id": "way/496479358",
      "properties": {
        "name": "Cidade Jardim",
        "place": "suburb",
        "id": "way/496479358"
      },
      "geometry": {
        "type": "Polygon",
        "coordinates": [
          [
            [
              -37.0733838,
              -8.4246754
            ],
            [
              -37.0783975,
              -8.4296316
            ],
            [
              -37.0752506,
              -8.4334948
            ],
            [
              -37.0698755,
              -8.4367741
            ],
            [
              -37.0654016,
              -8.4310538
            ],
            [
              -37.0674725,
              -8.429399
            ],
            [
              -37.0733838,
              -8.4246754
            ]
          ]
        ]
      }
    },
    {
      "type": "Feature",
      "id": "way/496479360",
      "properties": {
        "name": "JK",
        "place": "suburb",
        "id": "way/496479360"
      },
      "geometry": {
        "type": "Polygon",
        "coordinates": [
          [
            [
              -37.0668839,
              -8.4331231
            ],
            [
              -37.0693482,
              -8.4363711
            ],
            [
              -37.0703954,
              -8.4377757
            ],
            [
              -37.0690724,
              -8.440382
            ],
            [
              -37.0684808,
              -8.4405892
            ],
            [
              -37.06328,
              -8.4383949
            ],
            [
              -37.0643522,
              -8.4369563
            ],
            [
              -37.065597,
              -8.4346645
            ],
            [
              -37.0668839,
              -8.4331231
            ]
          ]
        ]
      }
    },
    {
      "type": "Feature",
      "id": "way/496479362",
      "properties": {
        "name": "Boa Esperança",
        "place": "suburb",
        "id": "way/496479362"
      },
      "geometry": {
        "type": "Polygon",
        "coordinates": [
          [
            [
              -37.062368,
              -8.430739
            ],
            [
              -37.0654303,
              -8.4313925
            ],
            [
              -37.0657468,
              -8.4317215
            ],
            [
              -37.0667929,
              -8.4331383
            ],
            [
              -37.0655698,
              -8.434571
            ],
            [
              -37.0643645,
              -8.4366272
            ],
            [
              -37.0604947,
              -8.4341281
            ],
            [
              -37.062368,
              -8.430739
            ]
          ]
        ]
      }
    },
    {
      "type": "Feature",
      "id": "way/520908298",
      "properties": {
        "name": "Centro",
        "place": "suburb",
        "id": "way/520908298"
      },
      "geometry": {
        "type": "Polygon",
        "coordinates": [
          [
            [
              -35.1125522,
              -8.5952836
            ],
            [
              -35.1122071,
              -8.5950277
            ],
            [
              -35.1122204,
              -8.5950129
            ],
            [
              -35.1124292,
              -8.5947804
            ],
            [
              -35.1124452,
              -8.5947625
            ],
            [
              -35.1125228,
              -8.5946761
            ],
            [
              -35.1126585,
              -8.594525
            ],
            [
              -35.1128742,
              -8.5942706
            ],
            [
              -35.1130165,
              -8.5940959
            ],
            [
              -35.1130201,
              -8.5940915
            ],
            [
              -35.1131422,
              -8.5939416
            ],
            [
              -35.113287,
              -8.5937344
            ],
            [
              -35.1133671,
              -8.5934633
            ],
            [
              -35.1137322,
              -8.5931922
            ],
            [
              -35.1141759,
              -8.5929241
            ],
            [
              -35.1142114,
              -8.5929007
            ],
            [
              -35.1143238,
              -8.5928266
            ],
            [
              -35.1146196,
              -8.5924778
            ],
            [
              -35.1147043,
              -8.5923361
            ],
            [
              -35.1148102,
              -8.5921888
            ],
            [
              -35.1148691,
              -8.5919751
            ],
            [
              -35.1149955,
              -8.5918472
            ],
            [
              -35.1152897,
              -8.591739
            ],
            [
              -35.1156872,
              -8.5915638
            ],
            [
              -35.1161416,
              -8.5914146
            ],
            [
              -35.1162697,
              -8.5913579
            ],
            [
              -35.1164445,
              -8.5912807
            ],
            [
              -35.116453,
              -8.5912769
            ],
            [
              -35.1166808,
              -8.5911607
            ],
            [
              -35.1168973,
              -8.5910391
            ],
            [
              -35.1170385,
              -8.5909428
            ],
            [
              -35.1175913,
              -8.5905657
            ],
            [
              -35.1179754,
              -8.5903189
            ],
            [
              -35.1180215,
              -8.5902892
            ],
            [
              -35.1180684,
              -8.5902591
            ],
            [
              -35.1180932,
              -8.5902432
            ],
            [
              -35.1180951,
              -8.59024
            ],
            [
              -35.1181018,
              -8.5902285
            ],
            [
              -35.1182321,
              -8.5900056
            ],
            [
              -35.1182891,
              -8.5898807
            ],
            [
              -35.1184093,
              -8.589509
            ],
            [
              -35.1184706,
              -8.5893411
            ],
            [
              -35.1185294,
              -8.58918
            ],
            [
              -35.1186292,
              -8.5890331
            ],
            [
              -35.1186712,
              -8.5889713
            ],
            [
              -35.1188694,
              -8.5891116
            ],
            [
              -35.1188915,
              -8.5891387
            ],
            [
              -35.1188545,
              -8.5892561
            ],
            [
              -35.1187514,
              -8.5894974
            ],
            [
              -35.1187359,
              -8.5895336
            ],
            [
              -35.1187282,
              -8.5895516
            ],
            [
              -35.1187759,
              -8.5897131
            ],
            [
              -35.1186819,
              -8.5901
            ],
            [
              -35.1186835,
              -8.5901887
            ],
            [
              -35.1186901,
              -8.5906609
            ],
            [
              -35.1186819,
              -8.5910993
            ],
            [
              -35.1186373,
              -8.5913277
            ],
            [
              -35.11859,
              -8.5913584
            ],
            [
              -35.118385,
              -8.5913587
            ],
            [
              -35.1180134,
              -8.5914664
            ],
            [
              -35.117733,
              -8.591541
            ],
            [
              -35.1175576,
              -8.591605
            ],
            [
              -35.1171276,
              -8.5917619
            ],
            [
              -35.116754,
              -8.5919624
            ],
            [
              -35.116682,
              -8.5920011
            ],
            [
              -35.1166084,
              -8.5920406
            ],
            [
              -35.1158784,
              -8.5925414
            ],
            [
              -35.1158631,
              -8.5925581
            ],
            [
              -35.1156594,
              -8.5927809
            ],
            [
              -35.1152937,
              -8.5931229
            ],
            [
              -35.1151006,
              -8.5932158
            ],
            [
              -35.114712,
              -8.5929637
            ],
            [
              -35.1144732,
              -8.5931267
            ],
            [
              -35.1142752,
              -8.5932692
            ],
            [
              -35.1140373,
              -8.5934405
            ],
            [
              -35.1136075,
              -8.5937923
            ],
            [
              -35.1134642,
              -8.5940452
            ],
            [
              -35.1132994,
              -8.5943483
            ],
            [
              -35.1131376,
              -8.594653
            ],
            [
              -35.1129835,
              -8.5949058
            ],
            [
              -35.112859,
              -8.5950591
            ],
            [
              -35.1125522,
              -8.5952836
            ]
          ]
        ]
      }
    },
    {
      "type": "Feature",
      "id": "way/520908299",
      "properties": {
        "name": "São Roque",
        "place": "suburb",
        "id": "way/520908299"
      },
      "geometry": {
        "type": "Polygon",
        "coordinates": [
          [
            [
              -35.1125522,
              -8.5952836
            ],
            [
              -35.112859,
              -8.5950591
            ],
            [
              -35.1129835,
              -8.5949058
            ],
            [
              -35.1131376,
              -8.594653
            ],
            [
              -35.1132994,
              -8.5943483
            ],
            [
              -35.1134642,
              -8.5940452
            ],
            [
              -35.1136075,
              -8.5937923
            ],
            [
              -35.1140373,
              -8.5934405
            ],
            [
              -35.1142752,
              -8.5932692
            ],
            [
              -35.1144732,
              -8.5931267
            ],
            [
              -35.114712,
              -8.5929637
            ],
            [
              -35.1151006,
              -8.5932158
            ],
            [
              -35.1152796,
              -8.5933685
            ],
            [
              -35.1153568,
              -8.5935032
            ],
            [
              -35.1154117,
              -8.5936378
            ],
            [
              -35.1154137,
              -8.5938288
            ],
            [
              -35.1153792,
              -8.5940961
            ],
            [
              -35.1153406,
              -8.5943493
            ],
            [
              -35.115304,
              -8.5946347
            ],
            [
              -35.1151739,
              -8.5950247
            ],
            [
              -35.1149543,
              -8.5951352
            ],
            [
              -35.1147002,
              -8.5950669
            ],
            [
              -35.1140538,
              -8.595099
            ],
            [
              -35.1137164,
              -8.5951332
            ],
            [
              -35.1134013,
              -8.5956095
            ],
            [
              -35.1132855,
              -8.5957824
            ],
            [
              -35.1129806,
              -8.5958829
            ],
            [
              -35.1125522,
              -8.5952836
            ]
          ]
        ]
      }
    },
    {
      "type": "Feature",
      "id": "way/520908300",
      "properties": {
        "name": "Vila Nova",
        "place": "suburb",
        "id": "way/520908300"
      },
      "geometry": {
        "type": "Polygon",
        "coordinates": [
          [
            [
              -35.1151739,
              -8.5950247
            ],
            [
              -35.1155918,
              -8.5953106
            ],
            [
              -35.1160249,
              -8.5956069
            ],
            [
              -35.1158801,
              -8.595827
            ],
            [
              -35.1156801,
              -8.5961473
            ],
            [
              -35.115662,
              -8.5961734
            ],
            [
              -35.1154508,
              -8.5964768
            ],
            [
              -35.1152274,
              -8.5967897
            ],
            [
              -35.1152122,
              -8.596811
            ],
            [
              -35.1150621,
              -8.5969773
            ],
            [
              -35.1147279,
              -8.5973477
            ],
            [
              -35.1144799,
              -8.5976225
            ],
            [
              -35.1141653,
              -8.5982447
            ],
            [
              -35.1141366,
              -8.5983014
            ],
            [
              -35.114209,
              -8.5988345
            ],
            [
              -35.1140857,
              -8.5991686
            ],
            [
              -35.113914,
              -8.5993119
            ],
            [
              -35.1135373,
              -8.5994352
            ],
            [
              -35.1135251,
              -8.5994392
            ],
            [
              -35.1135358,
              -8.5994312
            ],
            [
              -35.1133588,
              -8.5986621
            ],
            [
              -35.1132515,
              -8.5984049
            ],
            [
              -35.112504,
              -8.5974749
            ],
            [
              -35.1121651,
              -8.5974465
            ],
            [
              -35.1119708,
              -8.5976206
            ],
            [
              -35.1118326,
              -8.5977445
            ],
            [
              -35.1116707,
              -8.5979209
            ],
            [
              -35.1114383,
              -8.5981741
            ],
            [
              -35.1107731,
              -8.5977206
            ],
            [
              -35.1106632,
              -8.5975456
            ],
            [
              -35.110851,
              -8.5974222
            ],
            [
              -35.1110789,
              -8.5972724
            ],
            [
              -35.1114142,
              -8.5970496
            ],
            [
              -35.1118675,
              -8.5967208
            ],
            [
              -35.1123102,
              -8.5962702
            ],
            [
              -35.112696,
              -8.5959688
            ],
            [
              -35.1129109,
              -8.5958638
            ],
            [
              -35.1129231,
              -8.5958027
            ],
            [
              -35.1129806,
              -8.5958829
            ],
            [
              -35.1132855,
              -8.5957824
            ],
            [
              -35.1134013,
              -8.5956095
            ],
            [
              -35.1137164,
              -8.5951332
            ],
            [
              -35.1140538,
              -8.595099
            ],
            [
              -35.1147002,
              -8.5950669
            ],
            [
              -35.1149543,
              -8.5951352
            ],
            [
              -35.1151739,
              -8.5950247
            ]
          ]
        ]
      }
    },
    {
      "type": "Feature",
      "id": "way/520908301",
      "properties": {
        "name": "Cohab",
        "place": "suburb",
        "id": "way/520908301"
      },
      "geometry": {
        "type": "Polygon",
        "coordinates": [
          [
            [
              -35.1114383,
              -8.5981741
            ],
            [
              -35.1116707,
              -8.5979209
            ],
            [
              -35.1118883,
              -8.5976999
            ],
            [
              -35.1119708,
              -8.5976206
            ],
            [
              -35.112066,
              -8.5975306
            ],
            [
              -35.1121651,
              -8.5974465
            ],
            [
              -35.112504,
              -8.5974749
            ],
            [
              -35.1129332,
              -8.5979924
            ],
            [
              -35.113074,
              -8.5981749
            ],
            [
              -35.1132515,
              -8.5984049
            ],
            [
              -35.1133588,
              -8.5986621
            ],
            [
              -35.1135358,
              -8.5994312
            ],
            [
              -35.1131952,
              -8.5996168
            ],
            [
              -35.1129414,
              -8.5999369
            ],
            [
              -35.1127412,
              -8.6002516
            ],
            [
              -35.1125688,
              -8.6001774
            ],
            [
              -35.1112887,
              -8.5996838
            ],
            [
              -35.1109555,
              -8.5994975
            ],
            [
              -35.1105391,
              -8.5992087
            ],
            [
              -35.1108483,
              -8.5988381
            ],
            [
              -35.1109099,
              -8.5986807
            ],
            [
              -35.1114383,
              -8.5981741
            ]
          ]
        ]
      }
    },
    {
      "type": "Feature",
      "id": "way/520908302",
      "properties": {
        "name": "Nova Esperança",
        "place": "suburb",
        "id": "way/520908302"
      },
      "geometry": {
        "type": "Polygon",
        "coordinates": [
          [
            [
              -35.1159493,
              -8.5955557
            ],
            [
              -35.1155918,
              -8.5953106
            ],
            [
              -35.1151739,
              -8.5950247
            ],
            [
              -35.115304,
              -8.5946347
            ],
            [
              -35.1153406,
              -8.5943493
            ],
            [
              -35.1153792,
              -8.5940961
            ],
            [
              -35.1154137,
              -8.5938288
            ],
            [
              -35.1154117,
              -8.5936378
            ],
            [
              -35.1153568,
              -8.5935032
            ],
            [
              -35.1152796,
              -8.5933685
            ],
            [
              -35.1151006,
              -8.5932158
            ],
            [
              -35.1152937,
              -8.5931229
            ],
            [
              -35.1156594,
              -8.5927809
            ],
            [
              -35.1158631,
              -8.5925581
            ],
            [
              -35.1158784,
              -8.5925414
            ],
            [
              -35.1166084,
              -8.5920406
            ],
            [
              -35.116682,
              -8.5920011
            ],
            [
              -35.116754,
              -8.5919624
            ],
            [
              -35.1168636,
              -8.5921592
            ],
            [
              -35.1170959,
              -8.5924412
            ],
            [
              -35.1176027,
              -8.5930662
            ],
            [
              -35.1176104,
              -8.5931955
            ],
            [
              -35.1176144,
              -8.593261
            ],
            [
              -35.1176127,
              -8.593361
            ],
            [
              -35.1175983,
              -8.5934226
            ],
            [
              -35.1175648,
              -8.5935816
            ],
            [
              -35.1177501,
              -8.5937312
            ],
            [
              -35.117884,
              -8.5938394
            ],
            [
              -35.1181707,
              -8.5940739
            ],
            [
              -35.1184963,
              -8.5945253
            ],
            [
              -35.1182804,
              -8.5947458
            ],
            [
              -35.1177365,
              -8.5943237
            ],
            [
              -35.1175725,
              -8.5941964
            ],
            [
              -35.1175339,
              -8.5941919
            ],
            [
              -35.1171478,
              -8.5941474
            ],
            [
              -35.1168422,
              -8.5943362
            ],
            [
              -35.1167514,
              -8.5943923
            ],
            [
              -35.1162453,
              -8.5948473
            ],
            [
              -35.1160896,
              -8.5951167
            ],
            [
              -35.1160268,
              -8.5953133
            ],
            [
              -35.1159493,
              -8.5955557
            ]
          ]
        ]
      }
    },
    {
      "type": "Feature",
      "id": "way/520908303",
      "properties": {
        "name": "Vila Operária",
        "place": "suburb",
        "id": "way/520908303"
      },
      "geometry": {
        "type": "Polygon",
        "coordinates": [
          [
            [
              -35.1186401,
              -8.5918361
            ],
            [
              -35.1185706,
              -8.5922227
            ],
            [
              -35.1184255,
              -8.5926111
            ],
            [
              -35.1179902,
              -8.5930871
            ],
            [
              -35.1177295,
              -8.5936969
            ],
            [
              -35.1175648,
              -8.5935816
            ],
            [
              -35.1175983,
              -8.5934226
            ],
            [
              -35.1176127,
              -8.593361
            ],
            [
              -35.1176144,
              -8.593261
            ],
            [
              -35.1176104,
              -8.5931955
            ],
            [
              -35.1176027,
              -8.5930662
            ],
            [
              -35.1170959,
              -8.5924412
            ],
            [
              -35.1168636,
              -8.5921592
            ],
            [
              -35.116754,
              -8.5919624
            ],
            [
              -35.1171276,
              -8.5917619
            ],
            [
              -35.1175576,
              -8.591605
            ],
            [
              -35.117733,
              -8.591541
            ],
            [
              -35.1180134,
              -8.5914664
            ],
            [
              -35.118385,
              -8.5913587
            ],
            [
              -35.11859,
              -8.5913584
            ],
            [
              -35.1186373,
              -8.5913277
            ],
            [
              -35.1186401,
              -8.5918361
            ]
          ]
        ]
      }
    },
    {
      "type": "Feature",
      "id": "way/520908304",
      "properties": {
        "name": "Outeiro do Livramento/Guararapes",
        "place": "suburb",
        "id": "way/520908304"
      },
      "geometry": {
        "type": "Polygon",
        "coordinates": [
          [
            [
              -35.1187759,
              -8.5897131
            ],
            [
              -35.1191733,
              -8.5900501
            ],
            [
              -35.1196937,
              -8.5903631
            ],
            [
              -35.1203884,
              -8.590371
            ],
            [
              -35.1206888,
              -8.5903816
            ],
            [
              -35.120907,
              -8.5905406
            ],
            [
              -35.1211474,
              -8.5907158
            ],
            [
              -35.1213915,
              -8.5907243
            ],
            [
              -35.1218368,
              -8.5907397
            ],
            [
              -35.1220111,
              -8.590989
            ],
            [
              -35.1220151,
              -8.5911423
            ],
            [
              -35.1220272,
              -8.5916122
            ],
            [
              -35.1219977,
              -8.5922806
            ],
            [
              -35.1223571,
              -8.5935085
            ],
            [
              -35.1226817,
              -8.5938238
            ],
            [
              -35.1228662,
              -8.5940065
            ],
            [
              -35.1230277,
              -8.5941662
            ],
            [
              -35.1230116,
              -8.5953676
            ],
            [
              -35.1230759,
              -8.5959842
            ],
            [
              -35.1230738,
              -8.5959955
            ],
            [
              -35.1229686,
              -8.5965636
            ],
            [
              -35.1226924,
              -8.5967307
            ],
            [
              -35.1225636,
              -8.5965796
            ],
            [
              -35.1223437,
              -8.5964602
            ],
            [
              -35.1221425,
              -8.5963966
            ],
            [
              -35.1218971,
              -8.5963701
            ],
            [
              -35.1217033,
              -8.5962958
            ],
            [
              -35.1214908,
              -8.5961632
            ],
            [
              -35.1212226,
              -8.5957654
            ],
            [
              -35.1209624,
              -8.5954366
            ],
            [
              -35.1206673,
              -8.5950069
            ],
            [
              -35.1205949,
              -8.594869
            ],
            [
              -35.119691,
              -8.5950361
            ],
            [
              -35.1184963,
              -8.5945253
            ],
            [
              -35.1181707,
              -8.5940739
            ],
            [
              -35.117884,
              -8.5938394
            ],
            [
              -35.1177501,
              -8.5937312
            ],
            [
              -35.1177187,
              -8.5937107
            ],
            [
              -35.1177295,
              -8.5936969
            ],
            [
              -35.1179902,
              -8.5930871
            ],
            [
              -35.1184255,
              -8.5926111
            ],
            [
              -35.1185706,
              -8.5922227
            ],
            [
              -35.1186401,
              -8.5918361
            ],
            [
              -35.1186373,
              -8.5913277
            ],
            [
              -35.1186819,
              -8.5910993
            ],
            [
              -35.1186927,
              -8.590692
            ],
            [
              -35.1186835,
              -8.5901887
            ],
            [
              -35.1186819,
              -8.5901
            ],
            [
              -35.1187759,
              -8.5897131
            ]
          ]
        ]
      }
    },
    {
      "type": "Feature",
      "id": "way/520908305",
      "properties": {
        "name": "Cavoco",
        "place": "suburb",
        "id": "way/520908305"
      },
      "geometry": {
        "type": "Polygon",
        "coordinates": [
          [
            [
              -35.1137322,
              -8.5931922
            ],
            [
              -35.1135982,
              -8.5931743
            ],
            [
              -35.1130774,
              -8.5931045
            ],
            [
              -35.1130329,
              -8.593084
            ],
            [
              -35.1128552,
              -8.5930226
            ],
            [
              -35.1127392,
              -8.5929483
            ],
            [
              -35.1127034,
              -8.5929317
            ],
            [
              -35.1128376,
              -8.5924975
            ],
            [
              -35.1128538,
              -8.5915891
            ],
            [
              -35.1127319,
              -8.5909137
            ],
            [
              -35.1124676,
              -8.5903228
            ],
            [
              -35.1127276,
              -8.5899896
            ],
            [
              -35.1131278,
              -8.5901717
            ],
            [
              -35.1133539,
              -8.5902746
            ],
            [
              -35.1140084,
              -8.5904112
            ],
            [
              -35.1142963,
              -8.5902914
            ],
            [
              -35.1144839,
              -8.5902133
            ],
            [
              -35.1145491,
              -8.5901861
            ],
            [
              -35.1156875,
              -8.5897037
            ],
            [
              -35.1159019,
              -8.5896027
            ],
            [
              -35.1159322,
              -8.5896529
            ],
            [
              -35.1161307,
              -8.5899813
            ],
            [
              -35.1161167,
              -8.590166
            ],
            [
              -35.1161333,
              -8.5904843
            ],
            [
              -35.1166989,
              -8.5911459
            ],
            [
              -35.1166808,
              -8.5911607
            ],
            [
              -35.116453,
              -8.5912769
            ],
            [
              -35.1164445,
              -8.5912807
            ],
            [
              -35.1162697,
              -8.5913579
            ],
            [
              -35.1161416,
              -8.5914146
            ],
            [
              -35.1156872,
              -8.5915638
            ],
            [
              -35.1152897,
              -8.591739
            ],
            [
              -35.1149955,
              -8.5918472
            ],
            [
              -35.1148691,
              -8.5919751
            ],
            [
              -35.1148102,
              -8.5921888
            ],
            [
              -35.1147043,
              -8.5923361
            ],
            [
              -35.1146196,
              -8.5924778
            ],
            [
              -35.1143238,
              -8.5928266
            ],
            [
              -35.1142114,
              -8.5929007
            ],
            [
              -35.1141759,
              -8.5929241
            ],
            [
              -35.1137322,
              -8.5931922
            ]
          ]
        ]
      }
    },
    {
      "type": "Feature",
      "id": "way/520908306",
      "properties": {
        "name": "Porto de Pedra",
        "place": "suburb",
        "id": "way/520908306"
      },
      "geometry": {
        "type": "Polygon",
        "coordinates": [
          [
            [
              -35.1166989,
              -8.5911459
            ],
            [
              -35.1161333,
              -8.5904843
            ],
            [
              -35.1161167,
              -8.590166
            ],
            [
              -35.1161307,
              -8.5899813
            ],
            [
              -35.1159322,
              -8.5896529
            ],
            [
              -35.1159019,
              -8.5896027
            ],
            [
              -35.1166456,
              -8.5891125
            ],
            [
              -35.1168371,
              -8.5886531
            ],
            [
              -35.1168426,
              -8.5886041
            ],
            [
              -35.1168783,
              -8.588288
            ],
            [
              -35.1173484,
              -8.5878958
            ],
            [
              -35.1179158,
              -8.5874317
            ],
            [
              -35.1187331,
              -8.5871016
            ],
            [
              -35.1190262,
              -8.5870865
            ],
            [
              -35.1192414,
              -8.587021
            ],
            [
              -35.1195018,
              -8.5867679
            ],
            [
              -35.1197613,
              -8.5864913
            ],
            [
              -35.1199597,
              -8.5862547
            ],
            [
              -35.1201719,
              -8.5860017
            ],
            [
              -35.1203289,
              -8.5858145
            ],
            [
              -35.1207622,
              -8.5864689
            ],
            [
              -35.1211054,
              -8.5869861
            ],
            [
              -35.1215515,
              -8.5872848
            ],
            [
              -35.1214977,
              -8.5875656
            ],
            [
              -35.1213506,
              -8.5878335
            ],
            [
              -35.1209723,
              -8.5879974
            ],
            [
              -35.1200897,
              -8.5881336
            ],
            [
              -35.1193262,
              -8.5881082
            ],
            [
              -35.1190192,
              -8.5882383
            ],
            [
              -35.1187367,
              -8.5884655
            ],
            [
              -35.1184866,
              -8.5886705
            ],
            [
              -35.118662,
              -8.5889563
            ],
            [
              -35.1186712,
              -8.5889713
            ],
            [
              -35.1186292,
              -8.5890331
            ],
            [
              -35.1185294,
              -8.58918
            ],
            [
              -35.1184706,
              -8.5893411
            ],
            [
              -35.1184093,
              -8.589509
            ],
            [
              -35.1182891,
              -8.5898807
            ],
            [
              -35.1182321,
              -8.5900056
            ],
            [
              -35.1181018,
              -8.5902285
            ],
            [
              -35.1180951,
              -8.59024
            ],
            [
              -35.1180932,
              -8.5902432
            ],
            [
              -35.1180684,
              -8.5902591
            ],
            [
              -35.1180215,
              -8.5902892
            ],
            [
              -35.1179754,
              -8.5903189
            ],
            [
              -35.1175913,
              -8.5905657
            ],
            [
              -35.1170385,
              -8.5909428
            ],
            [
              -35.1168973,
              -8.5910391
            ],
            [
              -35.1166989,
              -8.5911459
            ]
          ]
        ]
      }
    },
    {
      "type": "Feature",
      "id": "way/572500187",
      "properties": {
        "description": "Parque Capibaribe",
        "name": "Parque Capibaribe",
        "place": "suburb",
        "id": "way/572500187"
      },
      "geometry": {
        "type": "Polygon",
        "coordinates": [
          [
            [
              -35.0359776,
              -7.999341
            ],
            [
              -35.0369508,
              -7.9994962
            ],
            [
              -35.0378529,
              -7.9996401
            ],
            [
              -35.0407047,
              -8.0018041
            ],
            [
              -35.0423776,
              -8.0024468
            ],
            [
              -35.0426083,
              -8.0044174
            ],
            [
              -35.0431707,
              -8.0064238
            ],
            [
              -35.0432717,
              -8.0074734
            ],
            [
              -35.0424641,
              -8.0095512
            ],
            [
              -35.0421901,
              -8.0118146
            ],
            [
              -35.0416854,
              -8.0158702
            ],
            [
              -35.0413934,
              -8.0186021
            ],
            [
              -35.0380657,
              -8.0177623
            ],
            [
              -35.0372942,
              -8.0168983
            ],
            [
              -35.0370563,
              -8.0130641
            ],
            [
              -35.0358902,
              -8.0116558
            ],
            [
              -35.0348514,
              -8.0104013
            ],
            [
              -35.0338857,
              -8.009235
            ],
            [
              -35.0327228,
              -8.0078304
            ],
            [
              -35.0327345,
              -8.0075671
            ],
            [
              -35.0327794,
              -8.0065538
            ],
            [
              -35.0327903,
              -8.0063082
            ],
            [
              -35.0328156,
              -8.0054307
            ],
            [
              -35.0328566,
              -8.0040073
            ],
            [
              -35.0352698,
              -8.0017101
            ],
            [
              -35.0360828,
              -8.0012186
            ],
            [
              -35.0358347,
              -8.0006459
            ],
            [
              -35.0358882,
              -7.9994407
            ],
            [
              -35.0359776,
              -7.999341
            ]
          ]
        ]
      }
    },
    {
      "type": "Feature",
      "id": "way/572500228",
      "properties": {
        "admin_level": "10",
        "boundary": "administrative",
        "description": "Ajustar contorno à área onde predominam moradias vizinhas.",
        "name": "Rosina Labanca",
        "place": "suburb",
        "type": "boundary",
        "id": "way/572500228"
      },
      "geometry": {
        "type": "Polygon",
        "coordinates": [
          [
            [
              -35.0432602,
              -7.9853529
            ],
            [
              -35.0422424,
              -7.9865441
            ],
            [
              -35.0417279,
              -7.9873181
            ],
            [
              -35.0410297,
              -7.9867874
            ],
            [
              -35.0404065,
              -7.9875103
            ],
            [
              -35.0383567,
              -7.985894
            ],
            [
              -35.0362181,
              -7.9821213
            ],
            [
              -35.0369561,
              -7.9803465
            ],
            [
              -35.0395565,
              -7.9800855
            ],
            [
              -35.0434645,
              -7.9851084
            ],
            [
              -35.0432602,
              -7.9853529
            ]
          ]
        ]
      }
    },
    {
      "type": "Feature",
      "id": "way/575169279",
      "properties": {
        "addr:suburb": "Nova Morada",
        "name": "Nova Morada",
        "place": "suburb",
        "id": "way/575169279"
      },
      "geometry": {
        "type": "Polygon",
        "coordinates": [
          [
            [
              -34.9570619,
              -8.030386
            ],
            [
              -34.9551939,
              -8.0283405
            ],
            [
              -34.9534864,
              -8.02796
            ],
            [
              -34.9527375,
              -8.0276412
            ],
            [
              -34.9514735,
              -8.0274012
            ],
            [
              -34.9513732,
              -8.0273978
            ],
            [
              -34.95107,
              -8.0273876
            ],
            [
              -34.950611,
              -8.0273722
            ],
            [
              -34.949833,
              -8.0273461
            ],
            [
              -34.9467861,
              -8.0268063
            ],
            [
              -34.946988,
              -8.0249613
            ],
            [
              -34.9475813,
              -8.0245588
            ],
            [
              -34.95029,
              -8.0250117
            ],
            [
              -34.9511161,
              -8.0207343
            ],
            [
              -34.9514428,
              -8.0209495
            ],
            [
              -34.9519079,
              -8.0215908
            ],
            [
              -34.9521194,
              -8.0218824
            ],
            [
              -34.9529502,
              -8.0225269
            ],
            [
              -34.9545175,
              -8.0229722
            ],
            [
              -34.9554254,
              -8.022739
            ],
            [
              -34.9562642,
              -8.0265822
            ],
            [
              -34.956581,
              -8.0278372
            ],
            [
              -34.9565624,
              -8.0282364
            ],
            [
              -34.956516,
              -8.0288043
            ],
            [
              -34.9565406,
              -8.0290771
            ],
            [
              -34.9573234,
              -8.030235
            ],
            [
              -34.9570619,
              -8.030386
            ]
          ]
        ]
      }
    },
    {
      "type": "Feature",
      "id": "way/686480170",
      "properties": {
        "access": "private",
        "landuse": "residential",
        "place": "neighbourhood",
        "source": "Bing",
        "id": "way/686480170"
      },
      "geometry": {
        "type": "Polygon",
        "coordinates": [
          [
            [
              -40.4668454,
              -9.350373
            ],
            [
              -40.4622044,
              -9.3478236
            ],
            [
              -40.4595069,
              -9.3462258
            ],
            [
              -40.4617438,
              -9.3448548
            ],
            [
              -40.4627631,
              -9.3454424
            ],
            [
              -40.4635516,
              -9.3440873
            ],
            [
              -40.4647801,
              -9.3447807
            ],
            [
              -40.4648874,
              -9.3445902
            ],
            [
              -40.464705,
              -9.344479
            ],
            [
              -40.4647908,
              -9.3443096
            ],
            [
              -40.4656572,
              -9.3447754
            ],
            [
              -40.4709384,
              -9.3475755
            ],
            [
              -40.4693425,
              -9.3487771
            ],
            [
              -40.4688571,
              -9.3490682
            ],
            [
              -40.4686743,
              -9.3487397
            ],
            [
              -40.4681999,
              -9.3489809
            ],
            [
              -40.4681114,
              -9.3488512
            ],
            [
              -40.4677037,
              -9.3489968
            ],
            [
              -40.4669876,
              -9.3502433
            ],
            [
              -40.4668454,
              -9.350373
            ]
          ]
        ]
      }
    },
    {
      "type": "Feature",
      "id": "way/704952187",
      "properties": {
        "description": "Vila Frei Damião - Cabeça de Vaca",
        "fixme": "Ajustar contorno à área onde predominam moradias vizinhas. Melhorar nome após hífens: se nome alternativo bote em alt_name; remova se usado só pelo IBGE; se denotar várias vilas, quebre em áreas distintas ou bote o prefixo Vila em cada nome.",
        "name": "Estância",
        "place": "suburb",
        "id": "way/704952187"
      },
      "geometry": {
        "type": "Polygon",
        "coordinates": [
          [
            [
              -34.9345835,
              -8.0777588
            ],
            [
              -34.9344283,
              -8.0779834
            ],
            [
              -34.9342154,
              -8.0783847
            ],
            [
              -34.9340288,
              -8.0788005
            ],
            [
              -34.9338364,
              -8.0793317
            ],
            [
              -34.9337314,
              -8.0796492
            ],
            [
              -34.9335127,
              -8.0803854
            ],
            [
              -34.9327516,
              -8.0828134
            ],
            [
              -34.9320693,
              -8.0847044
            ],
            [
              -34.9319291,
              -8.0846478
            ],
            [
              -34.9317405,
              -8.0845254
            ],
            [
              -34.9288872,
              -8.0837259
            ],
            [
              -34.926955,
              -8.0831839
            ],
            [
              -34.9266024,
              -8.0830782
            ],
            [
              -34.9265537,
              -8.083068
            ],
            [
              -34.9266898,
              -8.0829604
            ],
            [
              -34.926907,
              -8.0828117
            ],
            [
              -34.9272323,
              -8.0825435
            ],
            [
              -34.927652,
              -8.0822195
            ],
            [
              -34.9278894,
              -8.0820788
            ],
            [
              -34.9280557,
              -8.0819009
            ],
            [
              -34.9281684,
              -8.0817508
            ],
            [
              -34.9283112,
              -8.0816121
            ],
            [
              -34.9284118,
              -8.0815032
            ],
            [
              -34.9284527,
              -8.0814268
            ],
            [
              -34.9284815,
              -8.0813186
            ],
            [
              -34.9285077,
              -8.0811201
            ],
            [
              -34.9285385,
              -8.0809369
            ],
            [
              -34.928627,
              -8.0807151
            ],
            [
              -34.9287598,
              -8.080439
            ],
            [
              -34.9288698,
              -8.0802398
            ],
            [
              -34.9290025,
              -8.0800566
            ],
            [
              -34.9291487,
              -8.0798176
            ],
            [
              -34.9292788,
              -8.0796675
            ],
            [
              -34.9295001,
              -8.0794232
            ],
            [
              -34.9296509,
              -8.0792513
            ],
            [
              -34.9297428,
              -8.0791424
            ],
            [
              -34.9298501,
              -8.0789976
            ],
            [
              -34.9299527,
              -8.0788695
            ],
            [
              -34.9300499,
              -8.0787972
            ],
            [
              -34.9301887,
              -8.0787387
            ],
            [
              -34.930357,
              -8.078683
            ],
            [
              -34.9306011,
              -8.0785907
            ],
            [
              -34.9308626,
              -8.0785017
            ],
            [
              -34.9310511,
              -8.0784659
            ],
            [
              -34.9312375,
              -8.0784373
            ],
            [
              -34.9315084,
              -8.078442
            ],
            [
              -34.9319788,
              -8.0785193
            ],
            [
              -34.9321661,
              -8.0785064
            ],
            [
              -34.9325446,
              -8.0783319
            ],
            [
              -34.9326708,
              -8.0782805
            ],
            [
              -34.9327524,
              -8.0782989
            ],
            [
              -34.9329973,
              -8.0784274
            ],
            [
              -34.9332032,
              -8.078444
            ],
            [
              -34.9333145,
              -8.0783834
            ],
            [
              -34.9334574,
              -8.0782419
            ],
            [
              -34.9336114,
              -8.0781997
            ],
            [
              -34.9339026,
              -8.0781923
            ],
            [
              -34.934077,
              -8.0781078
            ],
            [
              -34.9342588,
              -8.0778452
            ],
            [
              -34.934385,
              -8.0777184
            ],
            [
              -34.9344573,
              -8.0777056
            ],
            [
              -34.9345726,
              -8.0777542
            ],
            [
              -34.9345835,
              -8.0777588
            ]
          ]
        ]
      }
    },
    {
      "type": "Feature",
      "id": "way/707864644",
      "properties": {
        "name": "Loteamento Novo Horizonte",
        "place": "suburb",
        "id": "way/707864644"
      },
      "geometry": {
        "type": "Polygon",
        "coordinates": [
          [
            [
              -35.1151842,
              -8.6181049
            ],
            [
              -35.1149803,
              -8.6193566
            ],
            [
              -35.1148972,
              -8.6194945
            ],
            [
              -35.1147899,
              -8.6196245
            ],
            [
              -35.1142964,
              -8.6201946
            ],
            [
              -35.1141596,
              -8.6203882
            ],
            [
              -35.1137519,
              -8.6211175
            ],
            [
              -35.1135802,
              -8.6213694
            ],
            [
              -35.1128641,
              -8.6221146
            ],
            [
              -35.1123196,
              -8.6222021
            ],
            [
              -35.1123035,
              -8.6220563
            ],
            [
              -35.111295,
              -8.6222127
            ],
            [
              -35.1112628,
              -8.6222658
            ],
            [
              -35.1110026,
              -8.6225018
            ],
            [
              -35.1098412,
              -8.6230825
            ],
            [
              -35.1092806,
              -8.6228386
            ],
            [
              -35.1087522,
              -8.6230295
            ],
            [
              -35.1088273,
              -8.6233212
            ],
            [
              -35.1097017,
              -8.6242016
            ],
            [
              -35.1105627,
              -8.6250953
            ],
            [
              -35.110383,
              -8.6259731
            ],
            [
              -35.1104286,
              -8.6261667
            ],
            [
              -35.1105198,
              -8.6263656
            ],
            [
              -35.1106003,
              -8.6264372
            ],
            [
              -35.1107237,
              -8.6264743
            ],
            [
              -35.1108417,
              -8.6264716
            ],
            [
              -35.1109677,
              -8.6264504
            ],
            [
              -35.1111153,
              -8.6264133
            ],
            [
              -35.1114023,
              -8.6264982
            ],
            [
              -35.1117483,
              -8.6266042
            ],
            [
              -35.1119414,
              -8.6267872
            ],
            [
              -35.1120353,
              -8.626941
            ],
            [
              -35.112046,
              -8.6271479
            ],
            [
              -35.1120031,
              -8.6273521
            ],
            [
              -35.1119441,
              -8.6274847
            ],
            [
              -35.1118555,
              -8.6276119
            ],
            [
              -35.1117724,
              -8.6277048
            ],
            [
              -35.1116839,
              -8.6277737
            ],
            [
              -35.1115712,
              -8.6278082
            ],
            [
              -35.1113862,
              -8.6278586
            ],
            [
              -35.1111877,
              -8.6279275
            ],
            [
              -35.1111045,
              -8.6280071
            ],
            [
              -35.1110482,
              -8.6281078
            ],
            [
              -35.1109651,
              -8.6283253
            ],
            [
              -35.110906,
              -8.6284499
            ],
            [
              -35.1108095,
              -8.6285587
            ],
            [
              -35.1097178,
              -8.6279885
            ],
            [
              -35.1084357,
              -8.6267077
            ],
            [
              -35.1083606,
              -8.6264849
            ],
            [
              -35.108358,
              -8.6264286
            ],
            [
              -35.1083499,
              -8.6262489
            ],
            [
              -35.1084411,
              -8.6260235
            ],
            [
              -35.1084568,
              -8.6260057
            ],
            [
              -35.1087013,
              -8.6257291
            ],
            [
              -35.1086315,
              -8.6256443
            ],
            [
              -35.1083928,
              -8.6254851
            ],
            [
              -35.1082158,
              -8.625448
            ],
            [
              -35.1078322,
              -8.6254666
            ],
            [
              -35.1076901,
              -8.6254533
            ],
            [
              -35.1075747,
              -8.6255859
            ],
            [
              -35.1073038,
              -8.6271346
            ],
            [
              -35.1072234,
              -8.627482
            ],
            [
              -35.1071402,
              -8.6276305
            ],
            [
              -35.107049,
              -8.6276942
            ],
            [
              -35.1069015,
              -8.6277445
            ],
            [
              -35.1063704,
              -8.6276676
            ],
            [
              -35.1061559,
              -8.6276226
            ],
            [
              -35.1054156,
              -8.6270444
            ],
            [
              -35.10526,
              -8.6266864
            ],
            [
              -35.1051903,
              -8.6266705
            ],
            [
              -35.1051312,
              -8.6266917
            ],
            [
              -35.1047638,
              -8.6271426
            ],
            [
              -35.1047406,
              -8.6271229
            ],
            [
              -35.1043695,
              -8.6268084
            ],
            [
              -35.10515,
              -8.6259121
            ],
            [
              -35.1058018,
              -8.6264398
            ],
            [
              -35.1058635,
              -8.6261269
            ],
            [
              -35.105952,
              -8.625623
            ],
            [
              -35.1060432,
              -8.6251775
            ],
            [
              -35.1040908,
              -8.6247165
            ],
            [
              -35.1043622,
              -8.624352
            ],
            [
              -35.1052719,
              -8.6231302
            ],
            [
              -35.1064812,
              -8.6233582
            ],
            [
              -35.1071388,
              -8.6238887
            ],
            [
              -35.1082277,
              -8.6240478
            ],
            [
              -35.1083149,
              -8.6239895
            ],
            [
              -35.108343,
              -8.6239046
            ],
            [
              -35.1083189,
              -8.6237773
            ],
            [
              -35.1073412,
              -8.6219637
            ],
            [
              -35.1072073,
              -8.6219634
            ],
            [
              -35.1069712,
              -8.62151
            ],
            [
              -35.1073414,
              -8.6212156
            ],
            [
              -35.1075908,
              -8.6210379
            ],
            [
              -35.1078966,
              -8.6208629
            ],
            [
              -35.1083565,
              -8.6206693
            ],
            [
              -35.1089952,
              -8.6204008
            ],
            [
              -35.1091841,
              -8.6203484
            ],
            [
              -35.1094147,
              -8.6204174
            ],
            [
              -35.1096803,
              -8.6206136
            ],
            [
              -35.1097527,
              -8.6207754
            ],
            [
              -35.1107344,
              -8.6203405
            ],
            [
              -35.1109248,
              -8.6203193
            ],
            [
              -35.1114607,
              -8.6202326
            ],
            [
              -35.1121546,
              -8.6201204
            ],
            [
              -35.1130612,
              -8.6199573
            ],
            [
              -35.1129485,
              -8.619525
            ],
            [
              -35.1129646,
              -8.6194547
            ],
            [
              -35.1132677,
              -8.6192015
            ],
            [
              -35.1132503,
              -8.6191365
            ],
            [
              -35.1132624,
              -8.6189588
            ],
            [
              -35.1133455,
              -8.6186923
            ],
            [
              -35.1139101,
              -8.6179498
            ],
            [
              -35.1140804,
              -8.6181248
            ],
            [
              -35.1142159,
              -8.6181725
            ],
            [
              -35.1145364,
              -8.6182097
            ],
            [
              -35.1146558,
              -8.618203
            ],
            [
              -35.1149334,
              -8.6181102
            ],
            [
              -35.1151453,
              -8.6180996
            ],
            [
              -35.1151842,
              -8.6181049
            ]
          ]
        ]
      }
    },
    {
      "type": "Feature",
      "id": "way/722817938",
      "properties": {
        "name": "Loteamento Mar e Sol",
        "place": "suburb",
        "id": "way/722817938"
      },
      "geometry": {
        "type": "Polygon",
        "coordinates": [
          [
            [
              -35.0581181,
              -8.6152708
            ],
            [
              -35.0566911,
              -8.6163103
            ],
            [
              -35.0558435,
              -8.61517
            ],
            [
              -35.054025,
              -8.6130272
            ],
            [
              -35.0550114,
              -8.6123322
            ],
            [
              -35.0550836,
              -8.6124323
            ],
            [
              -35.0556945,
              -8.6119621
            ],
            [
              -35.056234,
              -8.6126623
            ],
            [
              -35.0563626,
              -8.6128212
            ],
            [
              -35.0564134,
              -8.612884
            ],
            [
              -35.0572439,
              -8.6139102
            ],
            [
              -35.058114,
              -8.6149853
            ],
            [
              -35.0581181,
              -8.6152708
            ]
          ]
        ]
      }
    },
    {
      "type": "Feature",
      "id": "way/722817939",
      "properties": {
        "name": "Loteamento das Acácias",
        "place": "suburb",
        "id": "way/722817939"
      },
      "geometry": {
        "type": "Polygon",
        "coordinates": [
          [
            [
              -35.0566911,
              -8.6163103
            ],
            [
              -35.0581181,
              -8.6152708
            ],
            [
              -35.058114,
              -8.6149853
            ],
            [
              -35.0584245,
              -8.614772
            ],
            [
              -35.0593723,
              -8.614121
            ],
            [
              -35.0603913,
              -8.6134212
            ],
            [
              -35.0604789,
              -8.6135473
            ],
            [
              -35.0605897,
              -8.6136651
            ],
            [
              -35.0607254,
              -8.6138288
            ],
            [
              -35.0611584,
              -8.6140497
            ],
            [
              -35.0612361,
              -8.6141902
            ],
            [
              -35.0612254,
              -8.6143891
            ],
            [
              -35.0612239,
              -8.6144103
            ],
            [
              -35.0612163,
              -8.6145219
            ],
            [
              -35.0612147,
              -8.6145456
            ],
            [
              -35.0612013,
              -8.6146676
            ],
            [
              -35.0608258,
              -8.6149805
            ],
            [
              -35.0606487,
              -8.6150017
            ],
            [
              -35.0604824,
              -8.6149619
            ],
            [
              -35.0603805,
              -8.6149725
            ],
            [
              -35.0600506,
              -8.6152298
            ],
            [
              -35.0593961,
              -8.6157469
            ],
            [
              -35.0595759,
              -8.6159538
            ],
            [
              -35.0595705,
              -8.6160068
            ],
            [
              -35.0593935,
              -8.6162985
            ],
            [
              -35.0591735,
              -8.6166459
            ],
            [
              -35.0591279,
              -8.6167069
            ],
            [
              -35.0591467,
              -8.6169509
            ],
            [
              -35.0591387,
              -8.6170914
            ],
            [
              -35.059077,
              -8.6173204
            ],
            [
              -35.0578848,
              -8.6178192
            ],
            [
              -35.0566911,
              -8.6163103
            ]
          ]
        ]
      }
    },
    {
      "type": "Feature",
      "id": "way/762099729",
      "properties": {
        "place": "suburb",
        "id": "way/762099729"
      },
      "geometry": {
        "type": "Polygon",
        "coordinates": [
          [
            [
              -35.0880284,
              -8.3237073
            ],
            [
              -35.0870795,
              -8.3215137
            ],
            [
              -35.0874624,
              -8.3193801
            ],
            [
              -35.0878876,
              -8.3183619
            ],
            [
              -35.0884421,
              -8.318118
            ],
            [
              -35.089257,
              -8.3180951
            ],
            [
              -35.0896113,
              -8.3182262
            ],
            [
              -35.0901505,
              -8.3186255
            ],
            [
              -35.0903292,
              -8.3189609
            ],
            [
              -35.0907327,
              -8.319276
            ],
            [
              -35.091168,
              -8.3194336
            ],
            [
              -35.0919749,
              -8.3195702
            ],
            [
              -35.0933285,
              -8.3199493
            ],
            [
              -35.0934894,
              -8.3202784
            ],
            [
              -35.0938435,
              -8.3209472
            ],
            [
              -35.094058,
              -8.3219875
            ],
            [
              -35.0937576,
              -8.3229642
            ],
            [
              -35.0934894,
              -8.324737
            ],
            [
              -35.092202,
              -8.3252678
            ],
            [
              -35.0906248,
              -8.3247052
            ],
            [
              -35.0880284,
              -8.3237073
            ]
          ]
        ]
      }
    },
    {
      "type": "Feature",
      "id": "way/771961285",
      "properties": {
        "admin_level": "10",
        "boundary": "administrative",
        "name": "Paratibe",
        "place": "suburb",
        "type": "boundary",
        "id": "way/771961285"
      },
      "geometry": {
        "type": "Polygon",
        "coordinates": [
          [
            [
              -34.961055,
              -7.9155841
            ],
            [
              -34.9614014,
              -7.9152354
            ],
            [
              -34.961687,
              -7.9150095
            ],
            [
              -34.9619937,
              -7.9149059
            ],
            [
              -34.962239,
              -7.9148027
            ],
            [
              -34.9626284,
              -7.9148825
            ],
            [
              -34.9630797,
              -7.9150438
            ],
            [
              -34.9635936,
              -7.9154701
            ],
            [
              -34.9640657,
              -7.9157128
            ],
            [
              -34.9645583,
              -7.9159555
            ],
            [
              -34.9652759,
              -7.9161359
            ],
            [
              -34.9661047,
              -7.9163676
            ],
            [
              -34.9669953,
              -7.9164268
            ],
            [
              -34.9677203,
              -7.9164109
            ],
            [
              -34.9680941,
              -7.9163854
            ],
            [
              -34.9691205,
              -7.9163964
            ],
            [
              -34.9704095,
              -7.9164181
            ],
            [
              -34.9713092,
              -7.9165566
            ],
            [
              -34.9724358,
              -7.9167298
            ],
            [
              -34.9733833,
              -7.916876
            ],
            [
              -34.9746851,
              -7.9170761
            ],
            [
              -34.975955,
              -7.9172723
            ],
            [
              -34.9772329,
              -7.9174686
            ],
            [
              -34.9790442,
              -7.9177376
            ],
            [
              -34.9801907,
              -7.9179067
            ],
            [
              -34.9815163,
              -7.9181027
            ],
            [
              -34.9818895,
              -7.9181601
            ],
            [
              -34.9819662,
              -7.9181719
            ],
            [
              -34.9832846,
              -7.9183805
            ],
            [
              -34.983475,
              -7.9184106
            ],
            [
              -34.9847838,
              -7.9185925
            ],
            [
              -34.985131,
              -7.9186407
            ],
            [
              -34.9858356,
              -7.9187365
            ],
            [
              -34.9867033,
              -7.9188316
            ],
            [
              -34.9869379,
              -7.9188265
            ],
            [
              -34.9875067,
              -7.9188
            ],
            [
              -34.9883895,
              -7.9187244
            ],
            [
              -34.9890694,
              -7.9186696
            ],
            [
              -34.9891656,
              -7.9186612
            ],
            [
              -34.9904691,
              -7.9185479
            ],
            [
              -34.9912883,
              -7.9184765
            ],
            [
              -34.991841,
              -7.9184223
            ],
            [
              -34.9928032,
              -7.9183344
            ],
            [
              -34.9934275,
              -7.9182799
            ],
            [
              -34.9938331,
              -7.9182502
            ],
            [
              -34.994354,
              -7.9181961
            ],
            [
              -34.9945369,
              -7.9181873
            ],
            [
              -34.9949783,
              -7.9181416
            ],
            [
              -34.9952885,
              -7.9181163
            ],
            [
              -34.996004,
              -7.9180137
            ],
            [
              -34.9962555,
              -7.9179824
            ],
            [
              -34.9972647,
              -7.9178608
            ],
            [
              -34.9973555,
              -7.9178498
            ],
            [
              -34.9976421,
              -7.9178274
            ],
            [
              -34.9986282,
              -7.9177513
            ],
            [
              -35.0000513,
              -7.9175184
            ],
            [
              -35.0003414,
              -7.9174764
            ],
            [
              -35.0011007,
              -7.9173666
            ],
            [
              -35.001526,
              -7.9173135
            ],
            [
              -35.0020906,
              -7.9172429
            ],
            [
              -35.0028778,
              -7.9171479
            ],
            [
              -35.0055064,
              -7.9169647
            ],
            [
              -35.0063313,
              -7.9169051
            ],
            [
              -35.0087394,
              -7.916731
            ],
            [
              -35.0110379,
              -7.9165692
            ],
            [
              -35.0127909,
              -7.916299
            ],
            [
              -35.0150893,
              -7.9161213
            ],
            [
              -35.0156898,
              -7.9160827
            ],
            [
              -35.0181475,
              -7.91594
            ],
            [
              -35.0192969,
              -7.9158987
            ],
            [
              -35.020033,
              -7.9159388
            ],
            [
              -35.0208256,
              -7.9161372
            ],
            [
              -35.021468,
              -7.9165386
            ],
            [
              -35.0218674,
              -7.9168698
            ],
            [
              -35.0226525,
              -7.917645
            ],
            [
              -35.0228387,
              -7.9178289
            ],
            [
              -35.0236184,
              -7.9186382
            ],
            [
              -35.0238784,
              -7.9189225
            ],
            [
              -35.0251904,
              -7.9204034
            ],
            [
              -35.0256024,
              -7.9208694
            ],
            [
              -35.0260438,
              -7.9216525
            ],
            [
              -35.0261,
              -7.9225684
            ],
            [
              -35.0260925,
              -7.9226716
            ],
            [
              -35.0260233,
              -7.9236505
            ],
            [
              -35.0258479,
              -7.9246987
            ],
            [
              -35.0258606,
              -7.9253415
            ],
            [
              -35.0261864,
              -7.9260396
            ],
            [
              -35.0269958,
              -7.9264788
            ],
            [
              -35.0276888,
              -7.9268549
            ],
            [
              -35.0286198,
              -7.9272002
            ],
            [
              -35.0295043,
              -7.9277159
            ],
            [
              -35.0301178,
              -7.9281006
            ],
            [
              -35.0304858,
              -7.9286755
            ],
            [
              -35.0307749,
              -7.9293016
            ],
            [
              -35.0309051,
              -7.9296286
            ],
            [
              -35.0290797,
              -7.9337004
            ],
            [
              -35.0274587,
              -7.9329692
            ],
            [
              -35.0265958,
              -7.9325799
            ],
            [
              -35.0262147,
              -7.932408
            ],
            [
              -35.0258635,
              -7.9322496
            ],
            [
              -35.0256324,
              -7.9321475
            ],
            [
              -35.0253726,
              -7.9321401
            ],
            [
              -35.0252275,
              -7.9321525
            ],
            [
              -35.0250525,
              -7.9321848
            ],
            [
              -35.0248278,
              -7.9322895
            ],
            [
              -35.0246028,
              -7.9323079
            ],
            [
              -35.0244055,
              -7.9323399
            ],
            [
              -35.0240764,
              -7.9323512
            ],
            [
              -35.0238632,
              -7.9323184
            ],
            [
              -35.0234527,
              -7.9321991
            ],
            [
              -35.0233834,
              -7.9322001
            ],
            [
              -35.0231504,
              -7.9320854
            ],
            [
              -35.0228162,
              -7.9320436
            ],
            [
              -35.0227244,
              -7.9320778
            ],
            [
              -35.0223399,
              -7.9323128
            ],
            [
              -35.0219864,
              -7.9325288
            ],
            [
              -35.0217928,
              -7.932647
            ],
            [
              -35.0214738,
              -7.9327499
            ],
            [
              -35.021212,
              -7.9326595
            ],
            [
              -35.020964,
              -7.9324435
            ],
            [
              -35.0208953,
              -7.932363
            ],
            [
              -35.0208518,
              -7.932251
            ],
            [
              -35.0206326,
              -7.9319866
            ],
            [
              -35.0205161,
              -7.9319244
            ],
            [
              -35.0203851,
              -7.9318672
            ],
            [
              -35.0202688,
              -7.9318339
            ],
            [
              -35.0200267,
              -7.9318158
            ],
            [
              -35.0199345,
              -7.9317728
            ],
            [
              -35.0198468,
              -7.9316671
            ],
            [
              -35.0197302,
              -7.9315759
            ],
            [
              -35.0196755,
              -7.9312721
            ],
            [
              -35.0196312,
              -7.9311227
            ],
            [
              -35.0195482,
              -7.9309783
            ],
            [
              -35.0194736,
              -7.9307443
            ],
            [
              -35.0192308,
              -7.9304248
            ],
            [
              -35.0191431,
              -7.9303046
            ],
            [
              -35.0190704,
              -7.9302905
            ],
            [
              -35.0188907,
              -7.9301852
            ],
            [
              -35.0186374,
              -7.9298582
            ],
            [
              -35.0184436,
              -7.9297416
            ],
            [
              -35.0182896,
              -7.9295865
            ],
            [
              -35.0180554,
              -7.9293506
            ],
            [
              -35.0178654,
              -7.9291687
            ],
            [
              -35.0177311,
              -7.9290402
            ],
            [
              -35.017528,
              -7.9288165
            ],
            [
              -35.0173096,
              -7.928576
            ],
            [
              -35.0170812,
              -7.9283937
            ],
            [
              -35.0170132,
              -7.9283506
            ],
            [
              -35.0167161,
              -7.9279949
            ],
            [
              -35.0166819,
              -7.9279226
            ],
            [
              -35.0166521,
              -7.9277635
            ],
            [
              -35.0166271,
              -7.9276092
            ],
            [
              -35.0166074,
              -7.9275272
            ],
            [
              -35.016504,
              -7.9273504
            ],
            [
              -35.0163682,
              -7.9271181
            ],
            [
              -35.0162753,
              -7.9269448
            ],
            [
              -35.0162166,
              -7.9268196
            ],
            [
              -35.0161677,
              -7.9267089
            ],
            [
              -35.0161761,
              -7.926453
            ],
            [
              -35.016079,
              -7.9263811
            ],
            [
              -35.0159578,
              -7.9263624
            ],
            [
              -35.0159136,
              -7.9262323
            ],
            [
              -35.0159032,
              -7.9260731
            ],
            [
              -35.015835,
              -7.9259962
            ],
            [
              -35.0156799,
              -7.925939
            ],
            [
              -35.0154763,
              -7.9258869
            ],
            [
              -35.0153404,
              -7.92582
            ],
            [
              -35.0152436,
              -7.9258156
            ],
            [
              -35.0149963,
              -7.9257396
            ],
            [
              -35.0147486,
              -7.9255815
            ],
            [
              -35.0144625,
              -7.9254767
            ],
            [
              -35.0140511,
              -7.925498
            ],
            [
              -35.0139058,
              -7.9254649
            ],
            [
              -35.013702,
              -7.925379
            ],
            [
              -35.0133872,
              -7.9253516
            ],
            [
              -35.0132911,
              -7.92537
            ],
            [
              -35.0128642,
              -7.9253059
            ],
            [
              -35.0126951,
              -7.9253743
            ],
            [
              -35.012545,
              -7.9253653
            ],
            [
              -35.0123898,
              -7.9253178
            ],
            [
              -35.0122735,
              -7.9252894
            ],
            [
              -35.012104,
              -7.9252758
            ],
            [
              -35.0117955,
              -7.9253189
            ],
            [
              -35.0116592,
              -7.9253841
            ],
            [
              -35.0112911,
              -7.9253521
            ],
            [
              -35.0110006,
              -7.9253438
            ],
            [
              -35.0108313,
              -7.925364
            ],
            [
              -35.0105607,
              -7.9254714
            ],
            [
              -35.0101697,
              -7.9257002
            ],
            [
              -35.0100438,
              -7.9257008
            ],
            [
              -35.009913,
              -7.9256869
            ],
            [
              -35.0097771,
              -7.9256055
            ],
            [
              -35.0096608,
              -7.9255868
            ],
            [
              -35.0095495,
              -7.925581
            ],
            [
              -35.009506,
              -7.9256068
            ],
            [
              -35.0091708,
              -7.9253623
            ],
            [
              -35.0090251,
              -7.9252617
            ],
            [
              -35.0088007,
              -7.9249152
            ],
            [
              -35.0087081,
              -7.9247902
            ],
            [
              -35.0085395,
              -7.9249551
            ],
            [
              -35.0084145,
              -7.9251391
            ],
            [
              -35.0083033,
              -7.9251686
            ],
            [
              -35.0082116,
              -7.9252125
            ],
            [
              -35.0079067,
              -7.9252429
            ],
            [
              -35.0076113,
              -7.9252154
            ],
            [
              -35.0072578,
              -7.9252026
            ],
            [
              -35.0071177,
              -7.9252564
            ],
            [
              -35.0068282,
              -7.925446
            ],
            [
              -35.0066497,
              -7.9255868
            ],
            [
              -35.0065101,
              -7.9257323
            ],
            [
              -35.0062786,
              -7.9259265
            ],
            [
              -35.006052,
              -7.9261206
            ],
            [
              -35.0059159,
              -7.9260054
            ],
            [
              -35.0056157,
              -7.9259924
            ],
            [
              -35.005427,
              -7.9260126
            ],
            [
              -35.0052087,
              -7.9259027
            ],
            [
              -35.0048817,
              -7.9259999
            ],
            [
              -35.0046621,
              -7.9259922
            ],
            [
              -35.0044489,
              -7.9259642
            ],
            [
              -35.004391,
              -7.9259935
            ],
            [
              -35.0042527,
              -7.9260651
            ],
            [
              -35.0041634,
              -7.9259801
            ],
            [
              -35.0040933,
              -7.9260273
            ],
            [
              -35.0038402,
              -7.9262181
            ],
            [
              -35.0036709,
              -7.9262479
            ],
            [
              -35.0035598,
              -7.9262919
            ],
            [
              -35.0034538,
              -7.9264034
            ],
            [
              -35.0033679,
              -7.9264608
            ],
            [
              -35.0031259,
              -7.9266801
            ],
            [
              -35.002855,
              -7.9267007
            ],
            [
              -35.0026379,
              -7.9268658
            ],
            [
              -35.0025032,
              -7.9270354
            ],
            [
              -35.0023103,
              -7.9271908
            ],
            [
              -35.002054,
              -7.9272596
            ],
            [
              -35.0019233,
              -7.9272506
            ],
            [
              -35.001677,
              -7.9273821
            ],
            [
              -35.0015019,
              -7.9276469
            ],
            [
              -35.0013882,
              -7.9277213
            ],
            [
              -35.0012286,
              -7.9277414
            ],
            [
              -35.0009822,
              -7.9278439
            ],
            [
              -35.0008957,
              -7.9279843
            ],
            [
              -35.0008721,
              -7.9281147
            ],
            [
              -35.0007774,
              -7.9282752
            ],
            [
              -35.0007721,
              -7.9284434
            ],
            [
              -35.0008016,
              -7.9285446
            ],
            [
              -35.0007826,
              -7.9286268
            ],
            [
              -35.0007105,
              -7.9287285
            ],
            [
              -35.0005611,
              -7.9288691
            ],
            [
              -35.0004261,
              -7.928976
            ],
            [
              -35.0003056,
              -7.9290876
            ],
            [
              -35.0001755,
              -7.9292088
            ],
            [
              -35.0000673,
              -7.929283
            ],
            [
              -34.9999299,
              -7.9294803
            ],
            [
              -34.9999163,
              -7.9295403
            ],
            [
              -34.9998872,
              -7.9296687
            ],
            [
              -34.999878,
              -7.9297653
            ],
            [
              -34.9998736,
              -7.929857
            ],
            [
              -34.9998011,
              -7.9298815
            ],
            [
              -34.9994478,
              -7.9299073
            ],
            [
              -34.9992636,
              -7.9298503
            ],
            [
              -34.9991814,
              -7.929832
            ],
            [
              -34.9990947,
              -7.9298349
            ],
            [
              -34.9990312,
              -7.929837
            ],
            [
              -34.9989396,
              -7.9299243
            ],
            [
              -34.9988141,
              -7.9300021
            ],
            [
              -34.9985769,
              -7.9299888
            ],
            [
              -34.9984191,
              -7.9300812
            ],
            [
              -34.9983693,
              -7.9301104
            ],
            [
              -34.9983745,
              -7.9301924
            ],
            [
              -34.9983222,
              -7.9303809
            ],
            [
              -34.9977267,
              -7.9303838
            ],
            [
              -34.9976345,
              -7.9303408
            ],
            [
              -34.9975374,
              -7.9302688
            ],
            [
              -34.9974212,
              -7.9302646
            ],
            [
              -34.99726,
              -7.9303155
            ],
            [
              -34.9971541,
              -7.9304808
            ],
            [
              -34.9970502,
              -7.9306428
            ],
            [
              -34.9969774,
              -7.9307882
            ],
            [
              -34.996932,
              -7.9308786
            ],
            [
              -34.9968371,
              -7.9309525
            ],
            [
              -34.9967808,
              -7.9309964
            ],
            [
              -34.9966843,
              -7.9310597
            ],
            [
              -34.9964865,
              -7.9311909
            ],
            [
              -34.9964181,
              -7.9312546
            ],
            [
              -34.9962937,
              -7.9313704
            ],
            [
              -34.9962265,
              -7.9314818
            ],
            [
              -34.9961838,
              -7.931675
            ],
            [
              -34.9962101,
              -7.9318801
            ],
            [
              -34.996219,
              -7.93195
            ],
            [
              -34.9962342,
              -7.9320754
            ],
            [
              -34.9963318,
              -7.9322535
            ],
            [
              -34.9963615,
              -7.9323885
            ],
            [
              -34.9964346,
              -7.932475
            ],
            [
              -34.9963279,
              -7.9326457
            ],
            [
              -34.9962712,
              -7.9327364
            ],
            [
              -34.9961414,
              -7.9329108
            ],
            [
              -34.995939,
              -7.9331096
            ],
            [
              -34.9958671,
              -7.9332057
            ],
            [
              -34.9957609,
              -7.9333277
            ],
            [
              -34.9955048,
              -7.9334255
            ],
            [
              -34.9953985,
              -7.9334597
            ],
            [
              -34.9953545,
              -7.9333731
            ],
            [
              -34.9952479,
              -7.9333495
            ],
            [
              -34.9951753,
              -7.9333546
            ],
            [
              -34.9950787,
              -7.9333937
            ],
            [
              -34.9950158,
              -7.9333988
            ],
            [
              -34.994866,
              -7.9334623
            ],
            [
              -34.994648,
              -7.9334392
            ],
            [
              -34.9945125,
              -7.9334399
            ],
            [
              -34.9943961,
              -7.9333922
            ],
            [
              -34.9943098,
              -7.9333517
            ],
            [
              -34.9942409,
              -7.9333398
            ],
            [
              -34.994115,
              -7.9332942
            ],
            [
              -34.9940566,
              -7.9332731
            ],
            [
              -34.9939655,
              -7.9331905
            ],
            [
              -34.9938865,
              -7.9331291
            ],
            [
              -34.9937653,
              -7.9330911
            ],
            [
              -34.9936628,
              -7.9330718
            ],
            [
              -34.9935809,
              -7.9330563
            ],
            [
              -34.993494,
              -7.9330634
            ],
            [
              -34.9933539,
              -7.9331269
            ],
            [
              -34.9932576,
              -7.9332287
            ],
            [
              -34.9931853,
              -7.9332966
            ],
            [
              -34.992982,
              -7.9332879
            ],
            [
              -34.9929334,
              -7.933264
            ],
            [
              -34.9927243,
              -7.9333583
            ],
            [
              -34.9926194,
              -7.9334055
            ],
            [
              -34.9926012,
              -7.9336372
            ],
            [
              -34.9926322,
              -7.9336919
            ],
            [
              -34.9926313,
              -7.933768
            ],
            [
              -34.9926406,
              -7.9340808
            ],
            [
              -34.9926423,
              -7.934139
            ],
            [
              -34.9926225,
              -7.9342597
            ],
            [
              -34.9926243,
              -7.9344094
            ],
            [
              -34.9925712,
              -7.9344386
            ],
            [
              -34.9924437,
              -7.93441
            ],
            [
              -34.9920385,
              -7.9344074
            ],
            [
              -34.9919916,
              -7.9344964
            ],
            [
              -34.9919463,
              -7.9345995
            ],
            [
              -34.9918795,
              -7.9347426
            ],
            [
              -34.9917407,
              -7.9348092
            ],
            [
              -34.9916671,
              -7.9348095
            ],
            [
              -34.9915802,
              -7.9348212
            ],
            [
              -34.9915207,
              -7.9348291
            ],
            [
              -34.9914218,
              -7.9348797
            ],
            [
              -34.9913786,
              -7.9349649
            ],
            [
              -34.9913296,
              -7.9350086
            ],
            [
              -34.9913513,
              -7.9351898
            ],
            [
              -34.9913517,
              -7.9352766
            ],
            [
              -34.9913977,
              -7.9353897
            ],
            [
              -34.9913968,
              -7.9355975
            ],
            [
              -34.9914406,
              -7.9356388
            ],
            [
              -34.9914847,
              -7.9357557
            ],
            [
              -34.991468,
              -7.9358876
            ],
            [
              -34.9914592,
              -7.9359579
            ],
            [
              -34.9913876,
              -7.9360489
            ],
            [
              -34.9913671,
              -7.936117
            ],
            [
              -34.9913245,
              -7.9362053
            ],
            [
              -34.9912352,
              -7.9362687
            ],
            [
              -34.9911477,
              -7.9363252
            ],
            [
              -34.9910936,
              -7.93636
            ],
            [
              -34.9909798,
              -7.9363341
            ],
            [
              -34.9909136,
              -7.9363609
            ],
            [
              -34.9907357,
              -7.9363787
            ],
            [
              -34.9906866,
              -7.9364262
            ],
            [
              -34.9906889,
              -7.9364942
            ],
            [
              -34.9906629,
              -7.9366038
            ],
            [
              -34.9907074,
              -7.9367391
            ],
            [
              -34.9907549,
              -7.9368281
            ],
            [
              -34.9907761,
              -7.9369017
            ],
            [
              -34.9907752,
              -7.937117
            ],
            [
              -34.9907491,
              -7.9371964
            ],
            [
              -34.9907212,
              -7.9372857
            ],
            [
              -34.9907024,
              -7.9373459
            ],
            [
              -34.9907254,
              -7.9373892
            ],
            [
              -34.9907257,
              -7.9374591
            ],
            [
              -34.9907584,
              -7.937559
            ],
            [
              -34.9907703,
              -7.9376262
            ],
            [
              -34.9908102,
              -7.9377004
            ],
            [
              -34.990838,
              -7.9377962
            ],
            [
              -34.9908584,
              -7.9378664
            ],
            [
              -34.9908322,
              -7.9379288
            ],
            [
              -34.9908348,
              -7.9380799
            ],
            [
              -34.9908107,
              -7.938199
            ],
            [
              -34.990808,
              -7.9384105
            ],
            [
              -34.9907873,
              -7.9384522
            ],
            [
              -34.9906757,
              -7.9384735
            ],
            [
              -34.9905788,
              -7.9384286
            ],
            [
              -34.9905555,
              -7.9386969
            ],
            [
              -34.9904689,
              -7.9388106
            ],
            [
              -34.9904049,
              -7.9388212
            ],
            [
              -34.9903312,
              -7.9388333
            ],
            [
              -34.9902871,
              -7.9388115
            ],
            [
              -34.9902401,
              -7.9388948
            ],
            [
              -34.9902587,
              -7.939212
            ],
            [
              -34.9902152,
              -7.9392387
            ],
            [
              -34.9901109,
              -7.9392146
            ],
            [
              -34.9900567,
              -7.9391109
            ],
            [
              -34.9900153,
              -7.9390319
            ],
            [
              -34.9899244,
              -7.9390304
            ],
            [
              -34.9899014,
              -7.9389776
            ],
            [
              -34.9898717,
              -7.9389281
            ],
            [
              -34.9898403,
              -7.938876
            ],
            [
              -34.9897683,
              -7.9388725
            ],
            [
              -34.9896915,
              -7.9388518
            ],
            [
              -34.9895863,
              -7.9388488
            ],
            [
              -34.9894221,
              -7.9388712
            ],
            [
              -34.989361,
              -7.9388688
            ],
            [
              -34.9892677,
              -7.9388945
            ],
            [
              -34.9892002,
              -7.938913
            ],
            [
              -34.9890715,
              -7.9389306
            ],
            [
              -34.9890014,
              -7.9389328
            ],
            [
              -34.9889048,
              -7.9389352
            ],
            [
              -34.9888424,
              -7.9389544
            ],
            [
              -34.9887286,
              -7.9389342
            ],
            [
              -34.9886811,
              -7.9389098
            ],
            [
              -34.9886067,
              -7.9389081
            ],
            [
              -34.988526,
              -7.9389521
            ],
            [
              -34.9884392,
              -7.9390224
            ],
            [
              -34.9883919,
              -7.9390396
            ],
            [
              -34.9883448,
              -7.9390871
            ],
            [
              -34.9882352,
              -7.939148
            ],
            [
              -34.988181,
              -7.939196
            ],
            [
              -34.9881412,
              -7.9392882
            ],
            [
              -34.9879807,
              -7.9394004
            ],
            [
              -34.9879813,
              -7.9395345
            ],
            [
              -34.9878906,
              -7.9395746
            ],
            [
              -34.9877983,
              -7.9396884
            ],
            [
              -34.9877313,
              -7.9395987
            ],
            [
              -34.9876404,
              -7.9395531
            ],
            [
              -34.9875969,
              -7.9395552
            ],
            [
              -34.9875953,
              -7.9396176
            ],
            [
              -34.9876165,
              -7.9397006
            ],
            [
              -34.9876303,
              -7.9397988
            ],
            [
              -34.9876401,
              -7.9398685
            ],
            [
              -34.9876404,
              -7.9399384
            ],
            [
              -34.9876732,
              -7.9400535
            ],
            [
              -34.9877078,
              -7.9401702
            ],
            [
              -34.9877252,
              -7.9402289
            ],
            [
              -34.9877255,
              -7.9403044
            ],
            [
              -34.9877013,
              -7.9403895
            ],
            [
              -34.9876375,
              -7.9405182
            ],
            [
              -34.9875847,
              -7.9405714
            ],
            [
              -34.987471,
              -7.9406841
            ],
            [
              -34.9874056,
              -7.940746
            ],
            [
              -34.9872979,
              -7.9408088
            ],
            [
              -34.9871978,
              -7.9408565
            ],
            [
              -34.9871374,
              -7.9408545
            ],
            [
              -34.9870215,
              -7.9408347
            ],
            [
              -34.986974,
              -7.9408066
            ],
            [
              -34.9868892,
              -7.9407833
            ],
            [
              -34.9868184,
              -7.9407639
            ],
            [
              -34.9867521,
              -7.9407642
            ],
            [
              -34.9865358,
              -7.9408879
            ],
            [
              -34.9865029,
              -7.9409067
            ],
            [
              -34.9864423,
              -7.9409413
            ],
            [
              -34.9863231,
              -7.9409608
            ],
            [
              -34.9862533,
              -7.9410291
            ],
            [
              -34.9862062,
              -7.9410746
            ],
            [
              -34.9860736,
              -7.9410734
            ],
            [
              -34.9859614,
              -7.9409833
            ],
            [
              -34.9858928,
              -7.9409137
            ],
            [
              -34.985844,
              -7.9408688
            ],
            [
              -34.9858016,
              -7.9408443
            ],
            [
              -34.9856879,
              -7.9408448
            ],
            [
              -34.9854625,
              -7.940844
            ],
            [
              -34.9854173,
              -7.9408665
            ],
            [
              -34.9853507,
              -7.9408408
            ],
            [
              -34.9852143,
              -7.9408414
            ],
            [
              -34.9851747,
              -7.940885
            ],
            [
              -34.9850838,
              -7.9408855
            ],
            [
              -34.9849904,
              -7.9407688
            ],
            [
              -34.9848785,
              -7.9407509
            ],
            [
              -34.9847925,
              -7.9407245
            ],
            [
              -34.9847135,
              -7.9407003
            ],
            [
              -34.9846349,
              -7.9406463
            ],
            [
              -34.9845824,
              -7.9406102
            ],
            [
              -34.9845629,
              -7.940497
            ],
            [
              -34.9846993,
              -7.9405002
            ],
            [
              -34.9847926,
              -7.9405307
            ],
            [
              -34.984853,
              -7.9405504
            ],
            [
              -34.9849317,
              -7.940496
            ],
            [
              -34.9849735,
              -7.9404082
            ],
            [
              -34.9849732,
              -7.9403367
            ],
            [
              -34.9849289,
              -7.9401874
            ],
            [
              -34.9849323,
              -7.9400987
            ],
            [
              -34.9849073,
              -7.9400308
            ],
            [
              -34.9849051,
              -7.9399609
            ],
            [
              -34.9848706,
              -7.9398845
            ],
            [
              -34.9848438,
              -7.9398252
            ],
            [
              -34.9847962,
              -7.9397782
            ],
            [
              -34.9847175,
              -7.939653
            ],
            [
              -34.9846805,
              -7.9395942
            ],
            [
              -34.9846644,
              -7.9395522
            ],
            [
              -34.9844617,
              -7.9395532
            ],
            [
              -34.9843695,
              -7.9396632
            ],
            [
              -34.9841842,
              -7.9397528
            ],
            [
              -34.984046,
              -7.9397544
            ],
            [
              -34.9839715,
              -7.939792
            ],
            [
              -34.9839193,
              -7.9398183
            ],
            [
              -34.9838508,
              -7.9397507
            ],
            [
              -34.9837996,
              -7.9397282
            ],
            [
              -34.9836901,
              -7.9398137
            ],
            [
              -34.983713,
              -7.93987
            ],
            [
              -34.9837361,
              -7.9399268
            ],
            [
              -34.9837798,
              -7.9399512
            ],
            [
              -34.9838066,
              -7.940002
            ],
            [
              -34.9838921,
              -7.9400659
            ],
            [
              -34.9839362,
              -7.9401771
            ],
            [
              -34.9839156,
              -7.9402263
            ],
            [
              -34.9838021,
              -7.9402457
            ],
            [
              -34.9837212,
              -7.9401889
            ],
            [
              -34.9836443,
              -7.940135
            ],
            [
              -34.983578,
              -7.9401297
            ],
            [
              -34.9834644,
              -7.9401548
            ],
            [
              -34.9834377,
              -7.9401039
            ],
            [
              -34.9833993,
              -7.9399964
            ],
            [
              -34.9833043,
              -7.9399516
            ],
            [
              -34.9832155,
              -7.9399935
            ],
            [
              -34.9831235,
              -7.9401696
            ],
            [
              -34.9831219,
              -7.9402376
            ],
            [
              -34.9830351,
              -7.9403079
            ],
            [
              -34.982967,
              -7.9403073
            ],
            [
              -34.982895,
              -7.9403067
            ],
            [
              -34.9827221,
              -7.9402187
            ],
            [
              -34.9826236,
              -7.9402135
            ],
            [
              -34.9825741,
              -7.9401628
            ],
            [
              -34.9824144,
              -7.9400483
            ],
            [
              -34.9823115,
              -7.9399185
            ],
            [
              -34.9822437,
              -7.9400019
            ],
            [
              -34.9822444,
              -7.9401417
            ],
            [
              -34.9821991,
              -7.9401684
            ],
            [
              -34.9820887,
              -7.9400744
            ],
            [
              -34.981975,
              -7.9400504
            ],
            [
              -34.9818842,
              -7.9400905
            ],
            [
              -34.9818392,
              -7.9401814
            ],
            [
              -34.9818414,
              -7.9402494
            ],
            [
              -34.9818151,
              -7.9402948
            ],
            [
              -34.9818155,
              -7.9403647
            ],
            [
              -34.9817003,
              -7.940454
            ],
            [
              -34.9815871,
              -7.9405452
            ],
            [
              -34.9814978,
              -7.9404984
            ],
            [
              -34.9812782,
              -7.9406028
            ],
            [
              -34.9811785,
              -7.9406567
            ],
            [
              -34.9810895,
              -7.9406779
            ],
            [
              -34.9810765,
              -7.9407496
            ],
            [
              -34.9810655,
              -7.9408102
            ],
            [
              -34.9810399,
              -7.9409935
            ],
            [
              -34.9810377,
              -7.9414179
            ],
            [
              -34.9809444,
              -7.9414933
            ],
            [
              -34.9808989,
              -7.94153
            ],
            [
              -34.9807101,
              -7.9415108
            ],
            [
              -34.9806516,
              -7.9415049
            ],
            [
              -34.9805622,
              -7.9415087
            ],
            [
              -34.9804764,
              -7.9414611
            ],
            [
              -34.980403,
              -7.9414563
            ],
            [
              -34.9802768,
              -7.9414012
            ],
            [
              -34.9802236,
              -7.9413488
            ],
            [
              -34.9801095,
              -7.9412966
            ],
            [
              -34.9800369,
              -7.941306
            ],
            [
              -34.9799791,
              -7.9412688
            ],
            [
              -34.9797675,
              -7.9412536
            ],
            [
              -34.9796006,
              -7.94123
            ],
            [
              -34.9795151,
              -7.9412223
            ],
            [
              -34.9794249,
              -7.9411964
            ],
            [
              -34.9792949,
              -7.9411139
            ],
            [
              -34.9792784,
              -7.9410612
            ],
            [
              -34.9792129,
              -7.9409845
            ],
            [
              -34.9791185,
              -7.9409417
            ],
            [
              -34.9790372,
              -7.940905
            ],
            [
              -34.9789684,
              -7.9409086
            ],
            [
              -34.9788646,
              -7.9408506
            ],
            [
              -34.9787984,
              -7.9408137
            ],
            [
              -34.978748,
              -7.9407514
            ],
            [
              -34.9786823,
              -7.940626
            ],
            [
              -34.9786438,
              -7.9405691
            ],
            [
              -34.9786003,
              -7.9405047
            ],
            [
              -34.9785187,
              -7.9404564
            ],
            [
              -34.9784696,
              -7.9403999
            ],
            [
              -34.9784084,
              -7.9403846
            ],
            [
              -34.9783595,
              -7.9403355
            ],
            [
              -34.9782616,
              -7.9402954
            ],
            [
              -34.9781581,
              -7.9402959
            ],
            [
              -34.9780218,
              -7.9402721
            ],
            [
              -34.9779319,
              -7.9402564
            ],
            [
              -34.9777801,
              -7.9402032
            ],
            [
              -34.9776156,
              -7.9402004
            ],
            [
              -34.9774637,
              -7.9401978
            ],
            [
              -34.9773781,
              -7.9401495
            ],
            [
              -34.9773046,
              -7.9401012
            ],
            [
              -34.9772554,
              -7.9400284
            ],
            [
              -34.9772551,
              -7.9399676
            ],
            [
              -34.9772545,
              -7.9398337
            ],
            [
              -34.977189,
              -7.9397448
            ],
            [
              -34.9771239,
              -7.939741
            ],
            [
              -34.9769495,
              -7.9398595
            ],
            [
              -34.9768235,
              -7.9398966
            ],
            [
              -34.9767461,
              -7.9398645
            ],
            [
              -34.9766929,
              -7.9398039
            ],
            [
              -34.9765627,
              -7.9398086
            ],
            [
              -34.9764737,
              -7.9398478
            ],
            [
              -34.9764044,
              -7.9398783
            ],
            [
              -34.976323,
              -7.9398746
            ],
            [
              -34.9762878,
              -7.9399009
            ],
            [
              -34.9761888,
              -7.9398915
            ],
            [
              -34.976132,
              -7.9399202
            ],
            [
              -34.9760632,
              -7.9399189
            ],
            [
              -34.9757861,
              -7.9399137
            ],
            [
              -34.9757484,
              -7.9399362
            ],
            [
              -34.975617,
              -7.9399357
            ],
            [
              -34.9754566,
              -7.9399072
            ],
            [
              -34.9752857,
              -7.939908
            ],
            [
              -34.9751963,
              -7.9399368
            ],
            [
              -34.9751353,
              -7.9399371
            ],
            [
              -34.9750054,
              -7.9400026
            ],
            [
              -34.9749886,
              -7.9400592
            ],
            [
              -34.9749286,
              -7.9401044
            ],
            [
              -34.9749183,
              -7.9401534
            ],
            [
              -34.9748682,
              -7.9402304
            ],
            [
              -34.9748564,
              -7.9403243
            ],
            [
              -34.9747676,
              -7.9404566
            ],
            [
              -34.9747312,
              -7.9405109
            ],
            [
              -34.974684,
              -7.9406228
            ],
            [
              -34.9746353,
              -7.940672
            ],
            [
              -34.9745371,
              -7.9407714
            ],
            [
              -34.9743423,
              -7.9408697
            ],
            [
              -34.9742569,
              -7.9408742
            ],
            [
              -34.9741911,
              -7.9408917
            ],
            [
              -34.9740863,
              -7.9409439
            ],
            [
              -34.9739522,
              -7.940973
            ],
            [
              -34.9738996,
              -7.94103
            ],
            [
              -34.973825,
              -7.9410623
            ],
            [
              -34.9737575,
              -7.9410915
            ],
            [
              -34.9736034,
              -7.9410907
            ],
            [
              -34.9733466,
              -7.9410894
            ],
            [
              -34.9732516,
              -7.9411133
            ],
            [
              -34.9731956,
              -7.9411274
            ],
            [
              -34.9730625,
              -7.9411735
            ],
            [
              -34.9729186,
              -7.9411532
            ],
            [
              -34.9728482,
              -7.941153
            ],
            [
              -34.9725048,
              -7.9411517
            ],
            [
              -34.9724731,
              -7.9411239
            ],
            [
              -34.9723889,
              -7.9411313
            ],
            [
              -34.9722007,
              -7.9412262
            ],
            [
              -34.972039,
              -7.9413078
            ],
            [
              -34.9719022,
              -7.9413049
            ],
            [
              -34.9718809,
              -7.9412526
            ],
            [
              -34.9718103,
              -7.941155
            ],
            [
              -34.9717421,
              -7.9410899
            ],
            [
              -34.9717011,
              -7.9410506
            ],
            [
              -34.9716583,
              -7.9409179
            ],
            [
              -34.9716124,
              -7.9408552
            ],
            [
              -34.9715562,
              -7.9408205
            ],
            [
              -34.9715225,
              -7.9407779
            ],
            [
              -34.9714825,
              -7.9406946
            ],
            [
              -34.9714358,
              -7.9405973
            ],
            [
              -34.9713058,
              -7.9405384
            ],
            [
              -34.9710106,
              -7.940421
            ],
            [
              -34.9709159,
              -7.9403652
            ],
            [
              -34.9707783,
              -7.9402577
            ],
            [
              -34.9706207,
              -7.9403004
            ],
            [
              -34.9704839,
              -7.9402976
            ],
            [
              -34.9704489,
              -7.9403222
            ],
            [
              -34.9703808,
              -7.9403471
            ],
            [
              -34.9703229,
              -7.9403683
            ],
            [
              -34.9702601,
              -7.940435
            ],
            [
              -34.9702427,
              -7.940477
            ],
            [
              -34.9702078,
              -7.9405052
            ],
            [
              -34.9701065,
              -7.9405861
            ],
            [
              -34.9700506,
              -7.9406388
            ],
            [
              -34.9699246,
              -7.9406988
            ],
            [
              -34.9699128,
              -7.9407574
            ],
            [
              -34.9699006,
              -7.9408179
            ],
            [
              -34.9699222,
              -7.9409227
            ],
            [
              -34.9697758,
              -7.9411297
            ],
            [
              -34.9697868,
              -7.9412275
            ],
            [
              -34.9697802,
              -7.9412975
            ],
            [
              -34.9697349,
              -7.9413781
            ],
            [
              -34.9696651,
              -7.9414449
            ],
            [
              -34.9695672,
              -7.9415118
            ],
            [
              -34.969136,
              -7.9415279
            ],
            [
              -34.9690587,
              -7.9415317
            ],
            [
              -34.9689773,
              -7.9415835
            ],
            [
              -34.9689259,
              -7.9416162
            ],
            [
              -34.9687685,
              -7.9417254
            ],
            [
              -34.968723,
              -7.9417466
            ],
            [
              -34.9685828,
              -7.9417507
            ],
            [
              -34.9684843,
              -7.9417057
            ],
            [
              -34.9684069,
              -7.9416432
            ],
            [
              -34.9683683,
              -7.9415924
            ],
            [
              -34.9683328,
              -7.9415456
            ],
            [
              -34.9682873,
              -7.9415703
            ],
            [
              -34.9683123,
              -7.9416786
            ],
            [
              -34.9683162,
              -7.941745
            ],
            [
              -34.9683096,
              -7.9418395
            ],
            [
              -34.9682394,
              -7.9418328
            ],
            [
              -34.9681656,
              -7.9417947
            ],
            [
              -34.9676768,
              -7.9419138
            ],
            [
              -34.9671937,
              -7.9417084
            ],
            [
              -34.9666303,
              -7.9414155
            ],
            [
              -34.9663448,
              -7.9412508
            ],
            [
              -34.9662624,
              -7.9412033
            ],
            [
              -34.9660305,
              -7.9409911
            ],
            [
              -34.9656121,
              -7.940719
            ],
            [
              -34.9650671,
              -7.9404284
            ],
            [
              -34.9645378,
              -7.9402621
            ],
            [
              -34.9642972,
              -7.9400852
            ],
            [
              -34.9641424,
              -7.9399713
            ],
            [
              -34.9640644,
              -7.939914
            ],
            [
              -34.9639026,
              -7.9398057
            ],
            [
              -34.9636713,
              -7.939651
            ],
            [
              -34.9636844,
              -7.9395628
            ],
            [
              -34.963532,
              -7.9394953
            ],
            [
              -34.9633455,
              -7.9392869
            ],
            [
              -34.9632018,
              -7.9392432
            ],
            [
              -34.9630384,
              -7.9391048
            ],
            [
              -34.9629113,
              -7.9390692
            ],
            [
              -34.9627478,
              -7.9390158
            ],
            [
              -34.9624392,
              -7.9389449
            ],
            [
              -34.9622031,
              -7.9388827
            ],
            [
              -34.9620613,
              -7.938841
            ],
            [
              -34.9620215,
              -7.9388294
            ],
            [
              -34.9617672,
              -7.9387684
            ],
            [
              -34.9616127,
              -7.938689
            ],
            [
              -34.9614411,
              -7.9386394
            ],
            [
              -34.9613084,
              -7.9386011
            ],
            [
              -34.9611409,
              -7.9385527
            ],
            [
              -34.9610317,
              -7.9385298
            ],
            [
              -34.9608254,
              -7.9385499
            ],
            [
              -34.960618,
              -7.9384621
            ],
            [
              -34.9604502,
              -7.938391
            ],
            [
              -34.9602238,
              -7.9383538
            ],
            [
              -34.9600979,
              -7.9383332
            ],
            [
              -34.9599914,
              -7.9381783
            ],
            [
              -34.9599077,
              -7.9380566
            ],
            [
              -34.9598841,
              -7.9379722
            ],
            [
              -34.9598657,
              -7.9379065
            ],
            [
              -34.9598304,
              -7.9377801
            ],
            [
              -34.9596658,
              -7.9376754
            ],
            [
              -34.9595039,
              -7.9375725
            ],
            [
              -34.9594374,
              -7.9375061
            ],
            [
              -34.9592033,
              -7.9372728
            ],
            [
              -34.9590732,
              -7.9369225
            ],
            [
              -34.9589593,
              -7.9365884
            ],
            [
              -34.9586649,
              -7.9364316
            ],
            [
              -34.9583068,
              -7.9360673
            ],
            [
              -34.9580993,
              -7.9361491
            ],
            [
              -34.9580091,
              -7.9361846
            ],
            [
              -34.9576765,
              -7.9363962
            ],
            [
              -34.9573616,
              -7.9362072
            ],
            [
              -34.9571139,
              -7.9358982
            ],
            [
              -34.9569153,
              -7.9358013
            ],
            [
              -34.9568494,
              -7.935769
            ],
            [
              -34.9566134,
              -7.9356762
            ],
            [
              -34.9564859,
              -7.935626
            ],
            [
              -34.9563784,
              -7.935646
            ],
            [
              -34.9561297,
              -7.9356922
            ],
            [
              -34.956004,
              -7.9357155
            ],
            [
              -34.9559383,
              -7.9357316
            ],
            [
              -34.9557204,
              -7.9357849
            ],
            [
              -34.9554689,
              -7.9358464
            ],
            [
              -34.9551775,
              -7.9359395
            ],
            [
              -34.9549798,
              -7.9360027
            ],
            [
              -34.9547929,
              -7.9360456
            ],
            [
              -34.9544286,
              -7.936129
            ],
            [
              -34.9543006,
              -7.9361279
            ],
            [
              -34.9540377,
              -7.9361257
            ],
            [
              -34.9538364,
              -7.936124
            ],
            [
              -34.9535725,
              -7.9360196
            ],
            [
              -34.9532704,
              -7.9359001
            ],
            [
              -34.9529018,
              -7.9358952
            ],
            [
              -34.9525799,
              -7.9357245
            ],
            [
              -34.9521817,
              -7.9355884
            ],
            [
              -34.9520051,
              -7.935392
            ],
            [
              -34.9517504,
              -7.9351089
            ],
            [
              -34.9517331,
              -7.9347955
            ],
            [
              -34.9515541,
              -7.9346341
            ],
            [
              -34.9515388,
              -7.9343876
            ],
            [
              -34.9513393,
              -7.9341387
            ],
            [
              -34.9512885,
              -7.934087
            ],
            [
              -34.9511649,
              -7.9339611
            ],
            [
              -34.9510214,
              -7.9336085
            ],
            [
              -34.9509618,
              -7.9334311
            ],
            [
              -34.9508962,
              -7.9331293
            ],
            [
              -34.9506643,
              -7.9328918
            ],
            [
              -34.9506388,
              -7.9327829
            ],
            [
              -34.9506076,
              -7.9326499
            ],
            [
              -34.950536,
              -7.932557
            ],
            [
              -34.9503525,
              -7.9323191
            ],
            [
              -34.9501524,
              -7.932109
            ],
            [
              -34.949933,
              -7.9318786
            ],
            [
              -34.9497015,
              -7.9317225
            ],
            [
              -34.949546,
              -7.9316176
            ],
            [
              -34.9494255,
              -7.9315242
            ],
            [
              -34.9493214,
              -7.9314436
            ],
            [
              -34.9492432,
              -7.931383
            ],
            [
              -34.9491932,
              -7.9313474
            ],
            [
              -34.9488982,
              -7.931137
            ],
            [
              -34.9488826,
              -7.9310682
            ],
            [
              -34.9488554,
              -7.9309481
            ],
            [
              -34.9488066,
              -7.9307331
            ],
            [
              -34.9487929,
              -7.930673
            ],
            [
              -34.9487539,
              -7.9305531
            ],
            [
              -34.9486457,
              -7.9302205
            ],
            [
              -34.9483156,
              -7.9298793
            ],
            [
              -34.9480528,
              -7.9300557
            ],
            [
              -34.9478555,
              -7.930327
            ],
            [
              -34.9477915,
              -7.930385
            ],
            [
              -34.9477034,
              -7.9304648
            ],
            [
              -34.9475083,
              -7.9304162
            ],
            [
              -34.9470134,
              -7.9299425
            ],
            [
              -34.9468454,
              -7.9299661
            ],
            [
              -34.9464223,
              -7.9301433
            ],
            [
              -34.946324,
              -7.9303608
            ],
            [
              -34.9462372,
              -7.9305783
            ],
            [
              -34.9460811,
              -7.9306971
            ],
            [
              -34.9453114,
              -7.930363
            ],
            [
              -34.9452391,
              -7.9303316
            ],
            [
              -34.9448444,
              -7.9300669
            ],
            [
              -34.9443628,
              -7.9299892
            ],
            [
              -34.9439557,
              -7.9300297
            ],
            [
              -34.9438818,
              -7.9300371
            ],
            [
              -34.9434355,
              -7.9301801
            ],
            [
              -34.943205,
              -7.9304864
            ],
            [
              -34.9431509,
              -7.9305584
            ],
            [
              -34.9429389,
              -7.9309783
            ],
            [
              -34.9429017,
              -7.9310263
            ],
            [
              -34.9426694,
              -7.9313261
            ],
            [
              -34.9422149,
              -7.9313358
            ],
            [
              -34.9417645,
              -7.9314141
            ],
            [
              -34.9413489,
              -7.9315645
            ],
            [
              -34.9409105,
              -7.9317494
            ],
            [
              -34.9404894,
              -7.9315419
            ],
            [
              -34.9402979,
              -7.9314324
            ],
            [
              -34.9400681,
              -7.9313001
            ],
            [
              -34.9398736,
              -7.9315378
            ],
            [
              -34.9398022,
              -7.9316251
            ],
            [
              -34.9396545,
              -7.9317651
            ],
            [
              -34.9395399,
              -7.9318738
            ],
            [
              -34.9394106,
              -7.9320077
            ],
            [
              -34.9391937,
              -7.9322599
            ],
            [
              -34.9391409,
              -7.9323212
            ],
            [
              -34.9387297,
              -7.9325973
            ],
            [
              -34.9386422,
              -7.9326815
            ],
            [
              -34.9385244,
              -7.9328039
            ],
            [
              -34.9383722,
              -7.9329379
            ],
            [
              -34.9380028,
              -7.9331681
            ],
            [
              -34.937537,
              -7.9332046
            ],
            [
              -34.9370972,
              -7.9331038
            ],
            [
              -34.9370475,
              -7.9330759
            ],
            [
              -34.9367066,
              -7.9328847
            ],
            [
              -34.9366252,
              -7.9328154
            ],
            [
              -34.9363423,
              -7.9325742
            ],
            [
              -34.9359396,
              -7.9322333
            ],
            [
              -34.9355053,
              -7.9324752
            ],
            [
              -34.9351974,
              -7.9327927
            ],
            [
              -34.934735,
              -7.9327492
            ],
            [
              -34.9342909,
              -7.932519
            ],
            [
              -34.9338292,
              -7.9326163
            ],
            [
              -34.9335559,
              -7.9329908
            ],
            [
              -34.9331569,
              -7.9334382
            ],
            [
              -34.9330162,
              -7.9335927
            ],
            [
              -34.9329061,
              -7.9337135
            ],
            [
              -34.9328034,
              -7.9338016
            ],
            [
              -34.9325141,
              -7.93402
            ],
            [
              -34.9321254,
              -7.934216
            ],
            [
              -34.9320656,
              -7.9342279
            ],
            [
              -34.9316751,
              -7.9343057
            ],
            [
              -34.9314884,
              -7.9344018
            ],
            [
              -34.9312293,
              -7.9345324
            ],
            [
              -34.9310639,
              -7.934639
            ],
            [
              -34.9308767,
              -7.9347642
            ],
            [
              -34.9308104,
              -7.9348086
            ],
            [
              -34.9306352,
              -7.9349046
            ],
            [
              -34.9305701,
              -7.9349379
            ],
            [
              -34.9303875,
              -7.9350314
            ],
            [
              -34.9300773,
              -7.9350547
            ],
            [
              -34.929956,
              -7.9350639
            ],
            [
              -34.9298236,
              -7.9350525
            ],
            [
              -34.9294936,
              -7.9350241
            ],
            [
              -34.9293881,
              -7.9350303
            ],
            [
              -34.9289972,
              -7.9350531
            ],
            [
              -34.928868,
              -7.9352022
            ],
            [
              -34.9287459,
              -7.9353642
            ],
            [
              -34.928701,
              -7.9354238
            ],
            [
              -34.9285373,
              -7.9355426
            ],
            [
              -34.9283926,
              -7.9356461
            ],
            [
              -34.9283165,
              -7.9357036
            ],
            [
              -34.9281181,
              -7.9357426
            ],
            [
              -34.9277898,
              -7.9357974
            ],
            [
              -34.9273775,
              -7.9358336
            ],
            [
              -34.9272092,
              -7.9357964
            ],
            [
              -34.9270066,
              -7.9357516
            ],
            [
              -34.9268804,
              -7.9357255
            ],
            [
              -34.9266432,
              -7.935639
            ],
            [
              -34.9264367,
              -7.935579
            ],
            [
              -34.9262889,
              -7.9355452
            ],
            [
              -34.9259969,
              -7.9354782
            ],
            [
              -34.9258774,
              -7.9354728
            ],
            [
              -34.9255423,
              -7.9354575
            ],
            [
              -34.9250943,
              -7.9352311
            ],
            [
              -34.9247495,
              -7.9349966
            ],
            [
              -34.9245074,
              -7.9346816
            ],
            [
              -34.9244536,
              -7.9346248
            ],
            [
              -34.9241278,
              -7.9345271
            ],
            [
              -34.9239908,
              -7.934486
            ],
            [
              -34.9236292,
              -7.9344435
            ],
            [
              -34.9230239,
              -7.9343724
            ],
            [
              -34.9230338,
              -7.9348636
            ],
            [
              -34.9223246,
              -7.935122
            ],
            [
              -34.9217143,
              -7.9353229
            ],
            [
              -34.9212634,
              -7.9352678
            ],
            [
              -34.9208326,
              -7.9354526
            ],
            [
              -34.9204328,
              -7.935721
            ],
            [
              -34.9199629,
              -7.9357194
            ],
            [
              -34.9195548,
              -7.9358431
            ],
            [
              -34.9190515,
              -7.9360397
            ],
            [
              -34.918805,
              -7.9364216
            ],
            [
              -34.918463,
              -7.9362159
            ],
            [
              -34.9184028,
              -7.9361797
            ],
            [
              -34.9182185,
              -7.9359635
            ],
            [
              -34.9181109,
              -7.9358307
            ],
            [
              -34.9180596,
              -7.935748
            ],
            [
              -34.91788,
              -7.9354586
            ],
            [
              -34.9174437,
              -7.9352816
            ],
            [
              -34.917046,
              -7.9351845
            ],
            [
              -34.9160519,
              -7.9349606
            ],
            [
              -34.9156789,
              -7.9352631
            ],
            [
              -34.9153674,
              -7.9356225
            ],
            [
              -34.9151686,
              -7.9355853
            ],
            [
              -34.9152391,
              -7.9359582
            ],
            [
              -34.9154384,
              -7.9361172
            ],
            [
              -34.9154581,
              -7.9362504
            ],
            [
              -34.9147555,
              -7.9362841
            ],
            [
              -34.9143592,
              -7.936503
            ],
            [
              -34.9141803,
              -7.9366257
            ],
            [
              -34.9139633,
              -7.9367828
            ],
            [
              -34.9137628,
              -7.9372027
            ],
            [
              -34.9133058,
              -7.9375094
            ],
            [
              -34.9129404,
              -7.9377853
            ],
            [
              -34.9127616,
              -7.9379308
            ],
            [
              -34.9122667,
              -7.9383063
            ],
            [
              -34.9118694,
              -7.9386224
            ],
            [
              -34.9117957,
              -7.9386927
            ],
            [
              -34.9115934,
              -7.9388856
            ],
            [
              -34.9111571,
              -7.9392295
            ],
            [
              -34.9109667,
              -7.9396832
            ],
            [
              -34.9110145,
              -7.9399719
            ],
            [
              -34.9110447,
              -7.9401539
            ],
            [
              -34.9111332,
              -7.9403572
            ],
            [
              -34.9111828,
              -7.9404639
            ],
            [
              -34.9112142,
              -7.9405314
            ],
            [
              -34.9112029,
              -7.9412444
            ],
            [
              -34.9109375,
              -7.9419385
            ],
            [
              -34.9108973,
              -7.942005
            ],
            [
              -34.9106687,
              -7.9423834
            ],
            [
              -34.9106185,
              -7.9424663
            ],
            [
              -34.9105563,
              -7.9427499
            ],
            [
              -34.9105085,
              -7.9429131
            ],
            [
              -34.9104188,
              -7.9430033
            ],
            [
              -34.9101447,
              -7.9432591
            ],
            [
              -34.9098407,
              -7.94354
            ],
            [
              -34.9092653,
              -7.9440503
            ],
            [
              -34.9091676,
              -7.9441369
            ],
            [
              -34.9092232,
              -7.9444808
            ],
            [
              -34.9097807,
              -7.9486469
            ],
            [
              -34.9106765,
              -7.9537057
            ],
            [
              -34.9107075,
              -7.9538503
            ],
            [
              -34.9102514,
              -7.9531519
            ],
            [
              -34.9093481,
              -7.9519575
            ],
            [
              -34.9086958,
              -7.9510265
            ],
            [
              -34.9083648,
              -7.9505411
            ],
            [
              -34.9076344,
              -7.9494126
            ],
            [
              -34.9073909,
              -7.9490868
            ],
            [
              -34.9070535,
              -7.948707
            ],
            [
              -34.9069384,
              -7.9485909
            ],
            [
              -34.9066927,
              -7.9483428
            ],
            [
              -34.9062293,
              -7.9478249
            ],
            [
              -34.9060963,
              -7.9476762
            ],
            [
              -34.9056958,
              -7.94718
            ],
            [
              -34.905523,
              -7.9469395
            ],
            [
              -34.9052463,
              -7.9465188
            ],
            [
              -34.9050035,
              -7.9461373
            ],
            [
              -34.9048551,
              -7.9458844
            ],
            [
              -34.9046519,
              -7.9453737
            ],
            [
              -34.9044112,
              -7.9453856
            ],
            [
              -34.9044281,
              -7.9451712
            ],
            [
              -34.9044255,
              -7.9448384
            ],
            [
              -34.9044074,
              -7.9446331
            ],
            [
              -34.9043707,
              -7.9441281
            ],
            [
              -34.9042911,
              -7.9436405
            ],
            [
              -34.9033384,
              -7.9437561
            ],
            [
              -34.9027114,
              -7.9437247
            ],
            [
              -34.9026608,
              -7.9430531
            ],
            [
              -34.9026199,
              -7.9425094
            ],
            [
              -34.9021473,
              -7.9424539
            ],
            [
              -34.9014152,
              -7.9423679
            ],
            [
              -34.9001434,
              -7.9422185
            ],
            [
              -34.898652,
              -7.9420433
            ],
            [
              -34.8977666,
              -7.9419268
            ],
            [
              -34.8975631,
              -7.9418839
            ],
            [
              -34.8965732,
              -7.9417515
            ],
            [
              -34.8968351,
              -7.9416264
            ],
            [
              -34.8970689,
              -7.9414352
            ],
            [
              -34.8969567,
              -7.9414333
            ],
            [
              -34.8970559,
              -7.9387034
            ],
            [
              -34.8970777,
              -7.9377215
            ],
            [
              -34.8971021,
              -7.9373221
            ],
            [
              -34.8961976,
              -7.9372862
            ],
            [
              -34.89428,
              -7.9372076
            ],
            [
              -34.8942241,
              -7.9370522
            ],
            [
              -34.8941629,
              -7.9368815
            ],
            [
              -34.8940472,
              -7.936444
            ],
            [
              -34.8939049,
              -7.9360573
            ],
            [
              -34.8937492,
              -7.9356342
            ],
            [
              -34.8935594,
              -7.9351001
            ],
            [
              -34.893361,
              -7.9343252
            ],
            [
              -34.8933349,
              -7.9342253
            ],
            [
              -34.8932178,
              -7.9337761
            ],
            [
              -34.8930529,
              -7.9331439
            ],
            [
              -34.8934728,
              -7.9332673
            ],
            [
              -34.8938824,
              -7.9333777
            ],
            [
              -34.8944386,
              -7.9335763
            ],
            [
              -34.8947532,
              -7.9337074
            ],
            [
              -34.8948344,
              -7.9335165
            ],
            [
              -34.8948867,
              -7.9334801
            ],
            [
              -34.894794,
              -7.9333975
            ],
            [
              -34.8947801,
              -7.9332858
            ],
            [
              -34.8947296,
              -7.93318
            ],
            [
              -34.8952094,
              -7.9333616
            ],
            [
              -34.8955786,
              -7.9334996
            ],
            [
              -34.8960326,
              -7.9336721
            ],
            [
              -34.8964514,
              -7.9338265
            ],
            [
              -34.8966425,
              -7.933874
            ],
            [
              -34.8966398,
              -7.933925
            ],
            [
              -34.8965749,
              -7.9340169
            ],
            [
              -34.8965154,
              -7.9341369
            ],
            [
              -34.8970174,
              -7.934242
            ],
            [
              -34.8985291,
              -7.9345522
            ],
            [
              -34.8985674,
              -7.9343612
            ],
            [
              -34.8987097,
              -7.9340916
            ],
            [
              -34.8990423,
              -7.9335608
            ],
            [
              -34.8991143,
              -7.933447
            ],
            [
              -34.8992929,
              -7.9331649
            ],
            [
              -34.8994048,
              -7.9330376
            ],
            [
              -34.8995855,
              -7.9330771
            ],
            [
              -34.9006198,
              -7.9333524
            ],
            [
              -34.9013799,
              -7.9335662
            ],
            [
              -34.9017271,
              -7.9336718
            ],
            [
              -34.9021624,
              -7.9338217
            ],
            [
              -34.9026091,
              -7.9337359
            ],
            [
              -34.9025286,
              -7.9335231
            ],
            [
              -34.9023925,
              -7.933264
            ],
            [
              -34.9023717,
              -7.9332268
            ],
            [
              -34.9021824,
              -7.932889
            ],
            [
              -34.9021179,
              -7.9327931
            ],
            [
              -34.9018675,
              -7.9324208
            ],
            [
              -34.9012453,
              -7.9317686
            ],
            [
              -34.9004237,
              -7.9308595
            ],
            [
              -34.8995201,
              -7.9298938
            ],
            [
              -34.8987888,
              -7.9290821
            ],
            [
              -34.8986195,
              -7.9289096
            ],
            [
              -34.8980607,
              -7.9281421
            ],
            [
              -34.8978882,
              -7.9276774
            ],
            [
              -34.8983406,
              -7.9279245
            ],
            [
              -34.8985768,
              -7.9279425
            ],
            [
              -34.8987746,
              -7.9279289
            ],
            [
              -34.8989747,
              -7.9278852
            ],
            [
              -34.8990424,
              -7.9278704
            ],
            [
              -34.8992978,
              -7.9278883
            ],
            [
              -34.8995036,
              -7.928254
            ],
            [
              -34.8995047,
              -7.9284074
            ],
            [
              -34.899792,
              -7.9288268
            ],
            [
              -34.9000656,
              -7.9289529
            ],
            [
              -34.9003009,
              -7.9290897
            ],
            [
              -34.9007828,
              -7.9292115
            ],
            [
              -34.9012562,
              -7.9293594
            ],
            [
              -34.9013568,
              -7.9293914
            ],
            [
              -34.9021375,
              -7.9296397
            ],
            [
              -34.902907,
              -7.9300189
            ],
            [
              -34.9033822,
              -7.9303601
            ],
            [
              -34.903569,
              -7.9304943
            ],
            [
              -34.9038823,
              -7.9308038
            ],
            [
              -34.9043506,
              -7.9313346
            ],
            [
              -34.9046309,
              -7.9318529
            ],
            [
              -34.9047653,
              -7.9322548
            ],
            [
              -34.9048864,
              -7.9326172
            ],
            [
              -34.904972,
              -7.9329636
            ],
            [
              -34.904997,
              -7.9332027
            ],
            [
              -34.9050294,
              -7.9335498
            ],
            [
              -34.9050349,
              -7.9336092
            ],
            [
              -34.9050971,
              -7.9340873
            ],
            [
              -34.9052493,
              -7.9344953
            ],
            [
              -34.9053643,
              -7.9348037
            ],
            [
              -34.9056176,
              -7.9351015
            ],
            [
              -34.9056518,
              -7.935139
            ],
            [
              -34.9058346,
              -7.9353397
            ],
            [
              -34.9064241,
              -7.9356839
            ],
            [
              -34.9070003,
              -7.9357769
            ],
            [
              -34.9072642,
              -7.9357895
            ],
            [
              -34.9074563,
              -7.9357987
            ],
            [
              -34.9078283,
              -7.9358049
            ],
            [
              -34.9080202,
              -7.9358081
            ],
            [
              -34.9081637,
              -7.9357925
            ],
            [
              -34.9085957,
              -7.9357457
            ],
            [
              -34.9088713,
              -7.9357073
            ],
            [
              -34.9090393,
              -7.9356838
            ],
            [
              -34.9093504,
              -7.9356203
            ],
            [
              -34.9093988,
              -7.9356104
            ],
            [
              -34.9097223,
              -7.9355252
            ],
            [
              -34.9101774,
              -7.9353557
            ],
            [
              -34.9105485,
              -7.9351746
            ],
            [
              -34.9110387,
              -7.9348135
            ],
            [
              -34.9112176,
              -7.9345974
            ],
            [
              -34.9115545,
              -7.9342875
            ],
            [
              -34.9116357,
              -7.9342128
            ],
            [
              -34.9118069,
              -7.9340733
            ],
            [
              -34.9118867,
              -7.9340083
            ],
            [
              -34.9119945,
              -7.9339363
            ],
            [
              -34.9128909,
              -7.9333381
            ],
            [
              -34.9114065,
              -7.9316979
            ],
            [
              -34.9100094,
              -7.9311017
            ],
            [
              -34.911071,
              -7.9289533
            ],
            [
              -34.9113626,
              -7.9288937
            ],
            [
              -34.9170815,
              -7.927645
            ],
            [
              -34.9177035,
              -7.9275266
            ],
            [
              -34.9182375,
              -7.9273902
            ],
            [
              -34.9184241,
              -7.9276403
            ],
            [
              -34.9195572,
              -7.9296176
            ],
            [
              -34.9197876,
              -7.9295148
            ],
            [
              -34.9203049,
              -7.9292838
            ],
            [
              -34.9218591,
              -7.9288456
            ],
            [
              -34.922118,
              -7.9287295
            ],
            [
              -34.9223344,
              -7.928786
            ],
            [
              -34.9225224,
              -7.9289288
            ],
            [
              -34.9227981,
              -7.9293441
            ],
            [
              -34.923173,
              -7.9294142
            ],
            [
              -34.9245232,
              -7.9285725
            ],
            [
              -34.925211,
              -7.9282
            ],
            [
              -34.9260714,
              -7.9272231
            ],
            [
              -34.9273464,
              -7.9263548
            ],
            [
              -34.9277728,
              -7.9260373
            ],
            [
              -34.9278033,
              -7.9257437
            ],
            [
              -34.9279254,
              -7.9254695
            ],
            [
              -34.9281858,
              -7.925024
            ],
            [
              -34.9285739,
              -7.9246415
            ],
            [
              -34.9289661,
              -7.9242866
            ],
            [
              -34.9291565,
              -7.9241668
            ],
            [
              -34.9293567,
              -7.924107
            ],
            [
              -34.9294353,
              -7.9240835
            ],
            [
              -34.9296588,
              -7.9240227
            ],
            [
              -34.9301816,
              -7.9238804
            ],
            [
              -34.9304946,
              -7.9238209
            ],
            [
              -34.930909,
              -7.9237422
            ],
            [
              -34.9310925,
              -7.9237378
            ],
            [
              -34.931476,
              -7.9237285
            ],
            [
              -34.9317575,
              -7.9237217
            ],
            [
              -34.9320545,
              -7.9237085
            ],
            [
              -34.9322991,
              -7.9236976
            ],
            [
              -34.9327649,
              -7.9236792
            ],
            [
              -34.9329424,
              -7.9237003
            ],
            [
              -34.9332039,
              -7.9237312
            ],
            [
              -34.9334311,
              -7.9237654
            ],
            [
              -34.9338653,
              -7.9238308
            ],
            [
              -34.9339772,
              -7.9238532
            ],
            [
              -34.9343908,
              -7.9239363
            ],
            [
              -34.9344734,
              -7.9239571
            ],
            [
              -34.9349173,
              -7.9240689
            ],
            [
              -34.9354054,
              -7.9241855
            ],
            [
              -34.9360346,
              -7.9243608
            ],
            [
              -34.9361515,
              -7.9243915
            ],
            [
              -34.9363331,
              -7.9244392
            ],
            [
              -34.9364908,
              -7.9246071
            ],
            [
              -34.9366649,
              -7.9247683
            ],
            [
              -34.9369365,
              -7.9249399
            ],
            [
              -34.9370929,
              -7.9250264
            ],
            [
              -34.9371592,
              -7.9250631
            ],
            [
              -34.9373113,
              -7.9251434
            ],
            [
              -34.9375557,
              -7.9252423
            ],
            [
              -34.9379787,
              -7.9253779
            ],
            [
              -34.9382409,
              -7.9254454
            ],
            [
              -34.9385234,
              -7.925456
            ],
            [
              -34.9387286,
              -7.9254527
            ],
            [
              -34.9390138,
              -7.9254513
            ],
            [
              -34.9392752,
              -7.9254434
            ],
            [
              -34.9396518,
              -7.9253807
            ],
            [
              -34.9399585,
              -7.925247
            ],
            [
              -34.9400409,
              -7.9252025
            ],
            [
              -34.9402919,
              -7.925067
            ],
            [
              -34.9406688,
              -7.9248629
            ],
            [
              -34.9411767,
              -7.924579
            ],
            [
              -34.9415775,
              -7.924359
            ],
            [
              -34.9421413,
              -7.9241263
            ],
            [
              -34.9426178,
              -7.9239337
            ],
            [
              -34.9430426,
              -7.9237453
            ],
            [
              -34.9436142,
              -7.9234808
            ],
            [
              -34.9438677,
              -7.9232496
            ],
            [
              -34.9440935,
              -7.9230463
            ],
            [
              -34.9442797,
              -7.9228675
            ],
            [
              -34.9443509,
              -7.9227992
            ],
            [
              -34.9446796,
              -7.9224645
            ],
            [
              -34.9449963,
              -7.9221298
            ],
            [
              -34.9453882,
              -7.9217274
            ],
            [
              -34.9454753,
              -7.9216358
            ],
            [
              -34.9462877,
              -7.9209775
            ],
            [
              -34.9470889,
              -7.9204582
            ],
            [
              -34.947549,
              -7.9201705
            ],
            [
              -34.9477513,
              -7.9200386
            ],
            [
              -34.9480409,
              -7.9198826
            ],
            [
              -34.9484378,
              -7.9196745
            ],
            [
              -34.9486481,
              -7.9195664
            ],
            [
              -34.9488981,
              -7.9194264
            ],
            [
              -34.9491163,
              -7.9192985
            ],
            [
              -34.9493702,
              -7.9191506
            ],
            [
              -34.9499843,
              -7.9186202
            ],
            [
              -34.9505224,
              -7.9184101
            ],
            [
              -34.950952,
              -7.918306
            ],
            [
              -34.9510949,
              -7.9182237
            ],
            [
              -34.9514225,
              -7.9182017
            ],
            [
              -34.9517915,
              -7.9183021
            ],
            [
              -34.9522839,
              -7.918504
            ],
            [
              -34.9525308,
              -7.9187478
            ],
            [
              -34.9527673,
              -7.9189611
            ],
            [
              -34.9530144,
              -7.9192457
            ],
            [
              -34.9532604,
              -7.9193058
            ],
            [
              -34.9536911,
              -7.9194467
            ],
            [
              -34.9539784,
              -7.9195883
            ],
            [
              -34.954327,
              -7.9196887
            ],
            [
              -34.9545937,
              -7.9197896
            ],
            [
              -34.9549833,
              -7.9198898
            ],
            [
              -34.9553316,
              -7.919929
            ],
            [
              -34.9557619,
              -7.9199883
            ],
            [
              -34.9561102,
              -7.9200275
            ],
            [
              -34.9564584,
              -7.9200462
            ],
            [
              -34.9568881,
              -7.919983
            ],
            [
              -34.9571337,
              -7.919941
            ],
            [
              -34.9576448,
              -7.9197753
            ],
            [
              -34.9580841,
              -7.9195792
            ],
            [
              -34.958636,
              -7.9193521
            ],
            [
              -34.9592079,
              -7.9190431
            ],
            [
              -34.9598621,
              -7.9188155
            ],
            [
              -34.9601063,
              -7.9184877
            ],
            [
              -34.9604301,
              -7.9176899
            ],
            [
              -34.9607935,
              -7.9165857
            ],
            [
              -34.961055,
              -7.9155841
            ]
          ]
        ]
      }
    },
    {
      "type": "Feature",
      "id": "way/772133154",
      "properties": {
        "admin_level": "10",
        "boundary": "administrative",
        "name": "Nossa Senhora da Conceição",
        "place": "suburb",
        "source": "Condepe Fidem",
        "id": "way/772133154"
      },
      "geometry": {
        "type": "Polygon",
        "coordinates": [
          [
            [
              -34.8248644,
              -7.8892227
            ],
            [
              -34.8239401,
              -7.8891333
            ],
            [
              -34.824101,
              -7.8880583
            ],
            [
              -34.824252,
              -7.887538
            ],
            [
              -34.8242799,
              -7.8869265
            ],
            [
              -34.8245222,
              -7.8862529
            ],
            [
              -34.8247624,
              -7.8850903
            ],
            [
              -34.8251259,
              -7.8840799
            ],
            [
              -34.8252464,
              -7.8835903
            ],
            [
              -34.8257322,
              -7.8825183
            ],
            [
              -34.8258606,
              -7.8820561
            ],
            [
              -34.826091,
              -7.8816227
            ],
            [
              -34.8267377,
              -7.8807707
            ],
            [
              -34.8273529,
              -7.8798107
            ],
            [
              -34.8291418,
              -7.8781353
            ],
            [
              -34.8310836,
              -7.875996
            ],
            [
              -34.8318361,
              -7.8745722
            ],
            [
              -34.833646,
              -7.8753674
            ],
            [
              -34.8358058,
              -7.876127
            ],
            [
              -34.8353286,
              -7.8774937
            ],
            [
              -34.8345427,
              -7.8791631
            ],
            [
              -34.8337666,
              -7.8804534
            ],
            [
              -34.8335467,
              -7.8808895
            ],
            [
              -34.8325641,
              -7.8828382
            ],
            [
              -34.8340339,
              -7.886267
            ],
            [
              -34.8368788,
              -7.8915968
            ],
            [
              -34.8352501,
              -7.8925085
            ],
            [
              -34.8356152,
              -7.8931695
            ],
            [
              -34.8345476,
              -7.8937485
            ],
            [
              -34.8347156,
              -7.8941007
            ],
            [
              -34.834206,
              -7.8943903
            ],
            [
              -34.8323962,
              -7.8910334
            ],
            [
              -34.8314843,
              -7.8895496
            ],
            [
              -34.8314913,
              -7.8892236
            ],
            [
              -34.830034,
              -7.8894137
            ],
            [
              -34.8264315,
              -7.8893093
            ],
            [
              -34.8248644,
              -7.8892227
            ]
          ]
        ]
      }
    },
    {
      "type": "Feature",
      "id": "way/777955606",
      "properties": {
        "admin_level": "10",
        "boundary": "administrative",
        "name": "Cruz de Rebouças",
        "place": "suburb",
        "source": "Condepe Fidem",
        "type": "boundary",
        "id": "way/777955606"
      },
      "geometry": {
        "type": "Polygon",
        "coordinates": [
          [
            [
              -34.9026457,
              -7.8691373
            ],
            [
              -34.9032825,
              -7.8688261
            ],
            [
              -34.9036206,
              -7.8686667
            ],
            [
              -34.9041893,
              -7.8684884
            ],
            [
              -34.9029556,
              -7.8666817
            ],
            [
              -34.902839,
              -7.8664633
            ],
            [
              -34.902714,
              -7.8662893
            ],
            [
              -34.9026233,
              -7.8661629
            ],
            [
              -34.9026582,
              -7.8661388
            ],
            [
              -34.9027986,
              -7.8660416
            ],
            [
              -34.9029902,
              -7.8658873
            ],
            [
              -34.9031702,
              -7.8656071
            ],
            [
              -34.9032957,
              -7.8654258
            ],
            [
              -34.9033611,
              -7.8653049
            ],
            [
              -34.9034157,
              -7.865217
            ],
            [
              -34.903481,
              -7.8650852
            ],
            [
              -34.9035142,
              -7.8650222
            ],
            [
              -34.9035736,
              -7.8649095
            ],
            [
              -34.9036335,
              -7.8647997
            ],
            [
              -34.9036528,
              -7.8647625
            ],
            [
              -34.9036989,
              -7.8646734
            ],
            [
              -34.9037812,
              -7.8646456
            ],
            [
              -34.9039457,
              -7.8645736
            ],
            [
              -34.9040929,
              -7.8645213
            ],
            [
              -34.9041486,
              -7.8645015
            ],
            [
              -34.9043241,
              -7.8644349
            ],
            [
              -34.9044087,
              -7.8644023
            ],
            [
              -34.9045106,
              -7.8643629
            ],
            [
              -34.9046166,
              -7.8643295
            ],
            [
              -34.9049166,
              -7.864235
            ],
            [
              -34.9050958,
              -7.8641582
            ],
            [
              -34.9051218,
              -7.8641393
            ],
            [
              -34.9053384,
              -7.864434
            ],
            [
              -34.9089336,
              -7.8693265
            ],
            [
              -34.9102025,
              -7.8712624
            ],
            [
              -34.9101816,
              -7.8713758
            ],
            [
              -34.910094,
              -7.8718526
            ],
            [
              -34.9101346,
              -7.8731141
            ],
            [
              -34.9101581,
              -7.8740776
            ],
            [
              -34.9100773,
              -7.8744964
            ],
            [
              -34.9098604,
              -7.8755044
            ],
            [
              -34.9079518,
              -7.8752481
            ],
            [
              -34.9078657,
              -7.8752251
            ],
            [
              -34.9078182,
              -7.8750928
            ],
            [
              -34.9077003,
              -7.8749686
            ],
            [
              -34.9075279,
              -7.8748759
            ],
            [
              -34.9071132,
              -7.874792
            ],
            [
              -34.9060027,
              -7.8746879
            ],
            [
              -34.9062094,
              -7.8732944
            ],
            [
              -34.9065698,
              -7.8708648
            ],
            [
              -34.9052679,
              -7.8707962
            ],
            [
              -34.9050764,
              -7.8708001
            ],
            [
              -34.9044413,
              -7.8708131
            ],
            [
              -34.9031763,
              -7.8711302
            ],
            [
              -34.9030618,
              -7.8695407
            ],
            [
              -34.9027938,
              -7.8696126
            ],
            [
              -34.9026457,
              -7.8691373
            ]
          ]
        ]
      }
    },
    {
      "type": "Feature",
      "id": "way/777955607",
      "properties": {
        "admin_level": "10",
        "boundary": "administrative",
        "name": "Inhamã",
        "place": "suburb",
        "source": "Condepe Fidem",
        "type": "boundary",
        "id": "way/777955607"
      },
      "geometry": {
        "type": "Polygon",
        "coordinates": [
          [
            [
              -34.8939502,
              -7.8744615
            ],
            [
              -34.8939429,
              -7.8743497
            ],
            [
              -34.8939929,
              -7.8738818
            ],
            [
              -34.8940041,
              -7.873479
            ],
            [
              -34.8939903,
              -7.8733102
            ],
            [
              -34.89404,
              -7.873134
            ],
            [
              -34.8977484,
              -7.8723696
            ],
            [
              -34.8983184,
              -7.8724224
            ],
            [
              -34.898988,
              -7.8729737
            ],
            [
              -34.9016399,
              -7.8745614
            ],
            [
              -34.9027377,
              -7.8742403
            ],
            [
              -34.9036546,
              -7.8736565
            ],
            [
              -34.9040107,
              -7.8736082
            ],
            [
              -34.90428,
              -7.8735595
            ],
            [
              -34.9045175,
              -7.8734913
            ],
            [
              -34.9048423,
              -7.8734582
            ],
            [
              -34.9058405,
              -7.8733232
            ],
            [
              -34.9062094,
              -7.8732944
            ],
            [
              -34.9060027,
              -7.8746879
            ],
            [
              -34.9059367,
              -7.8751821
            ],
            [
              -34.9053177,
              -7.8794115
            ],
            [
              -34.9052717,
              -7.8797999
            ],
            [
              -34.9050745,
              -7.8810947
            ],
            [
              -34.9048992,
              -7.8822173
            ],
            [
              -34.9048719,
              -7.8824239
            ],
            [
              -34.9048687,
              -7.882446
            ],
            [
              -34.9048348,
              -7.882669
            ],
            [
              -34.9048371,
              -7.8826688
            ],
            [
              -34.9047107,
              -7.8835584
            ],
            [
              -34.9044995,
              -7.8849706
            ],
            [
              -34.9044994,
              -7.8849943
            ],
            [
              -34.9043263,
              -7.8850091
            ],
            [
              -34.9040714,
              -7.884983
            ],
            [
              -34.9038808,
              -7.8850837
            ],
            [
              -34.9035921,
              -7.8851764
            ],
            [
              -34.9035083,
              -7.8852033
            ],
            [
              -34.9033994,
              -7.8852673
            ],
            [
              -34.9031008,
              -7.8856134
            ],
            [
              -34.9018461,
              -7.8858187
            ],
            [
              -34.9014715,
              -7.8854757
            ],
            [
              -34.9012095,
              -7.8854496
            ],
            [
              -34.9010346,
              -7.8854323
            ],
            [
              -34.9005888,
              -7.8854343
            ],
            [
              -34.9002884,
              -7.8856772
            ],
            [
              -34.9000359,
              -7.8858813
            ],
            [
              -34.8997135,
              -7.8858775
            ],
            [
              -34.8994808,
              -7.8858748
            ],
            [
              -34.8989862,
              -7.8855625
            ],
            [
              -34.8985877,
              -7.885709
            ],
            [
              -34.8977702,
              -7.8856493
            ],
            [
              -34.8975685,
              -7.8855299
            ],
            [
              -34.8974367,
              -7.8854519
            ],
            [
              -34.8970595,
              -7.8853873
            ],
            [
              -34.896816,
              -7.8854768
            ],
            [
              -34.8966502,
              -7.8855881
            ],
            [
              -34.8963602,
              -7.8855887
            ],
            [
              -34.8960297,
              -7.8856683
            ],
            [
              -34.8961155,
              -7.8852986
            ],
            [
              -34.8961451,
              -7.8851009
            ],
            [
              -34.8963251,
              -7.8844617
            ],
            [
              -34.8963393,
              -7.8842337
            ],
            [
              -34.8961701,
              -7.8838849
            ],
            [
              -34.895968,
              -7.8837909
            ],
            [
              -34.8955728,
              -7.8837717
            ],
            [
              -34.8953921,
              -7.8837516
            ],
            [
              -34.8953609,
              -7.8835048
            ],
            [
              -34.8952984,
              -7.8832657
            ],
            [
              -34.895184,
              -7.8831937
            ],
            [
              -34.8950958,
              -7.8831383
            ],
            [
              -34.8945894,
              -7.882962
            ],
            [
              -34.8942408,
              -7.8827693
            ],
            [
              -34.8939552,
              -7.8825184
            ],
            [
              -34.893812,
              -7.882288
            ],
            [
              -34.8937476,
              -7.8820414
            ],
            [
              -34.8937305,
              -7.8817421
            ],
            [
              -34.8937507,
              -7.8815529
            ],
            [
              -34.8937668,
              -7.8809275
            ],
            [
              -34.8937686,
              -7.8808596
            ],
            [
              -34.8937413,
              -7.8806549
            ],
            [
              -34.8936915,
              -7.8804295
            ],
            [
              -34.8935734,
              -7.8798961
            ],
            [
              -34.8935371,
              -7.879642
            ],
            [
              -34.8935311,
              -7.8796001
            ],
            [
              -34.893376,
              -7.8790913
            ],
            [
              -34.8933756,
              -7.8789915
            ],
            [
              -34.8934116,
              -7.8788075
            ],
            [
              -34.8936002,
              -7.8785756
            ],
            [
              -34.893622,
              -7.878511
            ],
            [
              -34.8936626,
              -7.8783915
            ],
            [
              -34.8937498,
              -7.8778869
            ],
            [
              -34.893802,
              -7.8777921
            ],
            [
              -34.8941212,
              -7.8773232
            ],
            [
              -34.8942873,
              -7.8768843
            ],
            [
              -34.8943549,
              -7.8767054
            ],
            [
              -34.8943919,
              -7.8766077
            ],
            [
              -34.8944592,
              -7.8763605
            ],
            [
              -34.8944574,
              -7.8759456
            ],
            [
              -34.8941906,
              -7.8752115
            ],
            [
              -34.8940892,
              -7.8749125
            ],
            [
              -34.8940486,
              -7.874793
            ],
            [
              -34.8940145,
              -7.8746923
            ],
            [
              -34.8939502,
              -7.8744615
            ]
          ]
        ]
      }
    },
    {
      "type": "Feature",
      "id": "way/777955609",
      "properties": {
        "admin_level": "10",
        "boundary": "administrative",
        "name": "Triunfo",
        "place": "suburb",
        "type": "boundary",
        "id": "way/777955609"
      },
      "geometry": {
        "type": "Polygon",
        "coordinates": [
          [
            [
              -34.898988,
              -7.8729737
            ],
            [
              -34.8983184,
              -7.8724224
            ],
            [
              -34.8989846,
              -7.8722116
            ],
            [
              -34.9031763,
              -7.8711302
            ],
            [
              -34.9044413,
              -7.8708131
            ],
            [
              -34.9050764,
              -7.8708001
            ],
            [
              -34.9052679,
              -7.8707962
            ],
            [
              -34.9065698,
              -7.8708648
            ],
            [
              -34.9062094,
              -7.8732944
            ],
            [
              -34.9058405,
              -7.8733232
            ],
            [
              -34.9048423,
              -7.8734582
            ],
            [
              -34.9045175,
              -7.8734913
            ],
            [
              -34.90428,
              -7.8735595
            ],
            [
              -34.9040107,
              -7.8736082
            ],
            [
              -34.9036546,
              -7.8736565
            ],
            [
              -34.9027377,
              -7.8742403
            ],
            [
              -34.9016399,
              -7.8745614
            ],
            [
              -34.898988,
              -7.8729737
            ]
          ]
        ]
      }
    },
    {
      "type": "Feature",
      "id": "way/777955611",
      "properties": {
        "admin_level": "10",
        "boundary": "administrative",
        "name": "Encanto Igarassu",
        "place": "suburb",
        "source": "Condepe Fidem",
        "type": "boundary",
        "id": "way/777955611"
      },
      "geometry": {
        "type": "Polygon",
        "coordinates": [
          [
            [
              -34.9060338,
              -7.858993
            ],
            [
              -34.8986804,
              -7.8583937
            ],
            [
              -34.8983055,
              -7.8575753
            ],
            [
              -34.8976421,
              -7.8565584
            ],
            [
              -34.8972389,
              -7.8555748
            ],
            [
              -34.8970418,
              -7.854158
            ],
            [
              -34.8971193,
              -7.8521523
            ],
            [
              -34.8970824,
              -7.8516511
            ],
            [
              -34.8969072,
              -7.8512543
            ],
            [
              -34.896017,
              -7.8498155
            ],
            [
              -34.8968217,
              -7.8497787
            ],
            [
              -34.8968269,
              -7.8497779
            ],
            [
              -34.8970315,
              -7.8497456
            ],
            [
              -34.8971235,
              -7.8497311
            ],
            [
              -34.897225,
              -7.8497053
            ],
            [
              -34.8975876,
              -7.8496131
            ],
            [
              -34.8979355,
              -7.8494957
            ],
            [
              -34.8982166,
              -7.8493905
            ],
            [
              -34.8985616,
              -7.8492613
            ],
            [
              -34.8995075,
              -7.8488281
            ],
            [
              -34.9045725,
              -7.8491585
            ],
            [
              -34.9095567,
              -7.8495506
            ],
            [
              -34.9095701,
              -7.8495517
            ],
            [
              -34.9096396,
              -7.8495781
            ],
            [
              -34.908871,
              -7.8549285
            ],
            [
              -34.9087823,
              -7.8556107
            ],
            [
              -34.9087458,
              -7.8558366
            ],
            [
              -34.9086447,
              -7.8565912
            ],
            [
              -34.9084598,
              -7.8581698
            ],
            [
              -34.9083288,
              -7.8587756
            ],
            [
              -34.9082661,
              -7.8591749
            ],
            [
              -34.9060338,
              -7.858993
            ]
          ]
        ]
      }
    },
    {
      "type": "Feature",
      "id": "way/777955612",
      "properties": {
        "admin_level": "10",
        "boundary": "administrative",
        "name": "Boa Sorte",
        "place": "suburb",
        "source": "Condepe Fidem",
        "type": "boundary",
        "id": "way/777955612"
      },
      "geometry": {
        "type": "Polygon",
        "coordinates": [
          [
            [
              -34.9053384,
              -7.864434
            ],
            [
              -34.9047719,
              -7.8636574
            ],
            [
              -34.9045634,
              -7.8632827
            ],
            [
              -34.9043703,
              -7.8630699
            ],
            [
              -34.9042815,
              -7.8630261
            ],
            [
              -34.9045248,
              -7.8623602
            ],
            [
              -34.9037099,
              -7.8622737
            ],
            [
              -34.902644,
              -7.862098
            ],
            [
              -34.9011375,
              -7.8616407
            ],
            [
              -34.9007072,
              -7.8613629
            ],
            [
              -34.8996623,
              -7.8602157
            ],
            [
              -34.8986804,
              -7.8583937
            ],
            [
              -34.9060338,
              -7.858993
            ],
            [
              -34.9082661,
              -7.8591749
            ],
            [
              -34.9081932,
              -7.8596868
            ],
            [
              -34.9080162,
              -7.8609306
            ],
            [
              -34.9077854,
              -7.8625223
            ],
            [
              -34.9077636,
              -7.862671
            ],
            [
              -34.9077209,
              -7.862966
            ],
            [
              -34.9075134,
              -7.8643976
            ],
            [
              -34.907252,
              -7.8670352
            ],
            [
              -34.9053384,
              -7.864434
            ]
          ]
        ]
      }
    },
    {
      "type": "Feature",
      "id": "way/779891947",
      "properties": {
        "admin_level": "10",
        "boundary": "administrative",
        "name": "Veloz",
        "place": "suburb",
        "source": "Condepe Fidem",
        "type": "boundary",
        "id": "way/779891947"
      },
      "geometry": {
        "type": "Polygon",
        "coordinates": [
          [
            [
              -34.8874776,
              -7.7723433
            ],
            [
              -34.8876999,
              -7.772314
            ],
            [
              -34.8912913,
              -7.7721173
            ],
            [
              -34.8913466,
              -7.7721231
            ],
            [
              -34.8916725,
              -7.7721571
            ],
            [
              -34.8922231,
              -7.7722146
            ],
            [
              -34.892337,
              -7.7723918
            ],
            [
              -34.8924562,
              -7.7727196
            ],
            [
              -34.8925864,
              -7.7726716
            ],
            [
              -34.8929518,
              -7.7735981
            ],
            [
              -34.8932227,
              -7.7735071
            ],
            [
              -34.8947973,
              -7.7734106
            ],
            [
              -34.8948709,
              -7.773578
            ],
            [
              -34.8942565,
              -7.774029
            ],
            [
              -34.8945372,
              -7.7744359
            ],
            [
              -34.89442,
              -7.7746673
            ],
            [
              -34.8944057,
              -7.7747657
            ],
            [
              -34.8944014,
              -7.7749081
            ],
            [
              -34.8944118,
              -7.775026
            ],
            [
              -34.8944569,
              -7.7751977
            ],
            [
              -34.8944573,
              -7.775296
            ],
            [
              -34.8943588,
              -7.7752866
            ],
            [
              -34.8943559,
              -7.7757336
            ],
            [
              -34.8942825,
              -7.7758568
            ],
            [
              -34.8940762,
              -7.7759805
            ],
            [
              -34.8944898,
              -7.7764417
            ],
            [
              -34.89462,
              -7.7764735
            ],
            [
              -34.8949141,
              -7.7768891
            ],
            [
              -34.8953441,
              -7.7770955
            ],
            [
              -34.8952946,
              -7.7773998
            ],
            [
              -34.8952898,
              -7.7779633
            ],
            [
              -34.8953168,
              -7.7785463
            ],
            [
              -34.8953558,
              -7.7790928
            ],
            [
              -34.8944807,
              -7.7795097
            ],
            [
              -34.8935083,
              -7.7799757
            ],
            [
              -34.8937038,
              -7.7801085
            ],
            [
              -34.8939605,
              -7.7803138
            ],
            [
              -34.8940592,
              -7.7805928
            ],
            [
              -34.8939881,
              -7.7810304
            ],
            [
              -34.893855,
              -7.7812254
            ],
            [
              -34.8935509,
              -7.7813239
            ],
            [
              -34.8931368,
              -7.7813136
            ],
            [
              -34.8914179,
              -7.7810055
            ],
            [
              -34.8883572,
              -7.7811766
            ],
            [
              -34.8883359,
              -7.7809099
            ],
            [
              -34.8883003,
              -7.7804603
            ],
            [
              -34.8882635,
              -7.7799962
            ],
            [
              -34.888229,
              -7.7795612
            ],
            [
              -34.888181,
              -7.7789547
            ],
            [
              -34.8881396,
              -7.7785227
            ],
            [
              -34.8880699,
              -7.777794
            ],
            [
              -34.8880253,
              -7.7773279
            ],
            [
              -34.8879684,
              -7.7767341
            ],
            [
              -34.8879341,
              -7.7763759
            ],
            [
              -34.8879155,
              -7.7761809
            ],
            [
              -34.8879259,
              -7.7759394
            ],
            [
              -34.8876591,
              -7.7740378
            ],
            [
              -34.8874776,
              -7.7723433
            ]
          ]
        ]
      }
    },
    {
      "type": "Feature",
      "id": "way/780264568",
      "properties": {
        "admin_level": "10",
        "boundary": "administrative",
        "name": "Estação Nova",
        "place": "suburb",
        "source": "Condepe Fidem",
        "type": "boundary",
        "id": "way/780264568"
      },
      "geometry": {
        "type": "Polygon",
        "coordinates": [
          [
            [
              -35.0063719,
              -8.0187344
            ],
            [
              -35.0039235,
              -8.0208866
            ],
            [
              -35.0037128,
              -8.021103
            ],
            [
              -35.0035584,
              -8.0213666
            ],
            [
              -35.0024867,
              -8.0231814
            ],
            [
              -35.0018609,
              -8.0242789
            ],
            [
              -35.0017019,
              -8.0244649
            ],
            [
              -35.001452,
              -8.0246212
            ],
            [
              -35.0007354,
              -8.0247794
            ],
            [
              -35.00029,
              -8.0247338
            ],
            [
              -35.0002302,
              -8.0246573
            ],
            [
              -34.9997453,
              -8.0235677
            ],
            [
              -34.9991984,
              -8.0223841
            ],
            [
              -34.9987671,
              -8.0214674
            ],
            [
              -34.9974953,
              -8.0194068
            ],
            [
              -34.9985133,
              -8.0185733
            ],
            [
              -34.9987612,
              -8.0180119
            ],
            [
              -34.9989937,
              -8.0178212
            ],
            [
              -34.9992871,
              -8.0176992
            ],
            [
              -34.9998462,
              -8.0173285
            ],
            [
              -35.0003648,
              -8.0170994
            ],
            [
              -35.0012532,
              -8.0184479
            ],
            [
              -35.0019982,
              -8.0187632
            ],
            [
              -35.0018846,
              -8.0185224
            ],
            [
              -35.0018054,
              -8.0182384
            ],
            [
              -35.0020523,
              -8.0182646
            ],
            [
              -35.0063719,
              -8.0187344
            ]
          ]
        ]
      }
    },
    {
      "type": "Feature",
      "id": "way/797746385",
      "properties": {
        "name": "Vila Nova",
        "place": "suburb",
        "id": "way/797746385"
      },
      "geometry": {
        "type": "Polygon",
        "coordinates": [
          [
            [
              -35.2343789,
              -7.7441711
            ],
            [
              -35.2346635,
              -7.744155
            ],
            [
              -35.2372491,
              -7.7451621
            ],
            [
              -35.2375419,
              -7.7452507
            ],
            [
              -35.2377939,
              -7.7447834
            ],
            [
              -35.2385176,
              -7.7451782
            ],
            [
              -35.2388835,
              -7.7458066
            ],
            [
              -35.2390379,
              -7.7465962
            ],
            [
              -35.2392168,
              -7.7470554
            ],
            [
              -35.2393632,
              -7.7472326
            ],
            [
              -35.2396722,
              -7.7473132
            ],
            [
              -35.2400137,
              -7.7477483
            ],
            [
              -35.2393388,
              -7.7481189
            ],
            [
              -35.2396152,
              -7.7484975
            ],
            [
              -35.2391274,
              -7.7487876
            ],
            [
              -35.2398104,
              -7.7497544
            ],
            [
              -35.2394927,
              -7.7498901
            ],
            [
              -35.2391692,
              -7.749911
            ],
            [
              -35.2389137,
              -7.7497661
            ],
            [
              -35.23862,
              -7.7493256
            ],
            [
              -35.2385094,
              -7.7498188
            ],
            [
              -35.2383077,
              -7.7503188
            ],
            [
              -35.2379624,
              -7.7513257
            ],
            [
              -35.2378153,
              -7.7517255
            ],
            [
              -35.2378102,
              -7.7518411
            ],
            [
              -35.2375175,
              -7.7527515
            ],
            [
              -35.2374199,
              -7.7529287
            ],
            [
              -35.23755,
              -7.7532268
            ],
            [
              -35.2377533,
              -7.7534443
            ],
            [
              -35.237651,
              -7.7537116
            ],
            [
              -35.2361677,
              -7.7533557
            ],
            [
              -35.2360458,
              -7.7533557
            ],
            [
              -35.2359897,
              -7.7536038
            ],
            [
              -35.2358469,
              -7.7535848
            ],
            [
              -35.2356679,
              -7.753554
            ],
            [
              -35.2354071,
              -7.7535014
            ],
            [
              -35.2352408,
              -7.7534661
            ],
            [
              -35.2350538,
              -7.7534282
            ],
            [
              -35.2349074,
              -7.7533315
            ],
            [
              -35.2347773,
              -7.7530657
            ],
            [
              -35.2346066,
              -7.7530173
            ],
            [
              -35.2344602,
              -7.7530818
            ],
            [
              -35.2343139,
              -7.7533557
            ],
            [
              -35.2341279,
              -7.7537568
            ],
            [
              -35.2337115,
              -7.7535467
            ],
            [
              -35.2336445,
              -7.7535082
            ],
            [
              -35.2335774,
              -7.7534583
            ],
            [
              -35.2332227,
              -7.7531487
            ],
            [
              -35.2329397,
              -7.752977
            ],
            [
              -35.2326552,
              -7.7527595
            ],
            [
              -35.2325576,
              -7.7522076
            ],
            [
              -35.2325617,
              -7.7514866
            ],
            [
              -35.2327039,
              -7.7507816
            ],
            [
              -35.2329154,
              -7.7502539
            ],
            [
              -35.233143,
              -7.749843
            ],
            [
              -35.2335089,
              -7.7492508
            ],
            [
              -35.2338341,
              -7.7486587
            ],
            [
              -35.2339968,
              -7.7483606
            ],
            [
              -35.2341594,
              -7.7479336
            ],
            [
              -35.2343057,
              -7.7474743
            ],
            [
              -35.2343952,
              -7.7470514
            ],
            [
              -35.2344765,
              -7.7466445
            ],
            [
              -35.2344968,
              -7.7459274
            ],
            [
              -35.2344602,
              -7.7453514
            ],
            [
              -35.2344399,
              -7.7449485
            ],
            [
              -35.2344135,
              -7.7444551
            ],
            [
              -35.2343789,
              -7.7441711
            ]
          ]
        ]
      }
    },
    {
      "type": "Feature",
      "id": "way/825453894",
      "properties": {
        "addr:city": "ipojuca",
        "addr:postcode": "55590-000",
        "name": "Serrambi",
        "place": "suburb",
        "wikidata": "Q10353113",
        "wikimedia_commons": "Category:Praia do Serrambi",
        "wikipedia": "pt:Praia de Serrambi",
        "id": "way/825453894"
      },
      "geometry": {
        "type": "Polygon",
        "coordinates": [
          [
            [
              -35.0313964,
              -8.5694241
            ],
            [
              -35.0258603,
              -8.5646553
            ],
            [
              -35.0224893,
              -8.5611369
            ],
            [
              -35.0204205,
              -8.5605984
            ],
            [
              -35.0184735,
              -8.5601965
            ],
            [
              -35.0155152,
              -8.5604845
            ],
            [
              -35.0094612,
              -8.5639901
            ],
            [
              -35.0088859,
              -8.5651841
            ],
            [
              -35.0076513,
              -8.5654496
            ],
            [
              -35.006975,
              -8.5645268
            ],
            [
              -35.0070299,
              -8.5631944
            ],
            [
              -35.0062535,
              -8.5620283
            ],
            [
              -35.0072063,
              -8.5614815
            ],
            [
              -35.0076734,
              -8.5605469
            ],
            [
              -35.008458,
              -8.5589465
            ],
            [
              -35.0090184,
              -8.5576956
            ],
            [
              -35.009126,
              -8.5570143
            ],
            [
              -35.0090374,
              -8.556296
            ],
            [
              -35.0087388,
              -8.5547395
            ],
            [
              -35.0083714,
              -8.5539036
            ],
            [
              -35.0078641,
              -8.5533079
            ],
            [
              -35.0064458,
              -8.5522319
            ],
            [
              -35.0052926,
              -8.5513267
            ],
            [
              -35.0044287,
              -8.5504585
            ],
            [
              -35.0036385,
              -8.549558
            ],
            [
              -35.0029115,
              -8.5483589
            ],
            [
              -35.002944,
              -8.5471628
            ],
            [
              -35.0029005,
              -8.5451854
            ],
            [
              -35.0025998,
              -8.5436822
            ],
            [
              -35.0051905,
              -8.5425343
            ],
            [
              -35.0056112,
              -8.5431941
            ],
            [
              -35.0048947,
              -8.5440873
            ],
            [
              -35.0051245,
              -8.544643
            ],
            [
              -35.0062611,
              -8.5478509
            ],
            [
              -35.0092492,
              -8.5467351
            ],
            [
              -35.0103942,
              -8.5468678
            ],
            [
              -35.0124781,
              -8.5488351
            ],
            [
              -35.0169786,
              -8.5475649
            ],
            [
              -35.0176162,
              -8.5497368
            ],
            [
              -35.0179353,
              -8.5546354
            ],
            [
              -35.0184732,
              -8.5546459
            ],
            [
              -35.0185577,
              -8.5543484
            ],
            [
              -35.0184978,
              -8.5536918
            ],
            [
              -35.0180763,
              -8.5530844
            ],
            [
              -35.0177528,
              -8.5516282
            ],
            [
              -35.0183007,
              -8.550907
            ],
            [
              -35.0189189,
              -8.5508089
            ],
            [
              -35.0192952,
              -8.55119
            ],
            [
              -35.0201526,
              -8.55088
            ],
            [
              -35.0207059,
              -8.5506407
            ],
            [
              -35.021809,
              -8.5507786
            ],
            [
              -35.0223746,
              -8.5513386
            ],
            [
              -35.0235044,
              -8.5519055
            ],
            [
              -35.0246271,
              -8.5518005
            ],
            [
              -35.0275541,
              -8.5543942
            ],
            [
              -35.0287635,
              -8.555248
            ],
            [
              -35.0303167,
              -8.5579521
            ],
            [
              -35.0324356,
              -8.5600797
            ],
            [
              -35.0348347,
              -8.5621333
            ],
            [
              -35.0364711,
              -8.5670954
            ],
            [
              -35.0394812,
              -8.577579
            ],
            [
              -35.040969,
              -8.579436
            ],
            [
              -35.0414527,
              -8.5841196
            ],
            [
              -35.0472724,
              -8.5920249
            ],
            [
              -35.0487426,
              -8.5967026
            ],
            [
              -35.0476966,
              -8.6018526
            ],
            [
              -35.0478536,
              -8.6061687
            ],
            [
              -35.0468743,
              -8.6067705
            ],
            [
              -35.0459505,
              -8.6069884
            ],
            [
              -35.0447852,
              -8.6051065
            ],
            [
              -35.0444539,
              -8.6044647
            ],
            [
              -35.0445534,
              -8.6035947
            ],
            [
              -35.0461488,
              -8.599431
            ],
            [
              -35.046243,
              -8.5982827
            ],
            [
              -35.0461717,
              -8.597308
            ],
            [
              -35.0459502,
              -8.5965243
            ],
            [
              -35.0455787,
              -8.5947723
            ],
            [
              -35.0452106,
              -8.5936682
            ],
            [
              -35.0446332,
              -8.5925641
            ],
            [
              -35.0434953,
              -8.5907375
            ],
            [
              -35.0415971,
              -8.5891515
            ],
            [
              -35.0404369,
              -8.5880171
            ],
            [
              -35.0394322,
              -8.5868773
            ],
            [
              -35.0388158,
              -8.5862023
            ],
            [
              -35.0385701,
              -8.5842908
            ],
            [
              -35.0380024,
              -8.5827984
            ],
            [
              -35.0380694,
              -8.5808995
            ],
            [
              -35.0380209,
              -8.5798281
            ],
            [
              -35.0366855,
              -8.5779624
            ],
            [
              -35.0364672,
              -8.5759029
            ],
            [
              -35.0342966,
              -8.5729155
            ],
            [
              -35.0328465,
              -8.5709444
            ],
            [
              -35.0313964,
              -8.5694241
            ]
          ]
        ]
      }
    },
    {
      "type": "Feature",
      "id": "way/850309902",
      "properties": {
        "area": "yes",
        "name": "Quadra 98 A",
        "place": "neighbourhood",
        "id": "way/850309902"
      },
      "geometry": {
        "type": "Polygon",
        "coordinates": [
          [
            [
              -35.0096402,
              -8.2916126
            ],
            [
              -35.0096346,
              -8.2917566
            ],
            [
              -35.0077922,
              -8.2917794
            ],
            [
              -35.0071253,
              -8.2916909
            ],
            [
              -35.0070875,
              -8.2916749
            ],
            [
              -35.0070606,
              -8.2916482
            ],
            [
              -35.0064143,
              -8.2909416
            ],
            [
              -35.0066826,
              -8.2909342
            ],
            [
              -35.007301,
              -8.2916292
            ],
            [
              -35.0096402,
              -8.2916126
            ]
          ]
        ]
      }
    },
    {
      "type": "Feature",
      "id": "way/951970392",
      "properties": {
        "name": "Alto do Cruzeiro",
        "place": "neighbourhood",
        "id": "way/951970392"
      },
      "geometry": {
        "type": "Polygon",
        "coordinates": [
          [
            [
              -35.5741602,
              -8.2104059
            ],
            [
              -35.5750814,
              -8.2109121
            ],
            [
              -35.5745423,
              -8.2119825
            ],
            [
              -35.5742157,
              -8.2116501
            ],
            [
              -35.5742896,
              -8.2113574
            ],
            [
              -35.5740616,
              -8.2109365
            ],
            [
              -35.5741818,
              -8.2107719
            ],
            [
              -35.5740123,
              -8.2107292
            ],
            [
              -35.5741602,
              -8.2104059
            ]
          ]
        ]
      }
    },
    {
      "type": "Feature",
      "id": "way/968188011",
      "properties": {
        "name": "Quinta Etapa",
        "place": "neighbourhood",
        "id": "way/968188011"
      },
      "geometry": {
        "type": "Polygon",
        "coordinates": [
          [
            [
              -34.8589616,
              -7.9625219
            ],
            [
              -34.8614496,
              -7.966991
            ],
            [
              -34.855758,
              -7.9683921
            ],
            [
              -34.8545525,
              -7.963951
            ],
            [
              -34.8589616,
              -7.9625219
            ]
          ]
        ]
      }
    },
    {
      "type": "Feature",
      "id": "way/1006149212",
      "properties": {
        "name": "Quatro Contas",
        "place": "neighbourhood",
        "id": "way/1006149212"
      },
      "geometry": {
        "type": "Polygon",
        "coordinates": [
          [
            [
              -35.4132196,
              -7.9536413
            ],
            [
              -35.4115051,
              -7.9511727
            ],
            [
              -35.4094318,
              -7.9498019
            ],
            [
              -35.409193,
              -7.9496346
            ],
            [
              -35.4088846,
              -7.9494699
            ],
            [
              -35.4087451,
              -7.9493238
            ],
            [
              -35.4082999,
              -7.9487314
            ],
            [
              -35.408088,
              -7.9485481
            ],
            [
              -35.4080102,
              -7.9485773
            ],
            [
              -35.4078168,
              -7.9473941
            ],
            [
              -35.4088931,
              -7.9465983
            ],
            [
              -35.4098331,
              -7.9470037
            ],
            [
              -35.4103232,
              -7.9466737
            ],
            [
              -35.4124818,
              -7.9452204
            ],
            [
              -35.4132895,
              -7.9446765
            ],
            [
              -35.417413,
              -7.9480247
            ],
            [
              -35.4176101,
              -7.9489105
            ],
            [
              -35.4164276,
              -7.9499916
            ],
            [
              -35.4165208,
              -7.9502934
            ],
            [
              -35.4164806,
              -7.9503279
            ],
            [
              -35.4163799,
              -7.9504185
            ],
            [
              -35.4158475,
              -7.9507484
            ],
            [
              -35.4152653,
              -7.9510598
            ],
            [
              -35.4158226,
              -7.9519324
            ],
            [
              -35.4158351,
              -7.9520095
            ],
            [
              -35.4158133,
              -7.9520558
            ],
            [
              -35.4157479,
              -7.9521113
            ],
            [
              -35.4151408,
              -7.9524566
            ],
            [
              -35.4132196,
              -7.9536413
            ]
          ]
        ]
      }
    },
    {
      "type": "Feature",
      "id": "way/1082727097",
      "properties": {
        "access": "private",
        "name": "Condominio Praia de Tamandaré",
        "place": "neighbourhood",
        "id": "way/1082727097"
      },
      "geometry": {
        "type": "Polygon",
        "coordinates": [
          [
            [
              -35.090974,
              -8.7303952
            ],
            [
              -35.090251,
              -8.7303855
            ],
            [
              -35.0902297,
              -8.730361
            ],
            [
              -35.0900811,
              -8.7303505
            ],
            [
              -35.0901236,
              -8.7293624
            ],
            [
              -35.0901572,
              -8.7284933
            ],
            [
              -35.0902761,
              -8.7284933
            ],
            [
              -35.0904774,
              -8.7284933
            ],
            [
              -35.0905055,
              -8.7285206
            ],
            [
              -35.0908186,
              -8.728523
            ],
            [
              -35.0910152,
              -8.7285151
            ],
            [
              -35.0909914,
              -8.7294882
            ],
            [
              -35.090974,
              -8.7303952
            ]
          ]
        ]
      }
    },
    {
      "type": "Feature",
      "id": "way/1084505778",
      "properties": {
        "access": "private",
        "name": "Residencial Parque das Águas Marinhas",
        "place": "neighbourhood",
        "id": "way/1084505778"
      },
      "geometry": {
        "type": "Polygon",
        "coordinates": [
          [
            [
              -35.0909771,
              -8.7304416
            ],
            [
              -35.0908958,
              -8.7308373
            ],
            [
              -35.0908869,
              -8.7308649
            ],
            [
              -35.090859,
              -8.7310733
            ],
            [
              -35.0904094,
              -8.7310436
            ],
            [
              -35.0900201,
              -8.7310178
            ],
            [
              -35.0900503,
              -8.7306622
            ],
            [
              -35.0900952,
              -8.7306482
            ],
            [
              -35.0900878,
              -8.7304217
            ],
            [
              -35.0909771,
              -8.7304416
            ]
          ]
        ]
      }
    },
    {
      "type": "Feature",
      "id": "way/1085170948",
      "properties": {
        "access": "private",
        "name": "Condominio Privê Praia dos Carneiros",
        "place": "neighbourhood",
        "id": "way/1085170948"
      },
      "geometry": {
        "type": "Polygon",
        "coordinates": [
          [
            [
              -35.0884545,
              -8.7228332
            ],
            [
              -35.0882607,
              -8.7221818
            ],
            [
              -35.0882528,
              -8.7221551
            ],
            [
              -35.0882432,
              -8.7221281
            ],
            [
              -35.0879366,
              -8.7212608
            ],
            [
              -35.0877377,
              -8.7207518
            ],
            [
              -35.0945609,
              -8.7197959
            ],
            [
              -35.0949556,
              -8.7208864
            ],
            [
              -35.0953177,
              -8.7218543
            ],
            [
              -35.0953063,
              -8.721856
            ],
            [
              -35.0949359,
              -8.7219113
            ],
            [
              -35.0943927,
              -8.7219925
            ],
            [
              -35.0941324,
              -8.7220272
            ],
            [
              -35.0940349,
              -8.7220402
            ],
            [
              -35.0937117,
              -8.7220786
            ],
            [
              -35.0934767,
              -8.7221103
            ],
            [
              -35.0932545,
              -8.7221403
            ],
            [
              -35.0929903,
              -8.7221806
            ],
            [
              -35.0924206,
              -8.7222675
            ],
            [
              -35.092277,
              -8.722284
            ],
            [
              -35.0919343,
              -8.7223259
            ],
            [
              -35.0915266,
              -8.7223874
            ],
            [
              -35.0914726,
              -8.7223962
            ],
            [
              -35.0910727,
              -8.7224505
            ],
            [
              -35.0908546,
              -8.7224827
            ],
            [
              -35.0908095,
              -8.722449
            ],
            [
              -35.090788,
              -8.7224221
            ],
            [
              -35.0907692,
              -8.7223986
            ],
            [
              -35.0907374,
              -8.7224075
            ],
            [
              -35.0906775,
              -8.7224243
            ],
            [
              -35.0906438,
              -8.7224337
            ],
            [
              -35.0906603,
              -8.7224732
            ],
            [
              -35.0906756,
              -8.7225102
            ],
            [
              -35.0903095,
              -8.7225698
            ],
            [
              -35.0899095,
              -8.7226135
            ],
            [
              -35.0890327,
              -8.7227565
            ],
            [
              -35.088785,
              -8.7227891
            ],
            [
              -35.0885278,
              -8.7228229
            ],
            [
              -35.0884545,
              -8.7228332
            ]
          ]
        ]
      }
    },
    {
      "type": "Feature",
      "id": "way/1085200201",
      "properties": {
        "access": "private",
        "alt_name": "Village Praia dos Carneiros 3",
        "barrier": "wall",
        "name": "Village Praia dos Carneiros Ⅲ",
        "place": "neighbourhood",
        "id": "way/1085200201"
      },
      "geometry": {
        "type": "Polygon",
        "coordinates": [
          [
            [
              -35.0903387,
              -8.7162518
            ],
            [
              -35.0912869,
              -8.7180944
            ],
            [
              -35.0910582,
              -8.7181254
            ],
            [
              -35.0905848,
              -8.7181897
            ],
            [
              -35.0900882,
              -8.7182571
            ],
            [
              -35.0897514,
              -8.7182992
            ],
            [
              -35.0895233,
              -8.7183277
            ],
            [
              -35.0892819,
              -8.7183583
            ],
            [
              -35.0888462,
              -8.7184137
            ],
            [
              -35.0886261,
              -8.7184417
            ],
            [
              -35.0882857,
              -8.7177605
            ],
            [
              -35.0876981,
              -8.7165845
            ],
            [
              -35.0880588,
              -8.716535
            ],
            [
              -35.0885189,
              -8.7164718
            ],
            [
              -35.0885327,
              -8.7164701
            ],
            [
              -35.0903387,
              -8.7162518
            ]
          ]
        ]
      }
    },
    {
      "type": "Feature",
      "id": "way/1137327635",
      "properties": {
        "boundary": "administrative",
        "name": "Gercino Coelho",
        "place": "suburb",
        "id": "way/1137327635"
      },
      "geometry": {
        "type": "Polygon",
        "coordinates": [
          [
            [
              -40.5188195,
              -9.3912871
            ],
            [
              -40.5129647,
              -9.3933417
            ],
            [
              -40.5113207,
              -9.3938843
            ],
            [
              -40.5096569,
              -9.3944205
            ],
            [
              -40.5077517,
              -9.3950768
            ],
            [
              -40.5071322,
              -9.3954886
            ],
            [
              -40.5067087,
              -9.3961103
            ],
            [
              -40.5067081,
              -9.3961124
            ],
            [
              -40.5062751,
              -9.3957907
            ],
            [
              -40.5064114,
              -9.395371
            ],
            [
              -40.5065261,
              -9.3949887
            ],
            [
              -40.506601,
              -9.3946118
            ],
            [
              -40.5077101,
              -9.392251
            ],
            [
              -40.5078965,
              -9.391887
            ],
            [
              -40.5081407,
              -9.3913804
            ],
            [
              -40.5088025,
              -9.3891846
            ],
            [
              -40.5096282,
              -9.3857617
            ],
            [
              -40.5098213,
              -9.3849611
            ],
            [
              -40.5162604,
              -9.3870299
            ],
            [
              -40.5168208,
              -9.3871773
            ],
            [
              -40.5172504,
              -9.3874169
            ],
            [
              -40.51768,
              -9.3883937
            ],
            [
              -40.5183338,
              -9.3896837
            ],
            [
              -40.5188195,
              -9.3912871
            ]
          ]
        ]
      }
    },
    {
      "type": "Feature",
      "id": "way/1137351087",
      "properties": {
        "name": "Jardim Maravilha",
        "place": "suburb",
        "id": "way/1137351087"
      },
      "geometry": {
        "type": "Polygon",
        "coordinates": [
          [
            [
              -40.5191402,
              -9.3911691
            ],
            [
              -40.5186072,
              -9.3894736
            ],
            [
              -40.517916,
              -9.3882204
            ],
            [
              -40.5175611,
              -9.3874463
            ],
            [
              -40.5172622,
              -9.3870593
            ],
            [
              -40.516926,
              -9.3868566
            ],
            [
              -40.5099218,
              -9.3849906
            ],
            [
              -40.5110255,
              -9.3808
            ],
            [
              -40.5128993,
              -9.3816324
            ],
            [
              -40.5206422,
              -9.385072
            ],
            [
              -40.5223373,
              -9.3858342
            ],
            [
              -40.523775,
              -9.3863634
            ],
            [
              -40.5246333,
              -9.3869774
            ],
            [
              -40.52469,
              -9.3870892
            ],
            [
              -40.5248264,
              -9.3873584
            ],
            [
              -40.5247835,
              -9.387803
            ],
            [
              -40.5247284,
              -9.3879116
            ],
            [
              -40.5246785,
              -9.3880375
            ],
            [
              -40.5245689,
              -9.3882264
            ],
            [
              -40.5244667,
              -9.3883751
            ],
            [
              -40.5240325,
              -9.3888827
            ],
            [
              -40.5238372,
              -9.3890309
            ],
            [
              -40.5226378,
              -9.3899412
            ],
            [
              -40.5214147,
              -9.3904493
            ],
            [
              -40.5191402,
              -9.3911691
            ]
          ]
        ]
      }
    },
    {
      "type": "Feature",
      "id": "way/1152828004",
      "properties": {
        "name": "Sítio Novo",
        "place": "neighbourhood",
        "id": "way/1152828004"
      },
      "geometry": {
        "type": "Polygon",
        "coordinates": [
          [
            [
              -35.4029959,
              -7.9491958
            ],
            [
              -35.4019744,
              -7.94793
            ],
            [
              -35.3995653,
              -7.9478069
            ],
            [
              -35.3981931,
              -7.9471245
            ],
            [
              -35.3974716,
              -7.9461055
            ],
            [
              -35.3966663,
              -7.9445786
            ],
            [
              -35.397018,
              -7.9440394
            ],
            [
              -35.3988366,
              -7.942751
            ],
            [
              -35.4004738,
              -7.9435542
            ],
            [
              -35.4004338,
              -7.9417726
            ],
            [
              -35.3994639,
              -7.9416566
            ],
            [
              -35.3993109,
              -7.9394192
            ],
            [
              -35.3988374,
              -7.9378403
            ],
            [
              -35.3979982,
              -7.9367899
            ],
            [
              -35.397102,
              -7.9367665
            ],
            [
              -35.3961781,
              -7.933003
            ],
            [
              -35.4014719,
              -7.9295501
            ],
            [
              -35.4019049,
              -7.93544
            ],
            [
              -35.4039563,
              -7.9359394
            ],
            [
              -35.4052622,
              -7.9330867
            ],
            [
              -35.4089086,
              -7.9330495
            ],
            [
              -35.4106877,
              -7.932204
            ],
            [
              -35.4105982,
              -7.935177
            ],
            [
              -35.4132895,
              -7.9446765
            ],
            [
              -35.4124818,
              -7.9452204
            ],
            [
              -35.4103232,
              -7.9466737
            ],
            [
              -35.4098331,
              -7.9470037
            ],
            [
              -35.4088931,
              -7.9465983
            ],
            [
              -35.4078168,
              -7.9473941
            ],
            [
              -35.4080102,
              -7.9485773
            ],
            [
              -35.40637,
              -7.9490608
            ],
            [
              -35.4056872,
              -7.9480675
            ],
            [
              -35.4029959,
              -7.9491958
            ]
          ]
        ]
      }
    },
    {
      "type": "Feature",
      "id": "way/1153286255",
      "properties": {
        "boundary": "administrative",
        "name": "Atrás da Banca",
        "place": "suburb",
        "id": "way/1153286255"
      },
      "geometry": {
        "type": "Polygon",
        "coordinates": [
          [
            [
              -40.5113384,
              -9.3992618
            ],
            [
              -40.510977,
              -9.399297
            ],
            [
              -40.5101763,
              -9.3993822
            ],
            [
              -40.5095762,
              -9.399468
            ],
            [
              -40.5095247,
              -9.3990355
            ],
            [
              -40.508928,
              -9.3991035
            ],
            [
              -40.5086036,
              -9.3991542
            ],
            [
              -40.5081658,
              -9.3992291
            ],
            [
              -40.5074805,
              -9.3993283
            ],
            [
              -40.5070798,
              -9.3993778
            ],
            [
              -40.5068014,
              -9.3994324
            ],
            [
              -40.506593,
              -9.3994633
            ],
            [
              -40.5061133,
              -9.3995381
            ],
            [
              -40.5054563,
              -9.3996318
            ],
            [
              -40.5050845,
              -9.3996898
            ],
            [
              -40.504863,
              -9.399639
            ],
            [
              -40.5047389,
              -9.3995932
            ],
            [
              -40.5049153,
              -9.3992555
            ],
            [
              -40.5051943,
              -9.3987213
            ],
            [
              -40.50539,
              -9.3983467
            ],
            [
              -40.506023,
              -9.3970814
            ],
            [
              -40.5067081,
              -9.3961124
            ],
            [
              -40.5071322,
              -9.3954886
            ],
            [
              -40.5077517,
              -9.3950768
            ],
            [
              -40.5091594,
              -9.3945924
            ],
            [
              -40.5096578,
              -9.3944207
            ],
            [
              -40.5107414,
              -9.397553
            ],
            [
              -40.5120599,
              -9.3973312
            ],
            [
              -40.5120992,
              -9.3973467
            ],
            [
              -40.5121228,
              -9.397401
            ],
            [
              -40.5118987,
              -9.3992089
            ],
            [
              -40.5113384,
              -9.3992618
            ]
          ]
        ]
      }
    },
    {
      "type": "Feature",
      "id": "way/1155121732",
      "properties": {
        "boundary": "administrative",
        "name": "Loteamento Eduardo",
        "place": "suburb",
        "id": "way/1155121732"
      },
      "geometry": {
        "type": "Polygon",
        "coordinates": [
          [
            [
              -40.4839503,
              -9.3933657
            ],
            [
              -40.4863652,
              -9.3915708
            ],
            [
              -40.4870574,
              -9.3910259
            ],
            [
              -40.4881332,
              -9.3901508
            ],
            [
              -40.4890687,
              -9.3894488
            ],
            [
              -40.4890889,
              -9.3908486
            ],
            [
              -40.4891089,
              -9.3917265
            ],
            [
              -40.4891255,
              -9.3919258
            ],
            [
              -40.4891976,
              -9.3927906
            ],
            [
              -40.4892376,
              -9.3930052
            ],
            [
              -40.4892947,
              -9.3932019
            ],
            [
              -40.4894637,
              -9.3937842
            ],
            [
              -40.4897145,
              -9.3943308
            ],
            [
              -40.4903325,
              -9.3954091
            ],
            [
              -40.4899748,
              -9.3955926
            ],
            [
              -40.4894942,
              -9.3959821
            ],
            [
              -40.4890765,
              -9.3964309
            ],
            [
              -40.4889163,
              -9.3968966
            ],
            [
              -40.4871951,
              -9.396115
            ],
            [
              -40.4863455,
              -9.3956998
            ],
            [
              -40.486127,
              -9.3954044
            ],
            [
              -40.4855848,
              -9.3947338
            ],
            [
              -40.4854067,
              -9.3944702
            ],
            [
              -40.4852449,
              -9.3942308
            ],
            [
              -40.4850264,
              -9.3940791
            ],
            [
              -40.4839503,
              -9.3933657
            ]
          ]
        ]
      }
    },
    {
      "type": "Feature",
      "id": "way/1155123737",
      "properties": {
        "name": "Colônia Imperial",
        "place": "suburb",
        "id": "way/1155123737"
      },
      "geometry": {
        "type": "Polygon",
        "coordinates": [
          [
            [
              -40.4823884,
              -9.3923264
            ],
            [
              -40.4839503,
              -9.3933657
            ],
            [
              -40.4852449,
              -9.3942308
            ],
            [
              -40.4854067,
              -9.3944702
            ],
            [
              -40.4850695,
              -9.3944344
            ],
            [
              -40.4845237,
              -9.3962867
            ],
            [
              -40.4839246,
              -9.3980523
            ],
            [
              -40.4836293,
              -9.3976955
            ],
            [
              -40.4834773,
              -9.3973255
            ],
            [
              -40.4832584,
              -9.396798
            ],
            [
              -40.4831807,
              -9.3966951
            ],
            [
              -40.4810962,
              -9.3967101
            ],
            [
              -40.4810161,
              -9.3966706
            ],
            [
              -40.4808329,
              -9.3967402
            ],
            [
              -40.4808047,
              -9.3957272
            ],
            [
              -40.4824309,
              -9.3957139
            ],
            [
              -40.4824509,
              -9.3951296
            ],
            [
              -40.4824293,
              -9.3937174
            ],
            [
              -40.4823884,
              -9.3923264
            ]
          ]
        ]
      }
    },
    {
      "type": "Feature",
      "id": "way/1155127913",
      "properties": {
        "name": "Vila dos Ingas II",
        "place": "suburb",
        "id": "way/1155127913"
      },
      "geometry": {
        "type": "Polygon",
        "coordinates": [
          [
            [
              -40.4843669,
              -9.3983879
            ],
            [
              -40.4835496,
              -9.4003839
            ],
            [
              -40.4827924,
              -9.4000354
            ],
            [
              -40.4823248,
              -9.3999978
            ],
            [
              -40.4821281,
              -9.3995292
            ],
            [
              -40.4817879,
              -9.3990593
            ],
            [
              -40.4835912,
              -9.3976495
            ],
            [
              -40.4836293,
              -9.3976955
            ],
            [
              -40.4839246,
              -9.3980523
            ],
            [
              -40.4843669,
              -9.3983879
            ]
          ]
        ]
      }
    },
    {
      "type": "Feature",
      "id": "way/1155128147",
      "properties": {
        "boundary": "administrative",
        "name": "Alto Cheiroso",
        "place": "suburb",
        "id": "way/1155128147"
      },
      "geometry": {
        "type": "Polygon",
        "coordinates": [
          [
            [
              -40.4938853,
              -9.4030613
            ],
            [
              -40.4910231,
              -9.4023674
            ],
            [
              -40.4907688,
              -9.4010174
            ],
            [
              -40.4907401,
              -9.4008791
            ],
            [
              -40.4925559,
              -9.400726
            ],
            [
              -40.4938853,
              -9.4030613
            ]
          ]
        ]
      }
    },
    {
      "type": "Feature",
      "id": "way/1155128304",
      "properties": {
        "name": "Vila dos Ingas II",
        "place": "suburb",
        "id": "way/1155128304"
      },
      "geometry": {
        "type": "Polygon",
        "coordinates": [
          [
            [
              -40.4910231,
              -9.4023674
            ],
            [
              -40.4877454,
              -9.4015084
            ],
            [
              -40.4842817,
              -9.4005843
            ],
            [
              -40.4847399,
              -9.3985828
            ],
            [
              -40.4852792,
              -9.3987613
            ],
            [
              -40.4906681,
              -9.400186
            ],
            [
              -40.4907688,
              -9.4010174
            ],
            [
              -40.4910231,
              -9.4023674
            ]
          ]
        ]
      }
    },
    {
      "type": "Feature",
      "id": "way/1155252586",
      "properties": {
        "name": "Residencial Nova Petrolina",
        "place": "suburb",
        "id": "way/1155252586"
      },
      "geometry": {
        "type": "Polygon",
        "coordinates": [
          [
            [
              -40.5578726,
              -9.4056058
            ],
            [
              -40.5598181,
              -9.3996149
            ],
            [
              -40.5598753,
              -9.3995726
            ],
            [
              -40.5616634,
              -9.4000877
            ],
            [
              -40.5615061,
              -9.400624
            ],
            [
              -40.5609904,
              -9.4024164
            ],
            [
              -40.5606639,
              -9.4032363
            ],
            [
              -40.5603286,
              -9.4043831
            ],
            [
              -40.5600639,
              -9.4051846
            ],
            [
              -40.5607532,
              -9.4054178
            ],
            [
              -40.5611549,
              -9.4055399
            ],
            [
              -40.5611707,
              -9.4056298
            ],
            [
              -40.5610024,
              -9.4064851
            ],
            [
              -40.5578082,
              -9.4057258
            ],
            [
              -40.5578726,
              -9.4056058
            ]
          ]
        ]
      }
    },
    {
      "type": "Feature",
      "id": "way/1155255537",
      "properties": {
        "name": "Nova Petrolina",
        "place": "suburb",
        "id": "way/1155255537"
      },
      "geometry": {
        "type": "Polygon",
        "coordinates": [
          [
            [
              -40.5729653,
              -9.3925547
            ],
            [
              -40.572181,
              -9.3974014
            ],
            [
              -40.5705131,
              -9.4055234
            ],
            [
              -40.5682537,
              -9.4160768
            ],
            [
              -40.5618369,
              -9.4162146
            ],
            [
              -40.5618533,
              -9.4153068
            ],
            [
              -40.5624778,
              -9.4078173
            ],
            [
              -40.5628886,
              -9.4045994
            ],
            [
              -40.5639567,
              -9.4012517
            ],
            [
              -40.5668258,
              -9.3941028
            ],
            [
              -40.5550076,
              -9.3942011
            ],
            [
              -40.5552691,
              -9.3935745
            ],
            [
              -40.553289,
              -9.3935622
            ],
            [
              -40.5532641,
              -9.3925302
            ],
            [
              -40.5729653,
              -9.3925547
            ]
          ]
        ]
      }
    },
    {
      "type": "Feature",
      "id": "way/1155256853",
      "properties": {
        "name": "Residencial Brasil",
        "place": "suburb",
        "id": "way/1155256853"
      },
      "geometry": {
        "type": "Polygon",
        "coordinates": [
          [
            [
              -40.5564451,
              -9.4009199
            ],
            [
              -40.5565167,
              -9.400927
            ],
            [
              -40.5552435,
              -9.4049703
            ],
            [
              -40.5532265,
              -9.4044199
            ],
            [
              -40.5545354,
              -9.4003131
            ],
            [
              -40.5564451,
              -9.4009199
            ]
          ]
        ]
      }
    },
    {
      "type": "Feature",
      "id": "way/1155257169",
      "properties": {
        "name": "Valle das Mangueiras",
        "place": "suburb",
        "id": "way/1155257169"
      },
      "geometry": {
        "type": "Polygon",
        "coordinates": [
          [
            [
              -40.5577541,
              -9.3971726
            ],
            [
              -40.5569099,
              -9.3996842
            ],
            [
              -40.5565165,
              -9.400905
            ],
            [
              -40.556445,
              -9.4009085
            ],
            [
              -40.5545496,
              -9.4002964
            ],
            [
              -40.5555686,
              -9.3971807
            ],
            [
              -40.5577541,
              -9.3971726
            ]
          ]
        ]
      }
    },
    {
      "type": "Feature",
      "id": "way/1155262314",
      "properties": {
        "name": "Colina do Rio",
        "place": "suburb",
        "id": "way/1155262314"
      },
      "geometry": {
        "type": "Polygon",
        "coordinates": [
          [
            [
              -40.5420306,
              -9.4014528
            ],
            [
              -40.5425293,
              -9.401763
            ],
            [
              -40.5427786,
              -9.402041
            ],
            [
              -40.5468658,
              -9.4112178
            ],
            [
              -40.5441555,
              -9.4124156
            ],
            [
              -40.54241,
              -9.4106081
            ],
            [
              -40.5409139,
              -9.4097846
            ],
            [
              -40.539266,
              -9.4088755
            ],
            [
              -40.5390167,
              -9.4086723
            ],
            [
              -40.5420306,
              -9.4014528
            ]
          ]
        ]
      }
    },
    {
      "type": "Feature",
      "id": "way/1155266832",
      "properties": {
        "name": "Portal da Cidade",
        "place": "suburb",
        "id": "way/1155266832"
      },
      "geometry": {
        "type": "Polygon",
        "coordinates": [
          [
            [
              -40.5458785,
              -9.3709283
            ],
            [
              -40.546003,
              -9.3713461
            ],
            [
              -40.5457166,
              -9.3718253
            ],
            [
              -40.5453305,
              -9.3724519
            ],
            [
              -40.544932,
              -9.3734349
            ],
            [
              -40.5449694,
              -9.3743564
            ],
            [
              -40.5446705,
              -9.3754377
            ],
            [
              -40.5438237,
              -9.3762609
            ],
            [
              -40.5427153,
              -9.3762978
            ],
            [
              -40.5408971,
              -9.3763346
            ],
            [
              -40.539988,
              -9.3764821
            ],
            [
              -40.539054,
              -9.376863
            ],
            [
              -40.5385434,
              -9.3761995
            ],
            [
              -40.5383566,
              -9.37588
            ],
            [
              -40.5383566,
              -9.375536
            ],
            [
              -40.5391412,
              -9.3749216
            ],
            [
              -40.5396264,
              -9.3743112
            ],
            [
              -40.5396892,
              -9.3742458
            ],
            [
              -40.5397189,
              -9.3742165
            ],
            [
              -40.5397981,
              -9.3741261
            ],
            [
              -40.5403741,
              -9.37357
            ],
            [
              -40.5412209,
              -9.3727222
            ],
            [
              -40.5418685,
              -9.3721447
            ],
            [
              -40.5426281,
              -9.3716901
            ],
            [
              -40.5432633,
              -9.3713707
            ],
            [
              -40.5441225,
              -9.3711372
            ],
            [
              -40.5448573,
              -9.371002
            ],
            [
              -40.5458785,
              -9.3709283
            ]
          ]
        ]
      }
    },
    {
      "type": "Feature",
      "id": "way/1155267652",
      "properties": {
        "name": "Jardim Imperial",
        "place": "suburb",
        "id": "way/1155267652"
      },
      "geometry": {
        "type": "Polygon",
        "coordinates": [
          [
            [
              -40.5464934,
              -9.380125
            ],
            [
              -40.5468857,
              -9.3807024
            ],
            [
              -40.5466366,
              -9.3807147
            ],
            [
              -40.5466553,
              -9.3815134
            ],
            [
              -40.5467425,
              -9.3817468
            ],
            [
              -40.5468172,
              -9.3819188
            ],
            [
              -40.5424336,
              -9.3831352
            ],
            [
              -40.5415494,
              -9.3808744
            ],
            [
              -40.5411198,
              -9.3797871
            ],
            [
              -40.5390774,
              -9.3769058
            ],
            [
              -40.5399928,
              -9.3765433
            ],
            [
              -40.5409953,
              -9.3763959
            ],
            [
              -40.5430563,
              -9.3763529
            ],
            [
              -40.5438284,
              -9.376316
            ],
            [
              -40.5446752,
              -9.3755112
            ],
            [
              -40.5444199,
              -9.3763713
            ],
            [
              -40.5452294,
              -9.3783065
            ],
            [
              -40.5457338,
              -9.3791973
            ],
            [
              -40.5464934,
              -9.380125
            ]
          ]
        ]
      }
    },
    {
      "type": "Feature",
      "id": "way/1155271660",
      "properties": {
        "boundary": "administrative",
        "name": "Pedra Linda",
        "place": "suburb",
        "id": "way/1155271660"
      },
      "geometry": {
        "type": "Polygon",
        "coordinates": [
          [
            [
              -40.5149261,
              -9.3453164
            ],
            [
              -40.5181392,
              -9.3458877
            ],
            [
              -40.5180457,
              -9.3464161
            ],
            [
              -40.5200383,
              -9.3468156
            ],
            [
              -40.5192724,
              -9.3495189
            ],
            [
              -40.5231267,
              -9.3502439
            ],
            [
              -40.5228029,
              -9.35264
            ],
            [
              -40.5184962,
              -9.3526359
            ],
            [
              -40.5153726,
              -9.3526099
            ],
            [
              -40.5149261,
              -9.3453164
            ]
          ]
        ]
      }
    },
    {
      "type": "Feature",
      "id": "way/1155277570",
      "properties": {
        "name": "Parque Massangano",
        "place": "suburb",
        "id": "way/1155277570"
      },
      "geometry": {
        "type": "Polygon",
        "coordinates": [
          [
            [
              -40.5384857,
              -9.3874089
            ],
            [
              -40.5385021,
              -9.3864362
            ],
            [
              -40.5429717,
              -9.3866794
            ],
            [
              -40.5432182,
              -9.3884951
            ],
            [
              -40.5435139,
              -9.3902785
            ],
            [
              -40.5435797,
              -9.3913809
            ],
            [
              -40.5434975,
              -9.3934074
            ],
            [
              -40.538272,
              -9.3932453
            ],
            [
              -40.5384857,
              -9.3874089
            ]
          ]
        ]
      }
    },
    {
      "type": "Feature",
      "id": "way/1155278313",
      "properties": {
        "boundary": "administrative",
        "name": "Distrito Industrial",
        "place": "suburb",
        "id": "way/1155278313"
      },
      "geometry": {
        "type": "Polygon",
        "coordinates": [
          [
            [
              -40.5118813,
              -9.4010108
            ],
            [
              -40.5119221,
              -9.4006682
            ],
            [
              -40.5119252,
              -9.4006426
            ],
            [
              -40.5119379,
              -9.4005359
            ],
            [
              -40.5118011,
              -9.4003404
            ],
            [
              -40.5121503,
              -9.3973655
            ],
            [
              -40.5122258,
              -9.397291
            ],
            [
              -40.5160859,
              -9.3966159
            ],
            [
              -40.5170202,
              -9.3964343
            ],
            [
              -40.5172043,
              -9.3975191
            ],
            [
              -40.5185728,
              -9.3974586
            ],
            [
              -40.5190116,
              -9.3957546
            ],
            [
              -40.5195732,
              -9.3955637
            ],
            [
              -40.5198988,
              -9.3954846
            ],
            [
              -40.5200215,
              -9.3954846
            ],
            [
              -40.5201725,
              -9.3954241
            ],
            [
              -40.5202999,
              -9.3953403
            ],
            [
              -40.5204462,
              -9.3952006
            ],
            [
              -40.5208756,
              -9.3947956
            ],
            [
              -40.5218477,
              -9.394181
            ],
            [
              -40.5227207,
              -9.3935385
            ],
            [
              -40.523504,
              -9.3929752
            ],
            [
              -40.5240703,
              -9.3924864
            ],
            [
              -40.5247345,
              -9.3916948
            ],
            [
              -40.5253395,
              -9.3920377
            ],
            [
              -40.5262631,
              -9.3925611
            ],
            [
              -40.5268269,
              -9.3926895
            ],
            [
              -40.5292879,
              -9.3927964
            ],
            [
              -40.5294878,
              -9.3889555
            ],
            [
              -40.5295371,
              -9.3883638
            ],
            [
              -40.5322238,
              -9.3875937
            ],
            [
              -40.536299,
              -9.3858833
            ],
            [
              -40.5375396,
              -9.3864508
            ],
            [
              -40.5384516,
              -9.3864508
            ],
            [
              -40.5382051,
              -9.3932923
            ],
            [
              -40.5435292,
              -9.3934868
            ],
            [
              -40.5432332,
              -9.3956881
            ],
            [
              -40.5429328,
              -9.3970359
            ],
            [
              -40.5421782,
              -9.3995657
            ],
            [
              -40.5417562,
              -9.4008358
            ],
            [
              -40.5416006,
              -9.4011986
            ],
            [
              -40.5419781,
              -9.4014035
            ],
            [
              -40.5389486,
              -9.4086474
            ],
            [
              -40.5368937,
              -9.4131693
            ],
            [
              -40.5118813,
              -9.4010108
            ]
          ]
        ]
      }
    },
    {
      "type": "Feature",
      "id": "way/1156070322",
      "properties": {
        "boundary": "administrative",
        "name": "Condomínio Granville",
        "place": "suburb",
        "id": "way/1156070322"
      },
      "geometry": {
        "type": "Polygon",
        "coordinates": [
          [
            [
              -40.4939891,
              -9.4031233
            ],
            [
              -40.4941796,
              -9.4046171
            ],
            [
              -40.4915614,
              -9.4052909
            ],
            [
              -40.4910231,
              -9.4023674
            ],
            [
              -40.4939891,
              -9.4031233
            ]
          ]
        ]
      }
    },
    {
      "type": "Feature",
      "id": "way/1156072183",
      "properties": {
        "name": "Cohab V",
        "place": "suburb",
        "id": "way/1156072183"
      },
      "geometry": {
        "type": "Polygon",
        "coordinates": [
          [
            [
              -40.5321173,
              -9.3875273
            ],
            [
              -40.5314107,
              -9.3859385
            ],
            [
              -40.5356009,
              -9.3841875
            ],
            [
              -40.5355106,
              -9.3839119
            ],
            [
              -40.5358639,
              -9.3837741
            ],
            [
              -40.5427326,
              -9.3840092
            ],
            [
              -40.5432255,
              -9.3851198
            ],
            [
              -40.5437678,
              -9.3864086
            ],
            [
              -40.5429873,
              -9.3865708
            ],
            [
              -40.5374824,
              -9.3863195
            ],
            [
              -40.5363158,
              -9.3857926
            ],
            [
              -40.5321173,
              -9.3875273
            ]
          ]
        ]
      }
    },
    {
      "type": "Feature",
      "id": "way/1156072917",
      "properties": {
        "name": "Cohab Massangano",
        "place": "suburb",
        "id": "way/1156072917"
      },
      "geometry": {
        "type": "Polygon",
        "coordinates": [
          [
            [
              -40.5427296,
              -9.3839626
            ],
            [
              -40.5358636,
              -9.3837298
            ],
            [
              -40.5354341,
              -9.3838881
            ],
            [
              -40.5355238,
              -9.3841674
            ],
            [
              -40.5354203,
              -9.3838932
            ],
            [
              -40.5353385,
              -9.3836765
            ],
            [
              -40.5353061,
              -9.3835907
            ],
            [
              -40.5350788,
              -9.3830833
            ],
            [
              -40.5349077,
              -9.382669
            ],
            [
              -40.5341768,
              -9.3808529
            ],
            [
              -40.5333827,
              -9.3800955
            ],
            [
              -40.5337589,
              -9.3798143
            ],
            [
              -40.5359155,
              -9.3777284
            ],
            [
              -40.5377606,
              -9.3759918
            ],
            [
              -40.5379163,
              -9.3759313
            ],
            [
              -40.5380862,
              -9.3759033
            ],
            [
              -40.5382297,
              -9.3759542
            ],
            [
              -40.5382702,
              -9.3759685
            ],
            [
              -40.5384826,
              -9.3761827
            ],
            [
              -40.5390252,
              -9.376923
            ],
            [
              -40.5406769,
              -9.3793161
            ],
            [
              -40.5410261,
              -9.3798003
            ],
            [
              -40.542371,
              -9.3831571
            ],
            [
              -40.5427296,
              -9.3839626
            ]
          ]
        ]
      }
    },
    {
      "type": "Feature",
      "id": "way/1156455684",
      "properties": {
        "boundary": "administrative",
        "name": "Parque Bandeirante",
        "place": "suburb",
        "id": "way/1156455684"
      },
      "geometry": {
        "type": "Polygon",
        "coordinates": [
          [
            [
              -40.5129905,
              -9.3933455
            ],
            [
              -40.5131615,
              -9.3943314
            ],
            [
              -40.5143508,
              -9.3941287
            ],
            [
              -40.51488,
              -9.3957167
            ],
            [
              -40.5152381,
              -9.3966842
            ],
            [
              -40.5132891,
              -9.3970375
            ],
            [
              -40.5107121,
              -9.3975027
            ],
            [
              -40.5101732,
              -9.3959173
            ],
            [
              -40.5096573,
              -9.3944211
            ],
            [
              -40.5129905,
              -9.3933455
            ]
          ]
        ]
      }
    },
    {
      "type": "Feature",
      "id": "way/1156458270",
      "properties": {
        "boundary": "administrative",
        "name": "Palhinhas",
        "place": "suburb",
        "id": "way/1156458270"
      },
      "geometry": {
        "type": "Polygon",
        "coordinates": [
          [
            [
              -40.5134304,
              -9.3933072
            ],
            [
              -40.5170019,
              -9.3921082
            ],
            [
              -40.5197354,
              -9.3911867
            ],
            [
              -40.5223257,
              -9.3902898
            ],
            [
              -40.5235835,
              -9.3895035
            ],
            [
              -40.5246109,
              -9.3886312
            ],
            [
              -40.5251713,
              -9.3882871
            ],
            [
              -40.5253768,
              -9.388281
            ],
            [
              -40.5255698,
              -9.3883486
            ],
            [
              -40.5256508,
              -9.3885144
            ],
            [
              -40.5255823,
              -9.3888892
            ],
            [
              -40.525246,
              -9.3903697
            ],
            [
              -40.5248724,
              -9.391285
            ],
            [
              -40.5235028,
              -9.3928767
            ],
            [
              -40.5222546,
              -9.3937799
            ],
            [
              -40.5208814,
              -9.3947343
            ],
            [
              -40.5198433,
              -9.3953791
            ],
            [
              -40.5186775,
              -9.395818
            ],
            [
              -40.5172655,
              -9.3962646
            ],
            [
              -40.5153709,
              -9.3966737
            ],
            [
              -40.515249,
              -9.3966068
            ],
            [
              -40.5147936,
              -9.3953741
            ],
            [
              -40.5143871,
              -9.3941147
            ],
            [
              -40.5142543,
              -9.3938446
            ],
            [
              -40.5139941,
              -9.3936387
            ],
            [
              -40.5134304,
              -9.3933072
            ]
          ]
        ]
      }
    },
    {
      "type": "Feature",
      "id": "way/1163928152",
      "properties": {
        "boundary": "administrative",
        "name": "Km-2",
        "place": "suburb",
        "id": "way/1163928152"
      },
      "geometry": {
        "type": "Polygon",
        "coordinates": [
          [
            [
              -40.5110176,
              -9.38085
            ],
            [
              -40.5099218,
              -9.3849906
            ],
            [
              -40.5098213,
              -9.3849611
            ],
            [
              -40.5072668,
              -9.3842123
            ],
            [
              -40.5057939,
              -9.3837805
            ],
            [
              -40.5055631,
              -9.3837128
            ],
            [
              -40.5053946,
              -9.3836009
            ],
            [
              -40.5044788,
              -9.3829926
            ],
            [
              -40.5036577,
              -9.3824472
            ],
            [
              -40.5026027,
              -9.377834
            ],
            [
              -40.5057499,
              -9.3784049
            ],
            [
              -40.5077673,
              -9.3792404
            ],
            [
              -40.5082655,
              -9.379609
            ],
            [
              -40.5087713,
              -9.3797672
            ],
            [
              -40.5093614,
              -9.3800882
            ],
            [
              -40.5097599,
              -9.3802479
            ],
            [
              -40.5110176,
              -9.38085
            ]
          ]
        ]
      }
    },
    {
      "type": "Feature",
      "id": "way/1163929428",
      "properties": {
        "boundary": "administrative",
        "name": "Pedro Raimundo",
        "place": "suburb",
        "id": "way/1163929428"
      },
      "geometry": {
        "type": "Polygon",
        "coordinates": [
          [
            [
              -40.527831,
              -9.3705435
            ],
            [
              -40.5285108,
              -9.3708313
            ],
            [
              -40.5291109,
              -9.3711199
            ],
            [
              -40.529492,
              -9.3712755
            ],
            [
              -40.5295078,
              -9.3719294
            ],
            [
              -40.5294861,
              -9.3727745
            ],
            [
              -40.5283586,
              -9.3745608
            ],
            [
              -40.5274696,
              -9.3766894
            ],
            [
              -40.5270324,
              -9.377698
            ],
            [
              -40.5253451,
              -9.3768916
            ],
            [
              -40.524725,
              -9.3766071
            ],
            [
              -40.5242944,
              -9.3763863
            ],
            [
              -40.5222681,
              -9.3753894
            ],
            [
              -40.5227747,
              -9.3743061
            ],
            [
              -40.5230356,
              -9.3735977
            ],
            [
              -40.5236939,
              -9.372138
            ],
            [
              -40.5237895,
              -9.3719263
            ],
            [
              -40.5239196,
              -9.3716262
            ],
            [
              -40.523959,
              -9.3714976
            ],
            [
              -40.5240618,
              -9.3712905
            ],
            [
              -40.5242024,
              -9.3709344
            ],
            [
              -40.5242895,
              -9.3707323
            ],
            [
              -40.5243434,
              -9.3706281
            ],
            [
              -40.5244076,
              -9.3704723
            ],
            [
              -40.5249006,
              -9.3692088
            ],
            [
              -40.5258747,
              -9.3696461
            ],
            [
              -40.527831,
              -9.3705435
            ]
          ]
        ]
      }
    },
    {
      "type": "Feature",
      "id": "way/1163932392",
      "properties": {
        "boundary": "administrative",
        "name": "Areia Branca",
        "place": "suburb",
        "id": "way/1163932392"
      },
      "geometry": {
        "type": "Polygon",
        "coordinates": [
          [
            [
              -40.4960746,
              -9.3784995
            ],
            [
              -40.4963274,
              -9.3838683
            ],
            [
              -40.4928602,
              -9.3840304
            ],
            [
              -40.4930424,
              -9.3876277
            ],
            [
              -40.4890687,
              -9.3894488
            ],
            [
              -40.4884917,
              -9.3815766
            ],
            [
              -40.4884995,
              -9.3806941
            ],
            [
              -40.4885164,
              -9.3787889
            ],
            [
              -40.4893937,
              -9.3787764
            ],
            [
              -40.4896555,
              -9.3788028
            ],
            [
              -40.4900842,
              -9.3787618
            ],
            [
              -40.490272,
              -9.3787375
            ],
            [
              -40.4907822,
              -9.378732
            ],
            [
              -40.4913636,
              -9.3786774
            ],
            [
              -40.4916271,
              -9.3786923
            ],
            [
              -40.4920095,
              -9.3786509
            ],
            [
              -40.4923504,
              -9.3786267
            ],
            [
              -40.4929285,
              -9.3786373
            ],
            [
              -40.4932965,
              -9.3786212
            ],
            [
              -40.4960746,
              -9.3784995
            ]
          ]
        ]
      }
    },
    {
      "type": "Feature",
      "id": "way/1163932703",
      "properties": {
        "boundary": "administrative",
        "name": "Vila Eduardo",
        "place": "suburb",
        "id": "way/1163932703"
      },
      "geometry": {
        "type": "Polygon",
        "coordinates": [
          [
            [
              -40.4876875,
              -9.3807613
            ],
            [
              -40.4884995,
              -9.3806941
            ],
            [
              -40.4884917,
              -9.3815766
            ],
            [
              -40.4889023,
              -9.387435
            ],
            [
              -40.4890687,
              -9.3894488
            ],
            [
              -40.4840529,
              -9.3933062
            ],
            [
              -40.4839503,
              -9.3933657
            ],
            [
              -40.4806786,
              -9.3911929
            ],
            [
              -40.4810171,
              -9.3903625
            ],
            [
              -40.4814978,
              -9.3892722
            ],
            [
              -40.4856126,
              -9.3801997
            ],
            [
              -40.4857514,
              -9.3802576
            ],
            [
              -40.4870745,
              -9.3808097
            ],
            [
              -40.4873616,
              -9.3807853
            ],
            [
              -40.4875235,
              -9.3807514
            ],
            [
              -40.4876875,
              -9.3807613
            ]
          ]
        ]
      }
    },
    {
      "type": "Feature",
      "id": "way/1163933550",
      "properties": {
        "boundary": "administrative",
        "name": "Maria Auxiliadora",
        "place": "suburb",
        "id": "way/1163933550"
      },
      "geometry": {
        "type": "Polygon",
        "coordinates": [
          [
            [
              -40.4903861,
              -9.3941521
            ],
            [
              -40.4897145,
              -9.3943308
            ],
            [
              -40.4892947,
              -9.3932019
            ],
            [
              -40.4891255,
              -9.3919258
            ],
            [
              -40.4890687,
              -9.3894488
            ],
            [
              -40.490405,
              -9.3888911
            ],
            [
              -40.4913865,
              -9.3883976
            ],
            [
              -40.4929865,
              -9.3876515
            ],
            [
              -40.4930424,
              -9.3876277
            ],
            [
              -40.4952041,
              -9.3867071
            ],
            [
              -40.4979699,
              -9.3854361
            ],
            [
              -40.5001878,
              -9.3842291
            ],
            [
              -40.5002879,
              -9.3841757
            ],
            [
              -40.5007515,
              -9.383929
            ],
            [
              -40.5027498,
              -9.3828404
            ],
            [
              -40.50308,
              -9.3834439
            ],
            [
              -40.5008621,
              -9.3856135
            ],
            [
              -40.4993709,
              -9.3871965
            ],
            [
              -40.4978986,
              -9.3867123
            ],
            [
              -40.4952749,
              -9.3887049
            ],
            [
              -40.4928777,
              -9.3905113
            ],
            [
              -40.4905937,
              -9.3922526
            ],
            [
              -40.4903861,
              -9.3941521
            ]
          ]
        ]
      }
    },
    {
      "type": "Feature",
      "id": "way/1163998070",
      "properties": {
        "boundary": "administrative",
        "name": "Dom Malan",
        "place": "suburb",
        "id": "way/1163998070"
      },
      "geometry": {
        "type": "Polygon",
        "coordinates": [
          [
            [
              -40.4972435,
              -9.3810778
            ],
            [
              -40.4982457,
              -9.3840395
            ],
            [
              -40.4985604,
              -9.3851209
            ],
            [
              -40.4985026,
              -9.3851518
            ],
            [
              -40.4979699,
              -9.3854361
            ],
            [
              -40.4970801,
              -9.385911
            ],
            [
              -40.4952041,
              -9.3867071
            ],
            [
              -40.4930502,
              -9.3876212
            ],
            [
              -40.4929356,
              -9.3840876
            ],
            [
              -40.4964026,
              -9.3839549
            ],
            [
              -40.496303,
              -9.3808587
            ],
            [
              -40.4961735,
              -9.3783177
            ],
            [
              -40.4959386,
              -9.3766842
            ],
            [
              -40.4972435,
              -9.3810778
            ]
          ]
        ]
      }
    },
    {
      "type": "Feature",
      "id": "way/1164184581",
      "properties": {
        "name": "Carneiro",
        "place": "suburb",
        "id": "way/1164184581"
      },
      "geometry": {
        "type": "Polygon",
        "coordinates": [
          [
            [
              -40.4649879,
              -9.3801891
            ],
            [
              -40.4518281,
              -9.3903007
            ],
            [
              -40.451395,
              -9.3893987
            ],
            [
              -40.4516837,
              -9.3891376
            ],
            [
              -40.4513469,
              -9.3878084
            ],
            [
              -40.4507214,
              -9.3871438
            ],
            [
              -40.4504568,
              -9.3857434
            ],
            [
              -40.4497591,
              -9.3848651
            ],
            [
              -40.4489892,
              -9.3826102
            ],
            [
              -40.4487967,
              -9.3799042
            ],
            [
              -40.4485562,
              -9.3771745
            ],
            [
              -40.4483156,
              -9.3751331
            ],
            [
              -40.4475938,
              -9.3734003
            ],
            [
              -40.4462551,
              -9.3715099
            ],
            [
              -40.4496632,
              -9.3700084
            ],
            [
              -40.4513773,
              -9.3692533
            ],
            [
              -40.4531064,
              -9.368568
            ],
            [
              -40.4543386,
              -9.3709511
            ],
            [
              -40.4557833,
              -9.3726844
            ],
            [
              -40.4563506,
              -9.373365
            ],
            [
              -40.4579389,
              -9.3753942
            ],
            [
              -40.4649879,
              -9.3801891
            ]
          ]
        ]
      }
    },
    {
      "type": "Feature",
      "id": "way/1164185483",
      "properties": {
        "boundary": "administrative",
        "name": "Cidade Jardim",
        "place": "suburb",
        "id": "way/1164185483"
      },
      "geometry": {
        "type": "Polygon",
        "coordinates": [
          [
            [
              -40.5003945,
              -9.3774178
            ],
            [
              -40.50259,
              -9.3777758
            ],
            [
              -40.5026027,
              -9.377834
            ],
            [
              -40.5035928,
              -9.382372
            ],
            [
              -40.5032774,
              -9.3825473
            ],
            [
              -40.5027498,
              -9.3828404
            ],
            [
              -40.5011422,
              -9.3837164
            ],
            [
              -40.5003945,
              -9.3774178
            ]
          ]
        ]
      }
    },
    {
      "type": "Feature",
      "id": "way/1164192569",
      "properties": {
        "boundary": "administrative",
        "name": "Henrique Leite",
        "place": "suburb",
        "id": "way/1164192569"
      },
      "geometry": {
        "type": "Polygon",
        "coordinates": [
          [
            [
              -40.470661,
              -9.3841665
            ],
            [
              -40.4675182,
              -9.3866408
            ],
            [
              -40.4643755,
              -9.3888802
            ],
            [
              -40.4612803,
              -9.3912135
            ],
            [
              -40.4604232,
              -9.3916676
            ],
            [
              -40.4596296,
              -9.3886296
            ],
            [
              -40.4681531,
              -9.3824909
            ],
            [
              -40.470661,
              -9.3841665
            ]
          ]
        ]
      }
    },
    {
      "type": "Feature",
      "id": "way/1164199345",
      "properties": {
        "boundary": "administrative",
        "name": "Jardim Amazonas",
        "place": "suburb",
        "id": "way/1164199345"
      },
      "geometry": {
        "type": "Polygon",
        "coordinates": [
          [
            [
              -40.5323808,
              -9.3698775
            ],
            [
              -40.5332203,
              -9.370641
            ],
            [
              -40.5367872,
              -9.3742295
            ],
            [
              -40.5374512,
              -9.374876
            ],
            [
              -40.5375418,
              -9.374962
            ],
            [
              -40.5375954,
              -9.3750155
            ],
            [
              -40.5376352,
              -9.3750705
            ],
            [
              -40.5376562,
              -9.3751241
            ],
            [
              -40.5376621,
              -9.3752016
            ],
            [
              -40.537658,
              -9.3752735
            ],
            [
              -40.5376487,
              -9.3753407
            ],
            [
              -40.5376187,
              -9.375471
            ],
            [
              -40.5375742,
              -9.3755117
            ],
            [
              -40.5375167,
              -9.3755777
            ],
            [
              -40.5363472,
              -9.3770002
            ],
            [
              -40.5312329,
              -9.3818303
            ],
            [
              -40.5277596,
              -9.3852301
            ],
            [
              -40.5261277,
              -9.3867682
            ],
            [
              -40.5256993,
              -9.387002
            ],
            [
              -40.525289,
              -9.387101
            ],
            [
              -40.5249244,
              -9.387083
            ],
            [
              -40.5239489,
              -9.3861925
            ],
            [
              -40.5243409,
              -9.3844746
            ],
            [
              -40.5253346,
              -9.3817763
            ],
            [
              -40.5276866,
              -9.3763886
            ],
            [
              -40.5284342,
              -9.3746077
            ],
            [
              -40.5295737,
              -9.3727817
            ],
            [
              -40.5296038,
              -9.3719558
            ],
            [
              -40.5316371,
              -9.3712432
            ],
            [
              -40.5323808,
              -9.3698775
            ]
          ]
        ]
      }
    },
    {
      "type": "Feature",
      "id": "way/1164199883",
      "properties": {
        "name": "Jardim Guanabara",
        "place": "suburb",
        "id": "way/1164199883"
      },
      "geometry": {
        "type": "Polygon",
        "coordinates": [
          [
            [
              -40.5428225,
              -9.4016936
            ],
            [
              -40.5476289,
              -9.4029511
            ],
            [
              -40.5468196,
              -9.406021
            ],
            [
              -40.5466834,
              -9.4066811
            ],
            [
              -40.5455839,
              -9.4082445
            ],
            [
              -40.5448742,
              -9.406563
            ],
            [
              -40.5428225,
              -9.4016936
            ]
          ]
        ]
      }
    },
    {
      "type": "Feature",
      "id": "way/1164257984",
      "properties": {
        "boundary": "administrative",
        "name": "Jardim Sao Paulo",
        "place": "suburb",
        "id": "way/1164257984"
      },
      "geometry": {
        "type": "Polygon",
        "coordinates": [
          [
            [
              -40.5414223,
              -9.3609502
            ],
            [
              -40.5408349,
              -9.3612704
            ],
            [
              -40.5407064,
              -9.3616331
            ],
            [
              -40.5405678,
              -9.3620248
            ],
            [
              -40.5405653,
              -9.3620317
            ],
            [
              -40.5405357,
              -9.3620561
            ],
            [
              -40.5405012,
              -9.3620845
            ],
            [
              -40.5404517,
              -9.3621252
            ],
            [
              -40.5403901,
              -9.362176
            ],
            [
              -40.5402903,
              -9.3623524
            ],
            [
              -40.5403136,
              -9.362565
            ],
            [
              -40.5404422,
              -9.3626421
            ],
            [
              -40.5408288,
              -9.3628821
            ],
            [
              -40.5410367,
              -9.3630303
            ],
            [
              -40.5416303,
              -9.3634783
            ],
            [
              -40.5416758,
              -9.3635126
            ],
            [
              -40.5422323,
              -9.3639288
            ],
            [
              -40.5438185,
              -9.3650702
            ],
            [
              -40.5421021,
              -9.3678872
            ],
            [
              -40.5420219,
              -9.368013
            ],
            [
              -40.541992,
              -9.3680685
            ],
            [
              -40.5416814,
              -9.3686437
            ],
            [
              -40.5406357,
              -9.3703405
            ],
            [
              -40.5392518,
              -9.3725916
            ],
            [
              -40.5389884,
              -9.3730804
            ],
            [
              -40.5388397,
              -9.3733234
            ],
            [
              -40.5379448,
              -9.3748698
            ],
            [
              -40.5379137,
              -9.3749037
            ],
            [
              -40.5377794,
              -9.3750504
            ],
            [
              -40.5376673,
              -9.3749396
            ],
            [
              -40.5376285,
              -9.3749012
            ],
            [
              -40.5341937,
              -9.3715058
            ],
            [
              -40.5324457,
              -9.3697607
            ],
            [
              -40.5329383,
              -9.3683706
            ],
            [
              -40.533954,
              -9.3684285
            ],
            [
              -40.5341025,
              -9.3658313
            ],
            [
              -40.5340054,
              -9.3658
            ],
            [
              -40.5329683,
              -9.365465
            ],
            [
              -40.5333694,
              -9.3641787
            ],
            [
              -40.5340349,
              -9.3643586
            ],
            [
              -40.5350924,
              -9.3643046
            ],
            [
              -40.5365784,
              -9.3643946
            ],
            [
              -40.5367425,
              -9.3642596
            ],
            [
              -40.5368427,
              -9.3634681
            ],
            [
              -40.5370615,
              -9.3628654
            ],
            [
              -40.538584,
              -9.3611744
            ],
            [
              -40.5402432,
              -9.3606167
            ],
            [
              -40.5414223,
              -9.3609502
            ]
          ]
        ]
      }
    },
    {
      "type": "Feature",
      "id": "way/1164271945",
      "properties": {
        "name": "Jardim Petropólis",
        "place": "suburb",
        "id": "way/1164271945"
      },
      "geometry": {
        "type": "Polygon",
        "coordinates": [
          [
            [
              -40.5523356,
              -9.3786002
            ],
            [
              -40.5544688,
              -9.3784023
            ],
            [
              -40.5551434,
              -9.3826836
            ],
            [
              -40.5562374,
              -9.3824858
            ],
            [
              -40.5599387,
              -9.3910483
            ],
            [
              -40.558243,
              -9.3910663
            ],
            [
              -40.558139,
              -9.3924953
            ],
            [
              -40.5532267,
              -9.3924817
            ],
            [
              -40.5532751,
              -9.3916229
            ],
            [
              -40.5529736,
              -9.3872377
            ],
            [
              -40.5528863,
              -9.3859536
            ],
            [
              -40.5526879,
              -9.3840587
            ],
            [
              -40.5526085,
              -9.3805587
            ],
            [
              -40.552545,
              -9.3797209
            ],
            [
              -40.5523356,
              -9.3786002
            ]
          ]
        ]
      }
    },
    {
      "type": "Feature",
      "id": "way/1164692966",
      "properties": {
        "name": "Loteamento Nossa Prata",
        "place": "neighbourhood",
        "id": "way/1164692966"
      },
      "geometry": {
        "type": "Polygon",
        "coordinates": [
          [
            [
              -34.8555561,
              -7.9396687
            ],
            [
              -34.8597691,
              -7.9365336
            ],
            [
              -34.8605525,
              -7.9371452
            ],
            [
              -34.8610832,
              -7.9396725
            ],
            [
              -34.8594807,
              -7.9403789
            ],
            [
              -34.8589193,
              -7.9406341
            ],
            [
              -34.8582941,
              -7.9406379
            ],
            [
              -34.8577685,
              -7.9404673
            ],
            [
              -34.8569149,
              -7.9408692
            ],
            [
              -34.8558036,
              -7.9406341
            ],
            [
              -34.8553379,
              -7.9399758
            ],
            [
              -34.8556263,
              -7.9397597
            ],
            [
              -34.8555561,
              -7.9396687
            ]
          ]
        ]
      }
    },
    {
      "type": "Feature",
      "id": "way/1164692967",
      "properties": {
        "name": "Loteamento Riacho de Prata II",
        "place": "neighbourhood",
        "id": "way/1164692967"
      },
      "geometry": {
        "type": "Polygon",
        "coordinates": [
          [
            [
              -34.8544697,
              -7.935121
            ],
            [
              -34.8548234,
              -7.9385343
            ],
            [
              -34.8590259,
              -7.9352856
            ],
            [
              -34.8600798,
              -7.9362878
            ],
            [
              -34.8554713,
              -7.9396567
            ],
            [
              -34.855553,
              -7.9397679
            ],
            [
              -34.8521316,
              -7.9417487
            ],
            [
              -34.8508827,
              -7.9359597
            ],
            [
              -34.8542473,
              -7.9350798
            ],
            [
              -34.8544697,
              -7.935121
            ]
          ]
        ]
      }
    },
    {
      "type": "Feature",
      "id": "way/1165987921",
      "properties": {
        "name": "Condomínio Buona Vita",
        "place": "suburb",
        "id": "way/1165987921"
      },
      "geometry": {
        "type": "Polygon",
        "coordinates": [
          [
            [
              -40.4714088,
              -9.347733
            ],
            [
              -40.4669064,
              -9.3504893
            ],
            [
              -40.4622044,
              -9.3478236
            ],
            [
              -40.4594133,
              -9.3462413
            ],
            [
              -40.4635871,
              -9.3435984
            ],
            [
              -40.4714088,
              -9.347733
            ]
          ]
        ]
      }
    },
    {
      "type": "Feature",
      "id": "way/1165988729",
      "properties": {
        "boundary": "administrative",
        "name": "Caminho do Sol",
        "place": "suburb",
        "id": "way/1165988729"
      },
      "geometry": {
        "type": "Polygon",
        "coordinates": [
          [
            [
              -40.5003945,
              -9.3774178
            ],
            [
              -40.5011422,
              -9.3837164
            ],
            [
              -40.5007515,
              -9.383929
            ],
            [
              -40.5002879,
              -9.3841757
            ],
            [
              -40.5001878,
              -9.3842291
            ],
            [
              -40.4985026,
              -9.3851518
            ],
            [
              -40.4959386,
              -9.3766842
            ],
            [
              -40.5003945,
              -9.3774178
            ]
          ]
        ]
      }
    },
    {
      "type": "Feature",
      "id": "way/1167163286",
      "properties": {
        "boundary": "administrative",
        "name": "Cohab 3",
        "place": "suburb",
        "id": "way/1167163286"
      },
      "geometry": {
        "type": "Polygon",
        "coordinates": [
          [
            [
              -40.496037,
              -9.376624
            ],
            [
              -40.4960746,
              -9.3784995
            ],
            [
              -40.4885164,
              -9.3787889
            ],
            [
              -40.488368,
              -9.3766203
            ],
            [
              -40.488284,
              -9.3753936
            ],
            [
              -40.4889946,
              -9.3749916
            ],
            [
              -40.496037,
              -9.376624
            ]
          ]
        ]
      }
    },
    {
      "type": "Feature",
      "id": "way/1167164140",
      "properties": {
        "boundary": "administrative",
        "name": "Nova York",
        "place": "suburb",
        "id": "way/1167164140"
      },
      "geometry": {
        "type": "Polygon",
        "coordinates": [
          [
            [
              -40.4880382,
              -9.3753504
            ],
            [
              -40.4882516,
              -9.3756212
            ],
            [
              -40.4883228,
              -9.3763933
            ],
            [
              -40.488368,
              -9.3766203
            ],
            [
              -40.4885164,
              -9.3787889
            ],
            [
              -40.4884995,
              -9.3806941
            ],
            [
              -40.4870745,
              -9.3808097
            ],
            [
              -40.4857514,
              -9.3802576
            ],
            [
              -40.4875503,
              -9.376263
            ],
            [
              -40.4878044,
              -9.3754106
            ],
            [
              -40.4880382,
              -9.3753504
            ]
          ]
        ]
      }
    },
    {
      "type": "Feature",
      "id": "way/1167204597",
      "properties": {
        "boundary": "administrative",
        "name": "Vila Moco",
        "place": "suburb",
        "id": "way/1167204597"
      },
      "geometry": {
        "type": "Polygon",
        "coordinates": [
          [
            [
              -40.5098213,
              -9.3849611
            ],
            [
              -40.5096282,
              -9.3857617
            ],
            [
              -40.5088025,
              -9.3891846
            ],
            [
              -40.5078853,
              -9.3889819
            ],
            [
              -40.5070214,
              -9.3888206
            ],
            [
              -40.5041143,
              -9.3892123
            ],
            [
              -40.5039217,
              -9.3874499
            ],
            [
              -40.504126,
              -9.387375
            ],
            [
              -40.5040384,
              -9.3869488
            ],
            [
              -40.5018494,
              -9.3891489
            ],
            [
              -40.5015283,
              -9.388717
            ],
            [
              -40.5013882,
              -9.3884693
            ],
            [
              -40.501289,
              -9.3881583
            ],
            [
              -40.501073,
              -9.3877436
            ],
            [
              -40.500676,
              -9.3874902
            ],
            [
              -40.5005651,
              -9.3873347
            ],
            [
              -40.4999872,
              -9.387185
            ],
            [
              -40.4993709,
              -9.3871965
            ],
            [
              -40.501881,
              -9.3846446
            ],
            [
              -40.5021742,
              -9.3843603
            ],
            [
              -40.50308,
              -9.3834439
            ],
            [
              -40.5027498,
              -9.3828404
            ],
            [
              -40.5032774,
              -9.3825473
            ],
            [
              -40.5035928,
              -9.382372
            ],
            [
              -40.5044788,
              -9.3829926
            ],
            [
              -40.5053946,
              -9.3836009
            ],
            [
              -40.5057939,
              -9.3837805
            ],
            [
              -40.5072668,
              -9.3842123
            ],
            [
              -40.5098213,
              -9.3849611
            ]
          ]
        ]
      }
    },
    {
      "type": "Feature",
      "id": "way/1167207178",
      "properties": {
        "name": "Rio Claro",
        "place": "suburb",
        "id": "way/1167207178"
      },
      "geometry": {
        "type": "Polygon",
        "coordinates": [
          [
            [
              -40.5520892,
              -9.39762
            ],
            [
              -40.551914,
              -9.3980692
            ],
            [
              -40.5453877,
              -9.3963415
            ],
            [
              -40.5459616,
              -9.39419
            ],
            [
              -40.5459715,
              -9.394153
            ],
            [
              -40.5442202,
              -9.3937153
            ],
            [
              -40.5436014,
              -9.3937038
            ],
            [
              -40.5435493,
              -9.3933436
            ],
            [
              -40.5436164,
              -9.3922454
            ],
            [
              -40.5445417,
              -9.3922653
            ],
            [
              -40.5445686,
              -9.3900292
            ],
            [
              -40.5476866,
              -9.390135
            ],
            [
              -40.5488065,
              -9.3933767
            ],
            [
              -40.5509925,
              -9.3927019
            ],
            [
              -40.5517837,
              -9.3924174
            ],
            [
              -40.5519379,
              -9.3942698
            ],
            [
              -40.5503755,
              -9.3948255
            ],
            [
              -40.5502414,
              -9.3950901
            ],
            [
              -40.5511199,
              -9.3972997
            ],
            [
              -40.5520892,
              -9.39762
            ]
          ]
        ]
      }
    },
    {
      "type": "Feature",
      "id": "way/1171323245",
      "properties": {
        "name": "Palmares",
        "place": "suburb",
        "id": "way/1171323245"
      },
      "geometry": {
        "type": "Polygon",
        "coordinates": [
          [
            [
              -40.5617681,
              -9.4145564
            ],
            [
              -40.5617913,
              -9.4177099
            ],
            [
              -40.5597501,
              -9.4167524
            ],
            [
              -40.5597809,
              -9.414602
            ],
            [
              -40.5617681,
              -9.4145564
            ]
          ]
        ]
      }
    },
    {
      "type": "Feature",
      "id": "way/1171324277",
      "properties": {
        "name": "Condomínio Park Jatobá",
        "place": "suburb",
        "id": "way/1171324277"
      },
      "geometry": {
        "type": "Polygon",
        "coordinates": [
          [
            [
              -40.4685554,
              -9.3980281
            ],
            [
              -40.4663139,
              -9.4004903
            ],
            [
              -40.4639801,
              -9.4024053
            ],
            [
              -40.4628632,
              -9.401235
            ],
            [
              -40.4625089,
              -9.401235
            ],
            [
              -40.4616153,
              -9.4002547
            ],
            [
              -40.463333,
              -9.3984385
            ],
            [
              -40.4653588,
              -9.3970174
            ],
            [
              -40.4685554,
              -9.3980281
            ]
          ]
        ]
      }
    },
    {
      "type": "Feature",
      "id": "way/1171324826",
      "properties": {
        "name": "Valle dos Coqueiros",
        "place": "suburb",
        "id": "way/1171324826"
      },
      "geometry": {
        "type": "Polygon",
        "coordinates": [
          [
            [
              -40.5532563,
              -9.4044833
            ],
            [
              -40.5528294,
              -9.4059924
            ],
            [
              -40.5523467,
              -9.4062431
            ],
            [
              -40.5510711,
              -9.4058971
            ],
            [
              -40.551625,
              -9.4040221
            ],
            [
              -40.5532563,
              -9.4044833
            ]
          ]
        ]
      }
    },
    {
      "type": "Feature",
      "id": "way/1171435009",
      "properties": {
        "boundary": "administrative",
        "name": "São José",
        "place": "suburb",
        "id": "way/1171435009"
      },
      "geometry": {
        "type": "Polygon",
        "coordinates": [
          [
            [
              -40.4903663,
              -9.3954559
            ],
            [
              -40.4915867,
              -9.3974803
            ],
            [
              -40.4932698,
              -9.4002125
            ],
            [
              -40.4928943,
              -9.4002125
            ],
            [
              -40.4926596,
              -9.4003845
            ],
            [
              -40.492787,
              -9.4007086
            ],
            [
              -40.4925559,
              -9.400726
            ],
            [
              -40.490762,
              -9.4008608
            ],
            [
              -40.4906681,
              -9.400186
            ],
            [
              -40.4873757,
              -9.399326
            ],
            [
              -40.4852792,
              -9.3987613
            ],
            [
              -40.4851897,
              -9.3987372
            ],
            [
              -40.4846023,
              -9.3985491
            ],
            [
              -40.4839246,
              -9.3980523
            ],
            [
              -40.4845287,
              -9.3964363
            ],
            [
              -40.4851095,
              -9.3944724
            ],
            [
              -40.485416,
              -9.3945415
            ],
            [
              -40.486312,
              -9.3957279
            ],
            [
              -40.4889331,
              -9.3969373
            ],
            [
              -40.4890965,
              -9.3964478
            ],
            [
              -40.4894964,
              -9.396013
            ],
            [
              -40.4899751,
              -9.3956185
            ],
            [
              -40.4903663,
              -9.3954559
            ]
          ]
        ]
      }
    },
    {
      "type": "Feature",
      "id": "way/1171436119",
      "properties": {
        "boundary": "administrative",
        "name": "Cidade Universitária",
        "place": "suburb",
        "id": "way/1171436119"
      },
      "geometry": {
        "type": "Polygon",
        "coordinates": [
          [
            [
              -40.4806786,
              -9.3911929
            ],
            [
              -40.4806884,
              -9.3915463
            ],
            [
              -40.4806967,
              -9.3918449
            ],
            [
              -40.4807397,
              -9.3933878
            ],
            [
              -40.4808047,
              -9.3957272
            ],
            [
              -40.4808329,
              -9.3967402
            ],
            [
              -40.4831807,
              -9.3966951
            ],
            [
              -40.4834773,
              -9.3973255
            ],
            [
              -40.4836076,
              -9.3976025
            ],
            [
              -40.4817324,
              -9.3990715
            ],
            [
              -40.4820932,
              -9.3995428
            ],
            [
              -40.4823248,
              -9.3999978
            ],
            [
              -40.481731,
              -9.4001063
            ],
            [
              -40.4812794,
              -9.4001889
            ],
            [
              -40.47941,
              -9.4005305
            ],
            [
              -40.4791726,
              -9.4005721
            ],
            [
              -40.4779515,
              -9.4007862
            ],
            [
              -40.4774508,
              -9.4007862
            ],
            [
              -40.4771638,
              -9.4007862
            ],
            [
              -40.4767773,
              -9.4006619
            ],
            [
              -40.4750752,
              -9.4001144
            ],
            [
              -40.4725611,
              -9.3992483
            ],
            [
              -40.4719753,
              -9.3990465
            ],
            [
              -40.4719221,
              -9.3990297
            ],
            [
              -40.4717684,
              -9.3989812
            ],
            [
              -40.4689286,
              -9.398085
            ],
            [
              -40.4687651,
              -9.3980333
            ],
            [
              -40.4683214,
              -9.3978933
            ],
            [
              -40.4655518,
              -9.3969808
            ],
            [
              -40.4628318,
              -9.3960796
            ],
            [
              -40.464973,
              -9.3942115
            ],
            [
              -40.4650633,
              -9.3941528
            ],
            [
              -40.4670497,
              -9.3928623
            ],
            [
              -40.4693263,
              -9.3913832
            ],
            [
              -40.4697337,
              -9.3911095
            ],
            [
              -40.4721627,
              -9.3894774
            ],
            [
              -40.4752878,
              -9.3874112
            ],
            [
              -40.4806786,
              -9.3911929
            ]
          ]
        ]
      }
    },
    {
      "type": "Feature",
      "id": "way/1171437306",
      "properties": {
        "name": "Cohab IV",
        "place": "suburb",
        "id": "way/1171437306"
      },
      "geometry": {
        "type": "Polygon",
        "coordinates": [
          [
            [
              -40.5333827,
              -9.3800955
            ],
            [
              -40.5341818,
              -9.3808572
            ],
            [
              -40.5349077,
              -9.382669
            ],
            [
              -40.5350788,
              -9.3830833
            ],
            [
              -40.5353061,
              -9.3835907
            ],
            [
              -40.5353385,
              -9.3836765
            ],
            [
              -40.5354203,
              -9.3838932
            ],
            [
              -40.5355238,
              -9.3841674
            ],
            [
              -40.5332806,
              -9.3850756
            ],
            [
              -40.5314089,
              -9.3858432
            ],
            [
              -40.5305889,
              -9.3838632
            ],
            [
              -40.53012,
              -9.3832346
            ],
            [
              -40.5333827,
              -9.3800955
            ]
          ]
        ]
      }
    },
    {
      "type": "Feature",
      "id": "way/1171439704",
      "properties": {
        "name": "Residencial Parque São Gonçalo",
        "place": "suburb",
        "id": "way/1171439704"
      },
      "geometry": {
        "type": "Polygon",
        "coordinates": [
          [
            [
              -40.560981,
              -9.3895189
            ],
            [
              -40.5623082,
              -9.3888817
            ],
            [
              -40.5643963,
              -9.3916838
            ],
            [
              -40.5621489,
              -9.3924695
            ],
            [
              -40.5618038,
              -9.3917886
            ],
            [
              -40.5605651,
              -9.3923647
            ],
            [
              -40.5586893,
              -9.3879913
            ],
            [
              -40.5599634,
              -9.3874413
            ],
            [
              -40.560981,
              -9.3895189
            ]
          ]
        ]
      }
    },
    {
      "type": "Feature",
      "id": "way/1171439981",
      "properties": {
        "boundary": "administrative",
        "name": "Vale Dourado",
        "place": "suburb",
        "id": "way/1171439981"
      },
      "geometry": {
        "type": "Polygon",
        "coordinates": [
          [
            [
              -40.5184962,
              -9.3526359
            ],
            [
              -40.5237417,
              -9.3526083
            ],
            [
              -40.5232164,
              -9.3556265
            ],
            [
              -40.5229829,
              -9.3556149
            ],
            [
              -40.5223174,
              -9.3597274
            ],
            [
              -40.5182895,
              -9.3558914
            ],
            [
              -40.5180093,
              -9.3555113
            ],
            [
              -40.5178692,
              -9.3551657
            ],
            [
              -40.5178342,
              -9.3548777
            ],
            [
              -40.5184962,
              -9.3526359
            ]
          ]
        ]
      }
    },
    {
      "type": "Feature",
      "id": "way/1171447209",
      "properties": {
        "name": "Condomínio Eco Spa",
        "place": "suburb",
        "id": "way/1171447209"
      },
      "geometry": {
        "type": "Polygon",
        "coordinates": [
          [
            [
              -40.4543386,
              -9.3709511
            ],
            [
              -40.4557833,
              -9.3726844
            ],
            [
              -40.4526651,
              -9.3744749
            ],
            [
              -40.4521047,
              -9.3722482
            ],
            [
              -40.4543386,
              -9.3709511
            ]
          ]
        ]
      }
    },
    {
      "type": "Feature",
      "id": "way/1171448529",
      "properties": {
        "name": "Condomínio Parque das Emas",
        "place": "suburb",
        "id": "way/1171448529"
      },
      "geometry": {
        "type": "Polygon",
        "coordinates": [
          [
            [
              -40.5572716,
              -9.4250409
            ],
            [
              -40.5527488,
              -9.4280588
            ],
            [
              -40.5524845,
              -9.4275375
            ],
            [
              -40.5511836,
              -9.4280889
            ],
            [
              -40.5510718,
              -9.4277881
            ],
            [
              -40.5507567,
              -9.4270161
            ],
            [
              -40.5503705,
              -9.4263042
            ],
            [
              -40.5499436,
              -9.4256926
            ],
            [
              -40.5496489,
              -9.4252414
            ],
            [
              -40.5492931,
              -9.4246499
            ],
            [
              -40.5529419,
              -9.4224039
            ],
            [
              -40.5540192,
              -9.4234768
            ],
            [
              -40.5563264,
              -9.4233464
            ],
            [
              -40.5572716,
              -9.4250409
            ]
          ]
        ]
      }
    },
    {
      "type": "Feature",
      "id": "way/1171448619",
      "properties": {
        "name": "Condomínio Portal das Águas",
        "place": "suburb",
        "id": "way/1171448619"
      },
      "geometry": {
        "type": "Polygon",
        "coordinates": [
          [
            [
              -40.4788617,
              -9.4006346
            ],
            [
              -40.4784015,
              -9.4031123
            ],
            [
              -40.4778832,
              -9.4060101
            ],
            [
              -40.4775783,
              -9.4090984
            ],
            [
              -40.4744174,
              -9.4083264
            ],
            [
              -40.4723846,
              -9.4075242
            ],
            [
              -40.4760852,
              -9.4005071
            ],
            [
              -40.4771638,
              -9.4007862
            ],
            [
              -40.4778549,
              -9.4008112
            ],
            [
              -40.4788617,
              -9.4006346
            ]
          ]
        ]
      }
    },
    {
      "type": "Feature",
      "id": "way/1171449705",
      "properties": {
        "name": "Condomínio Rio Verde",
        "place": "suburb",
        "id": "way/1171449705"
      },
      "geometry": {
        "type": "Polygon",
        "coordinates": [
          [
            [
              -40.5465833,
              -9.4186611
            ],
            [
              -40.5447153,
              -9.4205212
            ],
            [
              -40.5434603,
              -9.421696
            ],
            [
              -40.5434661,
              -9.4213965
            ],
            [
              -40.543256,
              -9.4211028
            ],
            [
              -40.5465308,
              -9.4179182
            ],
            [
              -40.5465833,
              -9.4186611
            ]
          ]
        ]
      }
    },
    {
      "type": "Feature",
      "id": "way/1171451195",
      "properties": {
        "boundary": "administrative",
        "name": "Pedra do Bode",
        "place": "suburb",
        "id": "way/1171451195"
      },
      "geometry": {
        "type": "Polygon",
        "coordinates": [
          [
            [
              -40.4957783,
              -9.4035568
            ],
            [
              -40.4959884,
              -9.4048929
            ],
            [
              -40.4862515,
              -9.4072887
            ],
            [
              -40.4860252,
              -9.4073413
            ],
            [
              -40.4840894,
              -9.4077912
            ],
            [
              -40.4773318,
              -9.4093619
            ],
            [
              -40.4707705,
              -9.4073578
            ],
            [
              -40.4649096,
              -9.4038793
            ],
            [
              -40.4608234,
              -9.4001935
            ],
            [
              -40.4598612,
              -9.3982384
            ],
            [
              -40.4629784,
              -9.3962802
            ],
            [
              -40.4653922,
              -9.3969771
            ],
            [
              -40.4668252,
              -9.3974359
            ],
            [
              -40.4689286,
              -9.398085
            ],
            [
              -40.4709873,
              -9.398772
            ],
            [
              -40.4717684,
              -9.3989812
            ],
            [
              -40.4725611,
              -9.3992483
            ],
            [
              -40.4750752,
              -9.4001144
            ],
            [
              -40.4767773,
              -9.4006619
            ],
            [
              -40.4774508,
              -9.4007862
            ],
            [
              -40.4778549,
              -9.4008112
            ],
            [
              -40.4779522,
              -9.4008173
            ],
            [
              -40.4788617,
              -9.4006346
            ],
            [
              -40.4791726,
              -9.4005721
            ],
            [
              -40.4810169,
              -9.4002366
            ],
            [
              -40.4812794,
              -9.4001889
            ],
            [
              -40.481731,
              -9.4001063
            ],
            [
              -40.4823248,
              -9.3999978
            ],
            [
              -40.4825357,
              -9.3999828
            ],
            [
              -40.4827924,
              -9.4000354
            ],
            [
              -40.4828802,
              -9.4000758
            ],
            [
              -40.4835496,
              -9.4003839
            ],
            [
              -40.4838894,
              -9.4004769
            ],
            [
              -40.4842817,
              -9.4005843
            ],
            [
              -40.4854273,
              -9.4008978
            ],
            [
              -40.4877454,
              -9.4015084
            ],
            [
              -40.4880839,
              -9.4015975
            ],
            [
              -40.4910231,
              -9.4023674
            ],
            [
              -40.4911881,
              -9.4024106
            ],
            [
              -40.4939891,
              -9.4031233
            ],
            [
              -40.4943539,
              -9.4032161
            ],
            [
              -40.4957783,
              -9.4035568
            ]
          ]
        ]
      }
    },
    {
      "type": "Feature",
      "id": "way/1171451371",
      "properties": {
        "name": "Serrote do Urubu",
        "place": "suburb",
        "id": "way/1171451371"
      },
      "geometry": {
        "type": "Polygon",
        "coordinates": [
          [
            [
              -40.4531064,
              -9.368568
            ],
            [
              -40.4520219,
              -9.3689693
            ],
            [
              -40.4513773,
              -9.3692533
            ],
            [
              -40.4496632,
              -9.3700084
            ],
            [
              -40.4462551,
              -9.3715099
            ],
            [
              -40.4456651,
              -9.3673682
            ],
            [
              -40.4449409,
              -9.3650526
            ],
            [
              -40.4442703,
              -9.3631736
            ],
            [
              -40.4409618,
              -9.357121
            ],
            [
              -40.4323573,
              -9.3510122
            ],
            [
              -40.4272879,
              -9.3476775
            ],
            [
              -40.4232109,
              -9.3467777
            ],
            [
              -40.420944,
              -9.3473547
            ],
            [
              -40.419737,
              -9.3409895
            ],
            [
              -40.4208367,
              -9.3415189
            ],
            [
              -40.4216951,
              -9.3418894
            ],
            [
              -40.4248064,
              -9.3430407
            ],
            [
              -40.4259732,
              -9.3431069
            ],
            [
              -40.4308012,
              -9.3426834
            ],
            [
              -40.4321154,
              -9.3430804
            ],
            [
              -40.43347,
              -9.3439008
            ],
            [
              -40.4343014,
              -9.3445493
            ],
            [
              -40.4357364,
              -9.3456079
            ],
            [
              -40.4406851,
              -9.3493528
            ],
            [
              -40.4460093,
              -9.3542887
            ],
            [
              -40.4474309,
              -9.3563794
            ],
            [
              -40.449295,
              -9.3594097
            ],
            [
              -40.4501945,
              -9.36221
            ],
            [
              -40.4505427,
              -9.3632938
            ],
            [
              -40.4521663,
              -9.3667306
            ],
            [
              -40.4531064,
              -9.368568
            ]
          ]
        ]
      }
    },
    {
      "type": "Feature",
      "id": "way/1171451666",
      "properties": {
        "name": "Condomínio Alphaville",
        "place": "suburb",
        "id": "way/1171451666"
      },
      "geometry": {
        "type": "Polygon",
        "coordinates": [
          [
            [
              -40.4579654,
              -9.3580113
            ],
            [
              -40.4598294,
              -9.3630577
            ],
            [
              -40.4548304,
              -9.3647829
            ],
            [
              -40.451738,
              -9.3658937
            ],
            [
              -40.4506633,
              -9.3635365
            ],
            [
              -40.4501945,
              -9.36221
            ],
            [
              -40.4520137,
              -9.3615214
            ],
            [
              -40.4522115,
              -9.3614465
            ],
            [
              -40.4536211,
              -9.3595085
            ],
            [
              -40.4558818,
              -9.3587294
            ],
            [
              -40.4579654,
              -9.3580113
            ]
          ]
        ]
      }
    },
    {
      "type": "Feature",
      "id": "way/1171665920",
      "properties": {
        "name": "Loteamento Parque Petrolina",
        "place": "suburb",
        "id": "way/1171665920"
      },
      "geometry": {
        "type": "Polygon",
        "coordinates": [
          [
            [
              -40.4962587,
              -9.3395818
            ],
            [
              -40.4963281,
              -9.3397034
            ],
            [
              -40.4924305,
              -9.3458446
            ],
            [
              -40.4896653,
              -9.3442409
            ],
            [
              -40.4922072,
              -9.3411475
            ],
            [
              -40.4927155,
              -9.3413831
            ],
            [
              -40.4930545,
              -9.3408359
            ],
            [
              -40.4940327,
              -9.3408283
            ],
            [
              -40.4946181,
              -9.3398326
            ],
            [
              -40.494464,
              -9.3393614
            ],
            [
              -40.4952651,
              -9.3381301
            ],
            [
              -40.4962587,
              -9.3395818
            ]
          ]
        ]
      }
    },
    {
      "type": "Feature",
      "id": "way/1171673153",
      "properties": {
        "name": "Residencial Topázio",
        "place": "suburb",
        "id": "way/1171673153"
      },
      "geometry": {
        "type": "Polygon",
        "coordinates": [
          [
            [
              -40.4803415,
              -9.336498
            ],
            [
              -40.4766654,
              -9.3382597
            ],
            [
              -40.4748357,
              -9.3351471
            ],
            [
              -40.4785261,
              -9.3330474
            ],
            [
              -40.4803415,
              -9.336498
            ]
          ]
        ]
      }
    },
    {
      "type": "Feature",
      "id": "way/1171761668",
      "properties": {
        "name": "Cohab VI",
        "place": "suburb",
        "id": "way/1171761668"
      },
      "geometry": {
        "type": "Polygon",
        "coordinates": [
          [
            [
              -40.5518793,
              -9.3981153
            ],
            [
              -40.5513383,
              -9.3996981
            ],
            [
              -40.5428507,
              -9.3975632
            ],
            [
              -40.543572,
              -9.3937536
            ],
            [
              -40.5441814,
              -9.3937659
            ],
            [
              -40.5459616,
              -9.39419
            ],
            [
              -40.545338,
              -9.3963609
            ],
            [
              -40.5518793,
              -9.3981153
            ]
          ]
        ]
      }
    },
    {
      "type": "Feature",
      "id": "way/1171762117",
      "properties": {
        "name": "Jardim Guararapes",
        "place": "suburb",
        "id": "way/1171762117"
      },
      "geometry": {
        "type": "Polygon",
        "coordinates": [
          [
            [
              -40.5513405,
              -9.3997681
            ],
            [
              -40.5500173,
              -9.4035376
            ],
            [
              -40.546193,
              -9.402539
            ],
            [
              -40.5427096,
              -9.4016364
            ],
            [
              -40.5416866,
              -9.4011024
            ],
            [
              -40.5428017,
              -9.3975884
            ],
            [
              -40.5456706,
              -9.398304
            ],
            [
              -40.5513405,
              -9.3997681
            ]
          ]
        ]
      }
    },
    {
      "type": "Feature",
      "id": "way/1171762733",
      "properties": {
        "name": "Boa Vista",
        "place": "suburb",
        "id": "way/1171762733"
      },
      "geometry": {
        "type": "Polygon",
        "coordinates": [
          [
            [
              -40.5424856,
              -9.383231
            ],
            [
              -40.5436234,
              -9.3828628
            ],
            [
              -40.5459236,
              -9.3821736
            ],
            [
              -40.5468232,
              -9.3819052
            ],
            [
              -40.5466591,
              -9.3814806
            ],
            [
              -40.5466302,
              -9.3807226
            ],
            [
              -40.5468538,
              -9.380727
            ],
            [
              -40.547913,
              -9.3836126
            ],
            [
              -40.5433567,
              -9.3852685
            ],
            [
              -40.5424856,
              -9.383231
            ]
          ]
        ]
      }
    },
    {
      "type": "Feature",
      "id": "way/1171764196",
      "properties": {
        "name": "São Gonçalo",
        "place": "suburb",
        "id": "way/1171764196"
      },
      "geometry": {
        "type": "Polygon",
        "coordinates": [
          [
            [
              -40.5444991,
              -9.3922125
            ],
            [
              -40.5436259,
              -9.392197
            ],
            [
              -40.5436573,
              -9.3907681
            ],
            [
              -40.5435056,
              -9.3894062
            ],
            [
              -40.5430372,
              -9.3865773
            ],
            [
              -40.5438154,
              -9.3864102
            ],
            [
              -40.5433296,
              -9.3853084
            ],
            [
              -40.5452092,
              -9.3846751
            ],
            [
              -40.5480605,
              -9.383712
            ],
            [
              -40.5475065,
              -9.3821981
            ],
            [
              -40.5468756,
              -9.3806473
            ],
            [
              -40.5480539,
              -9.3806017
            ],
            [
              -40.5499024,
              -9.380484
            ],
            [
              -40.5497441,
              -9.3779723
            ],
            [
              -40.5522019,
              -9.3777728
            ],
            [
              -40.5523514,
              -9.379213
            ],
            [
              -40.5525053,
              -9.3797336
            ],
            [
              -40.5525713,
              -9.381087
            ],
            [
              -40.5526109,
              -9.3820934
            ],
            [
              -40.552668,
              -9.3843058
            ],
            [
              -40.5529494,
              -9.3872296
            ],
            [
              -40.5530549,
              -9.388917
            ],
            [
              -40.5531956,
              -9.3909125
            ],
            [
              -40.5532352,
              -9.3916369
            ],
            [
              -40.551072,
              -9.3924004
            ],
            [
              -40.5511423,
              -9.3925609
            ],
            [
              -40.5489263,
              -9.3933026
            ],
            [
              -40.5484383,
              -9.3918494
            ],
            [
              -40.5477172,
              -9.3900666
            ],
            [
              -40.5445383,
              -9.3899842
            ],
            [
              -40.5445339,
              -9.3909819
            ],
            [
              -40.5444991,
              -9.3922125
            ]
          ]
        ]
      }
    },
    {
      "type": "Feature",
      "id": "way/1171764818",
      "properties": {
        "boundary": "administrative",
        "name": "Alto Cocar",
        "place": "suburb",
        "id": "way/1171764818"
      },
      "geometry": {
        "type": "Polygon",
        "coordinates": [
          [
            [
              -40.5303017,
              -9.36783
            ],
            [
              -40.5323802,
              -9.369787
            ],
            [
              -40.5316054,
              -9.3712241
            ],
            [
              -40.5295452,
              -9.3719501
            ],
            [
              -40.5296369,
              -9.3695523
            ],
            [
              -40.5298274,
              -9.3678249
            ],
            [
              -40.5303017,
              -9.36783
            ]
          ]
        ]
      }
    },
    {
      "type": "Feature",
      "id": "way/1171768917",
      "properties": {
        "name": "Antonio Cassimiro",
        "place": "suburb",
        "id": "way/1171768917"
      },
      "geometry": {
        "type": "Polygon",
        "coordinates": [
          [
            [
              -40.517541,
              -9.3553155
            ],
            [
              -40.5176169,
              -9.3558564
            ],
            [
              -40.5171992,
              -9.3573104
            ],
            [
              -40.5142656,
              -9.3581023
            ],
            [
              -40.5113763,
              -9.3693344
            ],
            [
              -40.5120171,
              -9.3695633
            ],
            [
              -40.5128809,
              -9.3663907
            ],
            [
              -40.5146757,
              -9.3668531
            ],
            [
              -40.5137879,
              -9.3703103
            ],
            [
              -40.5130917,
              -9.3729434
            ],
            [
              -40.5123026,
              -9.3759944
            ],
            [
              -40.5116587,
              -9.3784271
            ],
            [
              -40.5110959,
              -9.3805221
            ],
            [
              -40.5069178,
              -9.3784898
            ],
            [
              -40.5066143,
              -9.3730985
            ],
            [
              -40.5043082,
              -9.3705586
            ],
            [
              -40.5042409,
              -9.3704845
            ],
            [
              -40.5035618,
              -9.36983
            ],
            [
              -40.5033603,
              -9.3696359
            ],
            [
              -40.502373,
              -9.3692127
            ],
            [
              -40.5021182,
              -9.3691017
            ],
            [
              -40.5018741,
              -9.3689541
            ],
            [
              -40.5014122,
              -9.3685649
            ],
            [
              -40.5002669,
              -9.3674348
            ],
            [
              -40.5009706,
              -9.366795
            ],
            [
              -40.5013567,
              -9.365507
            ],
            [
              -40.5050909,
              -9.3624182
            ],
            [
              -40.5033205,
              -9.3602937
            ],
            [
              -40.5036549,
              -9.3599971
            ],
            [
              -40.507663,
              -9.3541875
            ],
            [
              -40.5079389,
              -9.3543509
            ],
            [
              -40.5086703,
              -9.3513692
            ],
            [
              -40.5152228,
              -9.3535727
            ],
            [
              -40.5164785,
              -9.354199
            ],
            [
              -40.517541,
              -9.3553155
            ]
          ]
        ]
      }
    },
    {
      "type": "Feature",
      "id": "way/1171774821",
      "properties": {
        "boundary": "administrative",
        "name": "João de Deus",
        "place": "suburb",
        "id": "way/1171774821"
      },
      "geometry": {
        "type": "Polygon",
        "coordinates": [
          [
            [
              -40.5307233,
              -9.3644172
            ],
            [
              -40.532297,
              -9.359124
            ],
            [
              -40.5329663,
              -9.3568162
            ],
            [
              -40.5337183,
              -9.3541885
            ],
            [
              -40.5343116,
              -9.3519352
            ],
            [
              -40.5350568,
              -9.3520509
            ],
            [
              -40.5353879,
              -9.3511659
            ],
            [
              -40.536754,
              -9.352119
            ],
            [
              -40.538127,
              -9.3522279
            ],
            [
              -40.5384236,
              -9.3523913
            ],
            [
              -40.5401623,
              -9.3526092
            ],
            [
              -40.5398035,
              -9.3528134
            ],
            [
              -40.5457576,
              -9.3539435
            ],
            [
              -40.5485375,
              -9.3545219
            ],
            [
              -40.5497385,
              -9.3549646
            ],
            [
              -40.5494728,
              -9.3556051
            ],
            [
              -40.5483104,
              -9.357497
            ],
            [
              -40.546551,
              -9.3604242
            ],
            [
              -40.5453782,
              -9.362412
            ],
            [
              -40.5436967,
              -9.3614908
            ],
            [
              -40.5421737,
              -9.3606264
            ],
            [
              -40.5417125,
              -9.3605148
            ],
            [
              -40.5416226,
              -9.360821
            ],
            [
              -40.5412539,
              -9.3610134
            ],
            [
              -40.5408349,
              -9.3612704
            ],
            [
              -40.5407064,
              -9.3616331
            ],
            [
              -40.5405678,
              -9.3620248
            ],
            [
              -40.5405653,
              -9.3620317
            ],
            [
              -40.5404414,
              -9.3623817
            ],
            [
              -40.5403512,
              -9.3626363
            ],
            [
              -40.5401296,
              -9.3633689
            ],
            [
              -40.5392774,
              -9.3635106
            ],
            [
              -40.539114,
              -9.3640019
            ],
            [
              -40.5368374,
              -9.3634355
            ],
            [
              -40.5370301,
              -9.3628643
            ],
            [
              -40.5380633,
              -9.3616825
            ],
            [
              -40.5365665,
              -9.3612732
            ],
            [
              -40.5343154,
              -9.3606321
            ],
            [
              -40.5339626,
              -9.3617973
            ],
            [
              -40.5337659,
              -9.3621241
            ],
            [
              -40.5320135,
              -9.3634039
            ],
            [
              -40.5294759,
              -9.3640069
            ],
            [
              -40.5294903,
              -9.3640109
            ],
            [
              -40.5308303,
              -9.3645135
            ],
            [
              -40.5307233,
              -9.3644172
            ]
          ]
        ]
      }
    },
    {
      "type": "Feature",
      "id": "way/1171843754",
      "properties": {
        "name": "José e Maria",
        "place": "suburb",
        "id": "way/1171843754"
      },
      "geometry": {
        "type": "Polygon",
        "coordinates": [
          [
            [
              -40.4973871,
              -9.362576
            ],
            [
              -40.4988166,
              -9.3644303
            ],
            [
              -40.4994474,
              -9.3651538
            ],
            [
              -40.5009037,
              -9.3667881
            ],
            [
              -40.5001362,
              -9.3674303
            ],
            [
              -40.4988074,
              -9.3685274
            ],
            [
              -40.4984609,
              -9.3688188
            ],
            [
              -40.4982176,
              -9.3705566
            ],
            [
              -40.4977807,
              -9.3727813
            ],
            [
              -40.4972115,
              -9.3762871
            ],
            [
              -40.49728,
              -9.3765298
            ],
            [
              -40.4921552,
              -9.375596
            ],
            [
              -40.4898159,
              -9.3750322
            ],
            [
              -40.4887981,
              -9.3743627
            ],
            [
              -40.4881731,
              -9.3738166
            ],
            [
              -40.4876553,
              -9.3731999
            ],
            [
              -40.4871553,
              -9.3725657
            ],
            [
              -40.4862982,
              -9.371121
            ],
            [
              -40.4891017,
              -9.3695001
            ],
            [
              -40.4891604,
              -9.3694511
            ],
            [
              -40.4933084,
              -9.3659846
            ],
            [
              -40.4973871,
              -9.362576
            ]
          ]
        ]
      }
    },
    {
      "type": "Feature",
      "id": "way/1171852561",
      "properties": {
        "name": "Dom Avelar",
        "place": "suburb",
        "id": "way/1171852561"
      },
      "geometry": {
        "type": "Polygon",
        "coordinates": [
          [
            [
              -40.5031958,
              -9.3495287
            ],
            [
              -40.5019378,
              -9.3514616
            ],
            [
              -40.4999485,
              -9.3542044
            ],
            [
              -40.5016011,
              -9.3553653
            ],
            [
              -40.5004564,
              -9.3569557
            ],
            [
              -40.4999522,
              -9.3574288
            ],
            [
              -40.4993903,
              -9.3578923
            ],
            [
              -40.4991745,
              -9.3580791
            ],
            [
              -40.4980545,
              -9.3590377
            ],
            [
              -40.4971703,
              -9.3597324
            ],
            [
              -40.4964635,
              -9.3603044
            ],
            [
              -40.4959835,
              -9.3607883
            ],
            [
              -40.4955967,
              -9.3603184
            ],
            [
              -40.4928772,
              -9.3588429
            ],
            [
              -40.4802107,
              -9.3521787
            ],
            [
              -40.4753511,
              -9.3497473
            ],
            [
              -40.4736428,
              -9.3465602
            ],
            [
              -40.4743693,
              -9.3460565
            ],
            [
              -40.4745475,
              -9.345976
            ],
            [
              -40.4759345,
              -9.3453491
            ],
            [
              -40.4761267,
              -9.3452622
            ],
            [
              -40.477937,
              -9.3447612
            ],
            [
              -40.4779821,
              -9.3447487
            ],
            [
              -40.4797809,
              -9.344724
            ],
            [
              -40.4827467,
              -9.3446833
            ],
            [
              -40.4829203,
              -9.3446809
            ],
            [
              -40.4881138,
              -9.3452718
            ],
            [
              -40.4931992,
              -9.3463084
            ],
            [
              -40.4988639,
              -9.3480714
            ],
            [
              -40.5031958,
              -9.3495287
            ]
          ]
        ]
      }
    },
    {
      "type": "Feature",
      "id": "way/1171852632",
      "properties": {
        "name": "Terra do Sul",
        "place": "suburb",
        "id": "way/1171852632"
      },
      "geometry": {
        "type": "Polygon",
        "coordinates": [
          [
            [
              -40.508652,
              -9.3513564
            ],
            [
              -40.5079079,
              -9.3542966
            ],
            [
              -40.5076475,
              -9.3541498
            ],
            [
              -40.5065464,
              -9.3557759
            ],
            [
              -40.5053039,
              -9.3575892
            ],
            [
              -40.5052767,
              -9.3576285
            ],
            [
              -40.5043441,
              -9.3589767
            ],
            [
              -40.5036596,
              -9.3599861
            ],
            [
              -40.5029193,
              -9.3605954
            ],
            [
              -40.5024914,
              -9.3600265
            ],
            [
              -40.50159,
              -9.3589728
            ],
            [
              -40.5001625,
              -9.357338
            ],
            [
              -40.5025286,
              -9.3542819
            ],
            [
              -40.5041432,
              -9.3521199
            ],
            [
              -40.5054567,
              -9.3502355
            ],
            [
              -40.5075322,
              -9.35096
            ],
            [
              -40.508652,
              -9.3513564
            ]
          ]
        ]
      }
    },
    {
      "type": "Feature",
      "id": "way/1171859477",
      "properties": {
        "name": "Topázio",
        "place": "suburb",
        "id": "way/1171859477"
      },
      "geometry": {
        "type": "Polygon",
        "coordinates": [
          [
            [
              -40.5187459,
              -9.3428222
            ],
            [
              -40.5182526,
              -9.3454408
            ],
            [
              -40.5181738,
              -9.3458589
            ],
            [
              -40.5148925,
              -9.3452635
            ],
            [
              -40.5154062,
              -9.3534603
            ],
            [
              -40.5117541,
              -9.3521913
            ],
            [
              -40.5070319,
              -9.3506511
            ],
            [
              -40.5010432,
              -9.3487137
            ],
            [
              -40.4938667,
              -9.3463888
            ],
            [
              -40.4924726,
              -9.345885
            ],
            [
              -40.4964388,
              -9.3396755
            ],
            [
              -40.4952509,
              -9.3380384
            ],
            [
              -40.494387,
              -9.3393558
            ],
            [
              -40.4945343,
              -9.3398111
            ],
            [
              -40.4940041,
              -9.3407605
            ],
            [
              -40.4930027,
              -9.3407508
            ],
            [
              -40.492718,
              -9.3412545
            ],
            [
              -40.4921584,
              -9.3409833
            ],
            [
              -40.4886599,
              -9.3453542
            ],
            [
              -40.4827467,
              -9.3446833
            ],
            [
              -40.4797809,
              -9.344724
            ],
            [
              -40.477937,
              -9.3447612
            ],
            [
              -40.4759345,
              -9.3453491
            ],
            [
              -40.4745475,
              -9.345976
            ],
            [
              -40.4735862,
              -9.3465425
            ],
            [
              -40.4708031,
              -9.3410645
            ],
            [
              -40.4766065,
              -9.3383628
            ],
            [
              -40.4803415,
              -9.336498
            ],
            [
              -40.4785261,
              -9.3330474
            ],
            [
              -40.4748357,
              -9.3351471
            ],
            [
              -40.4749845,
              -9.3354114
            ],
            [
              -40.4737792,
              -9.3360428
            ],
            [
              -40.4717406,
              -9.3320489
            ],
            [
              -40.4672914,
              -9.3342744
            ],
            [
              -40.4648562,
              -9.3294409
            ],
            [
              -40.4783475,
              -9.3229891
            ],
            [
              -40.4777225,
              -9.3225926
            ],
            [
              -40.4749101,
              -9.3240023
            ],
            [
              -40.4738387,
              -9.322666
            ],
            [
              -40.4685115,
              -9.3253385
            ],
            [
              -40.4687645,
              -9.3242078
            ],
            [
              -40.4673657,
              -9.3214913
            ],
            [
              -40.4635861,
              -9.3236058
            ],
            [
              -40.4637944,
              -9.3239876
            ],
            [
              -40.4635266,
              -9.3241638
            ],
            [
              -40.4638093,
              -9.3247658
            ],
            [
              -40.4627528,
              -9.3252798
            ],
            [
              -40.4618748,
              -9.3235764
            ],
            [
              -40.4666563,
              -9.3206775
            ],
            [
              -40.470446,
              -9.318393
            ],
            [
              -40.4780946,
              -9.3221374
            ],
            [
              -40.4896567,
              -9.3280844
            ],
            [
              -40.4995522,
              -9.332974
            ],
            [
              -40.5075877,
              -9.3371735
            ],
            [
              -40.5097751,
              -9.338216
            ],
            [
              -40.5131976,
              -9.340022
            ],
            [
              -40.5178999,
              -9.3424447
            ],
            [
              -40.5187459,
              -9.3428222
            ]
          ]
        ]
      }
    },
    {
      "type": "Feature",
      "id": "way/1171868338",
      "properties": {
        "name": "Vila Eulália",
        "place": "suburb",
        "id": "way/1171868338"
      },
      "geometry": {
        "type": "Polygon",
        "coordinates": [
          [
            [
              -40.5068398,
              -9.3784866
            ],
            [
              -40.5057347,
              -9.3780638
            ],
            [
              -40.5041897,
              -9.3777522
            ],
            [
              -40.5008403,
              -9.3771625
            ],
            [
              -40.4973669,
              -9.3765283
            ],
            [
              -40.497288,
              -9.3763058
            ],
            [
              -40.497638,
              -9.3741784
            ],
            [
              -40.4978602,
              -9.3727997
            ],
            [
              -40.4981594,
              -9.371227
            ],
            [
              -40.4984115,
              -9.3696881
            ],
            [
              -40.4985311,
              -9.3688617
            ],
            [
              -40.5002148,
              -9.3674492
            ],
            [
              -40.5011763,
              -9.3684274
            ],
            [
              -40.5018216,
              -9.3689881
            ],
            [
              -40.5023557,
              -9.3692453
            ],
            [
              -40.5029583,
              -9.3694983
            ],
            [
              -40.5035437,
              -9.3698609
            ],
            [
              -40.5050565,
              -9.371442
            ],
            [
              -40.5065692,
              -9.3731117
            ],
            [
              -40.5066504,
              -9.37503
            ],
            [
              -40.5067658,
              -9.3770707
            ],
            [
              -40.5068398,
              -9.3784866
            ]
          ]
        ]
      }
    },
    {
      "type": "Feature",
      "id": "way/1172155299",
      "properties": {
        "name": "Boa Esperança",
        "place": "suburb",
        "id": "way/1172155299"
      },
      "geometry": {
        "type": "Polygon",
        "coordinates": [
          [
            [
              -40.4736289,
              -9.3466252
            ],
            [
              -40.4763964,
              -9.3517958
            ],
            [
              -40.4767163,
              -9.352503
            ],
            [
              -40.4750324,
              -9.3537936
            ],
            [
              -40.4735806,
              -9.3545169
            ],
            [
              -40.4736669,
              -9.354758
            ],
            [
              -40.4721433,
              -9.3554387
            ],
            [
              -40.4686649,
              -9.3568853
            ],
            [
              -40.464899,
              -9.3611258
            ],
            [
              -40.4579389,
              -9.3753942
            ],
            [
              -40.4563506,
              -9.373365
            ],
            [
              -40.4561886,
              -9.3731805
            ],
            [
              -40.4557833,
              -9.3726844
            ],
            [
              -40.4543386,
              -9.3709511
            ],
            [
              -40.4543056,
              -9.3709114
            ],
            [
              -40.4531064,
              -9.368568
            ],
            [
              -40.4521663,
              -9.3667306
            ],
            [
              -40.451738,
              -9.3658937
            ],
            [
              -40.4517063,
              -9.3658317
            ],
            [
              -40.4506251,
              -9.3635478
            ],
            [
              -40.4505427,
              -9.3632938
            ],
            [
              -40.4501594,
              -9.3621129
            ],
            [
              -40.4493559,
              -9.3594005
            ],
            [
              -40.4481046,
              -9.3573201
            ],
            [
              -40.4462282,
              -9.3542849
            ],
            [
              -40.442544,
              -9.3508981
            ],
            [
              -40.4409117,
              -9.3493975
            ],
            [
              -40.433123,
              -9.3434873
            ],
            [
              -40.4309444,
              -9.3425199
            ],
            [
              -40.4279815,
              -9.3426919
            ],
            [
              -40.4251057,
              -9.3428854
            ],
            [
              -40.4194412,
              -9.3406927
            ],
            [
              -40.4182866,
              -9.3402627
            ],
            [
              -40.4087866,
              -9.3395244
            ],
            [
              -40.4039318,
              -9.3400537
            ],
            [
              -40.4013837,
              -9.3410065
            ],
            [
              -40.4006863,
              -9.3333576
            ],
            [
              -40.3990233,
              -9.3309226
            ],
            [
              -40.399828,
              -9.3301286
            ],
            [
              -40.4040391,
              -9.3284347
            ],
            [
              -40.4115761,
              -9.3268202
            ],
            [
              -40.417772,
              -9.325735
            ],
            [
              -40.4257381,
              -9.3241999
            ],
            [
              -40.433597,
              -9.3262114
            ],
            [
              -40.4370839,
              -9.3297845
            ],
            [
              -40.4385591,
              -9.3306844
            ],
            [
              -40.4368693,
              -9.3368248
            ],
            [
              -40.4412145,
              -9.3375658
            ],
            [
              -40.444755,
              -9.3331988
            ],
            [
              -40.4448086,
              -9.3272966
            ],
            [
              -40.444755,
              -9.3210238
            ],
            [
              -40.4564494,
              -9.3101188
            ],
            [
              -40.4611165,
              -9.3159948
            ],
            [
              -40.4606605,
              -9.3177682
            ],
            [
              -40.4594803,
              -9.3190387
            ],
            [
              -40.4642478,
              -9.3282332
            ],
            [
              -40.4648562,
              -9.3294409
            ],
            [
              -40.4672914,
              -9.3342744
            ],
            [
              -40.4691363,
              -9.3379364
            ],
            [
              -40.4735862,
              -9.3465425
            ],
            [
              -40.4736289,
              -9.3466252
            ]
          ]
        ]
      }
    },
    {
      "type": "Feature",
      "id": "way/1172174878",
      "properties": {
        "name": "Vila Marcela",
        "place": "suburb",
        "id": "way/1172174878"
      },
      "geometry": {
        "type": "Polygon",
        "coordinates": [
          [
            [
              -40.4782714,
              -9.3554221
            ],
            [
              -40.4802974,
              -9.3594379
            ],
            [
              -40.4773077,
              -9.3609829
            ],
            [
              -40.4769724,
              -9.360361
            ],
            [
              -40.4749608,
              -9.3613732
            ],
            [
              -40.473681,
              -9.3588655
            ],
            [
              -40.4718339,
              -9.3597853
            ],
            [
              -40.4714048,
              -9.3589517
            ],
            [
              -40.4782714,
              -9.3554221
            ]
          ]
        ]
      }
    },
    {
      "type": "Feature",
      "id": "way/1172187064",
      "properties": {
        "name": "Loteamento Assemco",
        "place": "suburb",
        "id": "way/1172187064"
      },
      "geometry": {
        "type": "Polygon",
        "coordinates": [
          [
            [
              -40.5517673,
              -9.3707079
            ],
            [
              -40.5522035,
              -9.3777196
            ],
            [
              -40.5496931,
              -9.3779352
            ],
            [
              -40.5498404,
              -9.3804322
            ],
            [
              -40.5468828,
              -9.3806076
            ],
            [
              -40.5460951,
              -9.3795547
            ],
            [
              -40.5454701,
              -9.3786121
            ],
            [
              -40.5450279,
              -9.3776795
            ],
            [
              -40.5444588,
              -9.3763809
            ],
            [
              -40.5450178,
              -9.3743854
            ],
            [
              -40.5449678,
              -9.3734511
            ],
            [
              -40.5453881,
              -9.3724603
            ],
            [
              -40.5460517,
              -9.3713691
            ],
            [
              -40.5459145,
              -9.3708976
            ],
            [
              -40.5492458,
              -9.3707274
            ],
            [
              -40.5517673,
              -9.3707079
            ]
          ]
        ]
      }
    },
    {
      "type": "Feature",
      "id": "way/1173401385",
      "properties": {
        "name": "Loteamento Vila Nova",
        "place": "suburb",
        "id": "way/1173401385"
      },
      "geometry": {
        "type": "Polygon",
        "coordinates": [
          [
            [
              -40.4737178,
              -9.3474479
            ],
            [
              -40.47398,
              -9.3473302
            ],
            [
              -40.4745465,
              -9.3484142
            ],
            [
              -40.4759201,
              -9.3509393
            ],
            [
              -40.4766868,
              -9.3525023
            ],
            [
              -40.4750178,
              -9.3537799
            ],
            [
              -40.4735531,
              -9.3545045
            ],
            [
              -40.473632,
              -9.354742
            ],
            [
              -40.4726766,
              -9.3551527
            ],
            [
              -40.4704921,
              -9.3560595
            ],
            [
              -40.4686396,
              -9.3568334
            ],
            [
              -40.4689235,
              -9.3562494
            ],
            [
              -40.466585,
              -9.3548441
            ],
            [
              -40.4667727,
              -9.3543741
            ],
            [
              -40.4664984,
              -9.3542127
            ],
            [
              -40.4669411,
              -9.3534531
            ],
            [
              -40.4674944,
              -9.3528644
            ],
            [
              -40.4692507,
              -9.3512264
            ],
            [
              -40.4710791,
              -9.3496692
            ],
            [
              -40.4723364,
              -9.3489653
            ],
            [
              -40.4721799,
              -9.3485826
            ],
            [
              -40.4731598,
              -9.3480656
            ],
            [
              -40.4730645,
              -9.3478239
            ],
            [
              -40.4737178,
              -9.3474479
            ]
          ]
        ]
      }
    },
    {
      "type": "Feature",
      "id": "way/1173409791",
      "properties": {
        "boundary": "administrative",
        "name": "Vila Esperança",
        "place": "suburb",
        "id": "way/1173409791"
      },
      "geometry": {
        "type": "Polygon",
        "coordinates": [
          [
            [
              -40.5170962,
              -9.3575242
            ],
            [
              -40.5161069,
              -9.3613921
            ],
            [
              -40.5135926,
              -9.3607153
            ],
            [
              -40.5142529,
              -9.358128
            ],
            [
              -40.5170962,
              -9.3575242
            ]
          ]
        ]
      }
    },
    {
      "type": "Feature",
      "id": "way/1173410346",
      "properties": {
        "name": "IPSEP",
        "place": "suburb",
        "id": "way/1173410346"
      },
      "geometry": {
        "type": "Polygon",
        "coordinates": [
          [
            [
              -40.5433769,
              -9.3660003
            ],
            [
              -40.5436956,
              -9.366493
            ],
            [
              -40.5443674,
              -9.3671703
            ],
            [
              -40.5450165,
              -9.3679495
            ],
            [
              -40.5452443,
              -9.368356
            ],
            [
              -40.5454347,
              -9.3687624
            ],
            [
              -40.5456168,
              -9.3691925
            ],
            [
              -40.5457366,
              -9.3696226
            ],
            [
              -40.546014,
              -9.3708358
            ],
            [
              -40.5447796,
              -9.3709509
            ],
            [
              -40.5435725,
              -9.3711826
            ],
            [
              -40.5424063,
              -9.3716548
            ],
            [
              -40.541689,
              -9.372205
            ],
            [
              -40.5407623,
              -9.3730301
            ],
            [
              -40.5395079,
              -9.3743308
            ],
            [
              -40.538801,
              -9.3735643
            ],
            [
              -40.5406037,
              -9.3705781
            ],
            [
              -40.5433769,
              -9.3660003
            ]
          ]
        ]
      }
    },
    {
      "type": "Feature",
      "id": "way/1173415201",
      "properties": {
        "name": "Boa Esperança",
        "place": "suburb",
        "id": "way/1173415201"
      },
      "geometry": {
        "type": "Polygon",
        "coordinates": [
          [
            [
              -40.4705198,
              -9.340829
            ],
            [
              -40.4733694,
              -9.34643
            ],
            [
              -40.473358,
              -9.3467349
            ],
            [
              -40.4730948,
              -9.3470398
            ],
            [
              -40.4716986,
              -9.3477963
            ],
            [
              -40.4647635,
              -9.3441264
            ],
            [
              -40.4705198,
              -9.340829
            ]
          ]
        ]
      }
    },
    {
      "type": "Feature",
      "id": "way/1173415538",
      "properties": {
        "name": "Jardim Santa Barbara",
        "place": "suburb",
        "id": "way/1173415538"
      },
      "geometry": {
        "type": "Polygon",
        "coordinates": [
          [
            [
              -40.4662333,
              -9.3510858
            ],
            [
              -40.4674521,
              -9.3528304
            ],
            [
              -40.4668627,
              -9.3534063
            ],
            [
              -40.4657469,
              -9.3554332
            ],
            [
              -40.4637385,
              -9.3541177
            ],
            [
              -40.4650031,
              -9.3519948
            ],
            [
              -40.4662333,
              -9.3510858
            ]
          ]
        ]
      }
    },
    {
      "type": "Feature",
      "id": "way/1173419132",
      "properties": {
        "name": "Loteamento Recife",
        "place": "suburb",
        "id": "way/1173419132"
      },
      "geometry": {
        "type": "Polygon",
        "coordinates": [
          [
            [
              -40.480324,
              -9.3594658
            ],
            [
              -40.4847132,
              -9.3680548
            ],
            [
              -40.4870901,
              -9.3726124
            ],
            [
              -40.4874221,
              -9.3733577
            ],
            [
              -40.4876493,
              -9.3743026
            ],
            [
              -40.4877173,
              -9.375162
            ],
            [
              -40.4875676,
              -9.3758871
            ],
            [
              -40.4873227,
              -9.3764645
            ],
            [
              -40.4711275,
              -9.3653866
            ],
            [
              -40.4756288,
              -9.3615662
            ],
            [
              -40.4771337,
              -9.3607815
            ],
            [
              -40.4773259,
              -9.3610228
            ],
            [
              -40.480324,
              -9.3594658
            ]
          ]
        ]
      }
    },
    {
      "type": "Feature",
      "id": "way/1173504847",
      "properties": {
        "name": "Reserva vallieer",
        "place": "suburb",
        "id": "way/1173504847"
      },
      "geometry": {
        "type": "Polygon",
        "coordinates": [
          [
            [
              -40.45578,
              -9.3727005
            ],
            [
              -40.4572676,
              -9.3745529
            ],
            [
              -40.4548269,
              -9.3758742
            ],
            [
              -40.4509366,
              -9.377532
            ],
            [
              -40.4502505,
              -9.3754851
            ],
            [
              -40.4526702,
              -9.3745205
            ],
            [
              -40.45578,
              -9.3727005
            ]
          ]
        ]
      }
    },
    {
      "type": "Feature",
      "id": "way/1173512403",
      "properties": {
        "boundary": "administrative",
        "name": "Residencial Novo Tempo",
        "place": "suburb",
        "id": "way/1173512403"
      },
      "geometry": {
        "type": "Polygon",
        "coordinates": [
          [
            [
              -40.5206646,
              -9.3444197
            ],
            [
              -40.5200575,
              -9.3467851
            ],
            [
              -40.5180929,
              -9.346398
            ],
            [
              -40.5181666,
              -9.3459066
            ],
            [
              -40.5181738,
              -9.3458589
            ],
            [
              -40.5185132,
              -9.3440449
            ],
            [
              -40.5206646,
              -9.3444197
            ]
          ]
        ]
      }
    },
    {
      "type": "Feature",
      "id": "way/1173526126",
      "properties": {
        "name": "Novo Horizonte",
        "place": "suburb",
        "id": "way/1173526126"
      },
      "geometry": {
        "type": "Polygon",
        "coordinates": [
          [
            [
              -40.4773452,
              -9.3889536
            ],
            [
              -40.477413,
              -9.3889791
            ],
            [
              -40.4757369,
              -9.3907138
            ],
            [
              -40.4729968,
              -9.3935225
            ],
            [
              -40.470877,
              -9.3956949
            ],
            [
              -40.4689955,
              -9.3977335
            ],
            [
              -40.4665328,
              -9.3953898
            ],
            [
              -40.4693838,
              -9.3933228
            ],
            [
              -40.476236,
              -9.3882322
            ],
            [
              -40.4773452,
              -9.3889536
            ]
          ]
        ]
      }
    },
    {
      "type": "Feature",
      "id": "way/1173729961",
      "properties": {
        "boundary": "administrative",
        "name": "Centro",
        "place": "suburb",
        "id": "way/1173729961"
      },
      "geometry": {
        "type": "Polygon",
        "coordinates": [
          [
            [
              -40.5040304,
              -9.3869818
            ],
            [
              -40.5041064,
              -9.3873628
            ],
            [
              -40.5039031,
              -9.3874438
            ],
            [
              -40.5040982,
              -9.3892414
            ],
            [
              -40.5070273,
              -9.3888381
            ],
            [
              -40.5087794,
              -9.3891968
            ],
            [
              -40.5081262,
              -9.3913611
            ],
            [
              -40.5069131,
              -9.3939662
            ],
            [
              -40.506601,
              -9.3946118
            ],
            [
              -40.5065261,
              -9.3949887
            ],
            [
              -40.5064114,
              -9.395371
            ],
            [
              -40.5062751,
              -9.3957907
            ],
            [
              -40.5067081,
              -9.3961124
            ],
            [
              -40.5060562,
              -9.3970713
            ],
            [
              -40.50539,
              -9.3983467
            ],
            [
              -40.5051943,
              -9.3987213
            ],
            [
              -40.5049153,
              -9.3992555
            ],
            [
              -40.5047389,
              -9.3995932
            ],
            [
              -40.5044723,
              -9.3999982
            ],
            [
              -40.504126,
              -9.4005254
            ],
            [
              -40.5037318,
              -9.4011255
            ],
            [
              -40.5036034,
              -9.4015098
            ],
            [
              -40.50361,
              -9.4019243
            ],
            [
              -40.501257,
              -9.401757
            ],
            [
              -40.500112,
              -9.4019072
            ],
            [
              -40.4988676,
              -9.4020251
            ],
            [
              -40.4981693,
              -9.4021038
            ],
            [
              -40.4956101,
              -9.4024417
            ],
            [
              -40.4955541,
              -9.4022881
            ],
            [
              -40.4936347,
              -9.4024286
            ],
            [
              -40.4925892,
              -9.4007512
            ],
            [
              -40.4928298,
              -9.4007325
            ],
            [
              -40.4926812,
              -9.4003973
            ],
            [
              -40.4929006,
              -9.4002367
            ],
            [
              -40.4933111,
              -9.4002274
            ],
            [
              -40.4922824,
              -9.39857
            ],
            [
              -40.4902887,
              -9.3952808
            ],
            [
              -40.4897339,
              -9.3943401
            ],
            [
              -40.490402,
              -9.3941596
            ],
            [
              -40.4906066,
              -9.3922611
            ],
            [
              -40.4926515,
              -9.3907021
            ],
            [
              -40.4978919,
              -9.3867617
            ],
            [
              -40.4993116,
              -9.3872225
            ],
            [
              -40.4999812,
              -9.387206
            ],
            [
              -40.5005451,
              -9.3873526
            ],
            [
              -40.5006654,
              -9.3875086
            ],
            [
              -40.50105,
              -9.3877553
            ],
            [
              -40.5012695,
              -9.3881627
            ],
            [
              -40.5013615,
              -9.3884816
            ],
            [
              -40.5018405,
              -9.3891777
            ],
            [
              -40.5040304,
              -9.3869818
            ]
          ]
        ]
      }
    },
    {
      "type": "Feature",
      "id": "way/1173730849",
      "properties": {
        "boundary": "administrative",
        "name": "Orla I",
        "place": "suburb",
        "id": "way/1173730849"
      },
      "geometry": {
        "type": "Polygon",
        "coordinates": [
          [
            [
              -40.50361,
              -9.4019243
            ],
            [
              -40.5037055,
              -9.4024484
            ],
            [
              -40.5039517,
              -9.4033629
            ],
            [
              -40.5015573,
              -9.4039362
            ],
            [
              -40.4960041,
              -9.404903
            ],
            [
              -40.4958009,
              -9.4035313
            ],
            [
              -40.4939064,
              -9.4030687
            ],
            [
              -40.493573,
              -9.4024457
            ],
            [
              -40.4955479,
              -9.4022965
            ],
            [
              -40.4956087,
              -9.4024535
            ],
            [
              -40.4972484,
              -9.402233
            ],
            [
              -40.4986244,
              -9.4020513
            ],
            [
              -40.5000175,
              -9.4019071
            ],
            [
              -40.501257,
              -9.401757
            ],
            [
              -40.5028404,
              -9.4018664
            ],
            [
              -40.50361,
              -9.4019243
            ]
          ]
        ]
      }
    },
    {
      "type": "Feature",
      "id": "way/1173778784",
      "properties": {
        "name": "Jardim Guararapes",
        "place": "suburb",
        "id": "way/1173778784"
      },
      "geometry": {
        "type": "Polygon",
        "coordinates": [
          [
            [
              -40.5476581,
              -9.4029749
            ],
            [
              -40.5515754,
              -9.4040139
            ],
            [
              -40.550543,
              -9.407769
            ],
            [
              -40.5482084,
              -9.4071862
            ],
            [
              -40.5478442,
              -9.4081641
            ],
            [
              -40.5462541,
              -9.4097129
            ],
            [
              -40.5456189,
              -9.4083158
            ],
            [
              -40.5467315,
              -9.4067072
            ],
            [
              -40.5476581,
              -9.4029749
            ]
          ]
        ]
      }
    },
    {
      "type": "Feature",
      "id": "way/1173779995",
      "properties": {
        "boundary": "administrative",
        "name": "Park Mandacaru",
        "place": "suburb",
        "id": "way/1173779995"
      },
      "geometry": {
        "type": "Polygon",
        "coordinates": [
          [
            [
              -40.5142124,
              -9.3581116
            ],
            [
              -40.513068,
              -9.3625775
            ],
            [
              -40.5091141,
              -9.3599126
            ],
            [
              -40.5089767,
              -9.3592972
            ],
            [
              -40.5142124,
              -9.3581116
            ]
          ]
        ]
      }
    },
    {
      "type": "Feature",
      "id": "way/1173782076",
      "properties": {
        "name": "Santa Luzia",
        "place": "suburb",
        "id": "way/1173782076"
      },
      "geometry": {
        "type": "Polygon",
        "coordinates": [
          [
            [
              -40.4989682,
              -9.3644266
            ],
            [
              -40.4974317,
              -9.3625171
            ],
            [
              -40.4990631,
              -9.3612455
            ],
            [
              -40.5015847,
              -9.3590717
            ],
            [
              -40.502936,
              -9.3606198
            ],
            [
              -40.5032656,
              -9.3603397
            ],
            [
              -40.5050628,
              -9.362412
            ],
            [
              -40.5013265,
              -9.3655074
            ],
            [
              -40.4995185,
              -9.3651611
            ],
            [
              -40.4989682,
              -9.3644266
            ]
          ]
        ]
      }
    },
    {
      "type": "Feature",
      "id": "way/1176041466",
      "properties": {
        "name": "Largo do Maracanã",
        "place": "neighbourhood",
        "id": "way/1176041466"
      },
      "geometry": {
        "type": "Polygon",
        "coordinates": [
          [
            [
              -34.9365485,
              -8.0066526
            ],
            [
              -34.9365413,
              -8.006763
            ],
            [
              -34.9364916,
              -8.0068008
            ],
            [
              -34.9363513,
              -8.006763
            ],
            [
              -34.9364005,
              -8.0066498
            ],
            [
              -34.9365485,
              -8.0066526
            ]
          ]
        ]
      }
    },
    {
      "type": "Feature",
      "id": "way/1176611104",
      "properties": {
        "addr:city": "Petrolina",
        "addr:country": "BR",
        "addr:state": "Pernambuco",
        "city": "Petrolina",
        "name": "Terra do Sul",
        "place": "suburb",
        "source": "survey;local knowledge",
        "uf": "PE",
        "id": "way/1176611104"
      },
      "geometry": {
        "type": "Polygon",
        "coordinates": [
          [
            [
              -40.5073456,
              -9.3508157
            ],
            [
              -40.5077196,
              -9.3541993
            ],
            [
              -40.503772,
              -9.3598519
            ],
            [
              -40.5029053,
              -9.3605984
            ],
            [
              -40.5000633,
              -9.3573057
            ],
            [
              -40.500487,
              -9.3569652
            ],
            [
              -40.5054758,
              -9.3502103
            ],
            [
              -40.5073456,
              -9.3508157
            ]
          ]
        ]
      }
    },
    {
      "type": "Feature",
      "id": "way/1191865463",
      "properties": {
        "access": "private",
        "name": "Condomínio Villa dei Fiori",
        "place": "neighbourhood",
        "id": "way/1191865463"
      },
      "geometry": {
        "type": "Polygon",
        "coordinates": [
          [
            [
              -35.0932199,
              -8.7263223
            ],
            [
              -35.0932787,
              -8.7266681
            ],
            [
              -35.0929167,
              -8.7267283
            ],
            [
              -35.0928578,
              -8.7263825
            ],
            [
              -35.0932199,
              -8.7263223
            ]
          ]
        ]
      }
    },
    {
      "type": "Feature",
      "id": "way/1196089680",
      "properties": {
        "name": "Centro",
        "place": "suburb",
        "id": "way/1196089680"
      },
      "geometry": {
        "type": "Polygon",
        "coordinates": [
          [
            [
              -35.1164834,
              -7.3996262
            ],
            [
              -35.1165238,
              -7.4010804
            ],
            [
              -35.1169033,
              -7.4010618
            ],
            [
              -35.1177919,
              -7.4012937
            ],
            [
              -35.1183068,
              -7.4014389
            ],
            [
              -35.1190639,
              -7.4014741
            ],
            [
              -35.119112,
              -7.402114
            ],
            [
              -35.1195254,
              -7.4020341
            ],
            [
              -35.1202921,
              -7.4035451
            ],
            [
              -35.1195651,
              -7.4039537
            ],
            [
              -35.1182285,
              -7.4035631
            ],
            [
              -35.1168554,
              -7.4035804
            ],
            [
              -35.1143581,
              -7.4041135
            ],
            [
              -35.1130732,
              -7.4044438
            ],
            [
              -35.1122272,
              -7.4046836
            ],
            [
              -35.1114748,
              -7.4047149
            ],
            [
              -35.1111439,
              -7.4046886
            ],
            [
              -35.1111988,
              -7.4035894
            ],
            [
              -35.1110829,
              -7.4026976
            ],
            [
              -35.1117685,
              -7.4025068
            ],
            [
              -35.1124468,
              -7.4023213
            ],
            [
              -35.1140912,
              -7.4015116
            ],
            [
              -35.1143593,
              -7.4020553
            ],
            [
              -35.1160033,
              -7.4013176
            ],
            [
              -35.1155065,
              -7.4002901
            ],
            [
              -35.1162764,
              -7.3999341
            ],
            [
              -35.1164834,
              -7.3996262
            ]
          ]
        ]
      }
    },
    {
      "type": "Feature",
      "id": "way/1232260897",
      "properties": {
        "name": "Nova Barra",
        "place": "suburb",
        "id": "way/1232260897"
      },
      "geometry": {
        "type": "Polygon",
        "coordinates": [
          [
            [
              -35.058114,
              -8.6149853
            ],
            [
              -35.056234,
              -8.6126623
            ],
            [
              -35.0556945,
              -8.6119621
            ],
            [
              -35.0550836,
              -8.6124323
            ],
            [
              -35.0550114,
              -8.6123322
            ],
            [
              -35.0549034,
              -8.6122011
            ],
            [
              -35.0552649,
              -8.6119298
            ],
            [
              -35.0550202,
              -8.6116214
            ],
            [
              -35.0548496,
              -8.6117543
            ],
            [
              -35.0543705,
              -8.6112508
            ],
            [
              -35.0554833,
              -8.6108877
            ],
            [
              -35.0554566,
              -8.6107868
            ],
            [
              -35.0561104,
              -8.6106045
            ],
            [
              -35.0560494,
              -8.6103904
            ],
            [
              -35.0553955,
              -8.6105727
            ],
            [
              -35.0549734,
              -8.6098617
            ],
            [
              -35.0550966,
              -8.6097508
            ],
            [
              -35.0552226,
              -8.6097535
            ],
            [
              -35.0554265,
              -8.6097217
            ],
            [
              -35.055574,
              -8.6097217
            ],
            [
              -35.0557483,
              -8.6097164
            ],
            [
              -35.0558851,
              -8.6096792
            ],
            [
              -35.0560327,
              -8.6095811
            ],
            [
              -35.0562097,
              -8.6095228
            ],
            [
              -35.0562955,
              -8.6094909
            ],
            [
              -35.0564082,
              -8.6094962
            ],
            [
              -35.0564645,
              -8.609544
            ],
            [
              -35.0565047,
              -8.6096739
            ],
            [
              -35.0564833,
              -8.6097535
            ],
            [
              -35.0564806,
              -8.6098039
            ],
            [
              -35.0565637,
              -8.6098967
            ],
            [
              -35.0566496,
              -8.6100399
            ],
            [
              -35.0566844,
              -8.6101672
            ],
            [
              -35.0567032,
              -8.6102574
            ],
            [
              -35.0567247,
              -8.6103422
            ],
            [
              -35.0567488,
              -8.6104032
            ],
            [
              -35.0568293,
              -8.6104403
            ],
            [
              -35.0569741,
              -8.6103926
            ],
            [
              -35.0570492,
              -8.6103475
            ],
            [
              -35.0570921,
              -8.6102521
            ],
            [
              -35.0571163,
              -8.6101486
            ],
            [
              -35.0570841,
              -8.6100081
            ],
            [
              -35.0570304,
              -8.6098887
            ],
            [
              -35.0570251,
              -8.6098065
            ],
            [
              -35.0570519,
              -8.6097429
            ],
            [
              -35.0570921,
              -8.6096713
            ],
            [
              -35.0571485,
              -8.6096368
            ],
            [
              -35.0571726,
              -8.6095413
            ],
            [
              -35.0572048,
              -8.6093875
            ],
            [
              -35.0572262,
              -8.6092019
            ],
            [
              -35.0572584,
              -8.6090852
            ],
            [
              -35.0573013,
              -8.6089287
            ],
            [
              -35.057363,
              -8.6088173
            ],
            [
              -35.0574542,
              -8.6087431
            ],
            [
              -35.0575803,
              -8.6087059
            ],
            [
              -35.0577117,
              -8.6086662
            ],
            [
              -35.0578887,
              -8.6086343
            ],
            [
              -35.0580738,
              -8.6086211
            ],
            [
              -35.0581731,
              -8.6086105
            ],
            [
              -35.0583099,
              -8.6085495
            ],
            [
              -35.0584064,
              -8.6084991
            ],
            [
              -35.0584761,
              -8.6084142
            ],
            [
              -35.0585808,
              -8.6082949
            ],
            [
              -35.0587175,
              -8.6082365
            ],
            [
              -35.0588677,
              -8.6081968
            ],
            [
              -35.0590019,
              -8.6082312
            ],
            [
              -35.0591252,
              -8.6082949
            ],
            [
              -35.0592352,
              -8.6083957
            ],
            [
              -35.0593318,
              -8.6084858
            ],
            [
              -35.0593425,
              -8.608629
            ],
            [
              -35.0593666,
              -8.60882
            ],
            [
              -35.0593425,
              -8.6089314
            ],
            [
              -35.0592406,
              -8.6090958
            ],
            [
              -35.0591682,
              -8.6092284
            ],
            [
              -35.0590555,
              -8.6092973
            ],
            [
              -35.058984,
              -8.6094522
            ],
            [
              -35.0589536,
              -8.6096792
            ],
            [
              -35.0589053,
              -8.6097455
            ],
            [
              -35.0588838,
              -8.609849
            ],
            [
              -35.0588677,
              -8.6099683
            ],
            [
              -35.0588919,
              -8.6100293
            ],
            [
              -35.0589509,
              -8.610146
            ],
            [
              -35.0589455,
              -8.610268
            ],
            [
              -35.0589107,
              -8.6103528
            ],
            [
              -35.0588382,
              -8.6104138
            ],
            [
              -35.058849,
              -8.610496
            ],
            [
              -35.0588704,
              -8.6106233
            ],
            [
              -35.0588919,
              -8.6107931
            ],
            [
              -35.0589187,
              -8.6109283
            ],
            [
              -35.0589992,
              -8.6111219
            ],
            [
              -35.0590743,
              -8.6112147
            ],
            [
              -35.059085,
              -8.6113314
            ],
            [
              -35.0590796,
              -8.6114614
            ],
            [
              -35.059085,
              -8.6115436
            ],
            [
              -35.0591601,
              -8.6116443
            ],
            [
              -35.0592728,
              -8.6117319
            ],
            [
              -35.0594176,
              -8.6118088
            ],
            [
              -35.0597207,
              -8.6118088
            ],
            [
              -35.059997,
              -8.611822
            ],
            [
              -35.0602249,
              -8.6118273
            ],
            [
              -35.060402,
              -8.6118326
            ],
            [
              -35.0605522,
              -8.61183
            ],
            [
              -35.0606541,
              -8.6118645
            ],
            [
              -35.0607265,
              -8.6119493
            ],
            [
              -35.0607265,
              -8.6120527
            ],
            [
              -35.0607024,
              -8.6121482
            ],
            [
              -35.0606461,
              -8.6122119
            ],
            [
              -35.0605522,
              -8.6122225
            ],
            [
              -35.0604905,
              -8.6123047
            ],
            [
              -35.0604476,
              -8.6123683
            ],
            [
              -35.0604583,
              -8.6124161
            ],
            [
              -35.0605441,
              -8.6124691
            ],
            [
              -35.0606112,
              -8.6125619
            ],
            [
              -35.0606031,
              -8.6127184
            ],
            [
              -35.0605495,
              -8.6127741
            ],
            [
              -35.0604637,
              -8.6128483
            ],
            [
              -35.0603725,
              -8.6129411
            ],
            [
              -35.0603027,
              -8.613209
            ],
            [
              -35.0603349,
              -8.6133442
            ],
            [
              -35.0603913,
              -8.6134212
            ],
            [
              -35.0593723,
              -8.614121
            ],
            [
              -35.0584245,
              -8.614772
            ],
            [
              -35.058114,
              -8.6149853
            ]
          ]
        ]
      }
    },
    {
      "type": "Feature",
      "id": "way/1237787192",
      "properties": {
        "name": "Sitio Pará",
        "place": "suburb",
        "id": "way/1237787192"
      },
      "geometry": {
        "type": "Polygon",
        "coordinates": [
          [
            [
              -38.090257,
              -7.8454636
            ],
            [
              -38.0903108,
              -7.8457448
            ],
            [
              -38.0907824,
              -7.8470573
            ],
            [
              -38.0911198,
              -7.8471239
            ],
            [
              -38.0912252,
              -7.8471238
            ],
            [
              -38.0913907,
              -7.8470746
            ],
            [
              -38.0916933,
              -7.846989
            ],
            [
              -38.0919027,
              -7.8469742
            ],
            [
              -38.0920369,
              -7.8469501
            ],
            [
              -38.0917139,
              -7.8471032
            ],
            [
              -38.0915393,
              -7.8472036
            ],
            [
              -38.0914498,
              -7.8472603
            ],
            [
              -38.0913495,
              -7.8473343
            ],
            [
              -38.0911407,
              -7.8475234
            ],
            [
              -38.0910232,
              -7.8476396
            ],
            [
              -38.0909826,
              -7.8476905
            ],
            [
              -38.0909392,
              -7.8477328
            ],
            [
              -38.0908474,
              -7.8478035
            ],
            [
              -38.0907294,
              -7.8479652
            ],
            [
              -38.0906175,
              -7.8481471
            ],
            [
              -38.0905652,
              -7.8482431
            ],
            [
              -38.0905456,
              -7.8482976
            ],
            [
              -38.090537,
              -7.8483275
            ],
            [
              -38.0904428,
              -7.8484785
            ],
            [
              -38.0903656,
              -7.8485164
            ],
            [
              -38.0902835,
              -7.84853
            ],
            [
              -38.0895572,
              -7.8485663
            ],
            [
              -38.0887394,
              -7.8486708
            ],
            [
              -38.0885827,
              -7.8488762
            ],
            [
              -38.0883757,
              -7.8491487
            ],
            [
              -38.088059,
              -7.8494229
            ],
            [
              -38.0879716,
              -7.8495406
            ],
            [
              -38.0879234,
              -7.8496438
            ],
            [
              -38.0856987,
              -7.8480765
            ],
            [
              -38.0852179,
              -7.8466265
            ],
            [
              -38.0848803,
              -7.8456318
            ],
            [
              -38.085165,
              -7.8450763
            ],
            [
              -38.0882554,
              -7.8445037
            ],
            [
              -38.0892562,
              -7.8449837
            ],
            [
              -38.090257,
              -7.8454636
            ]
          ]
        ]
      }
    },
    {
      "type": "Feature",
      "id": "way/1238683521",
      "properties": {
        "boundary": "administrative",
        "name": "Orla II",
        "place": "suburb",
        "id": "way/1238683521"
      },
      "geometry": {
        "type": "Polygon",
        "coordinates": [
          [
            [
              -40.5047383,
              -9.3995939
            ],
            [
              -40.504863,
              -9.399639
            ],
            [
              -40.5050848,
              -9.3996905
            ],
            [
              -40.5094921,
              -9.3990341
            ],
            [
              -40.5095669,
              -9.3994733
            ],
            [
              -40.5118538,
              -9.399251
            ],
            [
              -40.5117013,
              -9.4005922
            ],
            [
              -40.5116943,
              -9.4006534
            ],
            [
              -40.5117942,
              -9.4006803
            ],
            [
              -40.5117628,
              -9.4010193
            ],
            [
              -40.5094932,
              -9.4007896
            ],
            [
              -40.5095128,
              -9.4010855
            ],
            [
              -40.5090694,
              -9.4011241
            ],
            [
              -40.5090107,
              -9.4008346
            ],
            [
              -40.5080847,
              -9.400841
            ],
            [
              -40.5068717,
              -9.4012013
            ],
            [
              -40.5068717,
              -9.4013815
            ],
            [
              -40.503722,
              -9.4025395
            ],
            [
              -40.5036134,
              -9.4019195
            ],
            [
              -40.5036238,
              -9.4015186
            ],
            [
              -40.5037325,
              -9.4011255
            ],
            [
              -40.5047383,
              -9.3995939
            ]
          ]
        ]
      }
    },
    {
      "type": "Feature",
      "id": "way/1238696688",
      "properties": {
        "boundary": "administrative",
        "name": "Ouro Preto",
        "place": "suburb",
        "id": "way/1238696688"
      },
      "geometry": {
        "type": "Polygon",
        "coordinates": [
          [
            [
              -40.5182747,
              -9.3838672
            ],
            [
              -40.5189716,
              -9.3824988
            ],
            [
              -40.5212545,
              -9.3780869
            ],
            [
              -40.5216075,
              -9.3773593
            ],
            [
              -40.5216467,
              -9.3768871
            ],
            [
              -40.5218834,
              -9.3763166
            ],
            [
              -40.5237126,
              -9.377069
            ],
            [
              -40.5227792,
              -9.3792283
            ],
            [
              -40.5236579,
              -9.3799176
            ],
            [
              -40.5243247,
              -9.3803355
            ],
            [
              -40.5251899,
              -9.3820181
            ],
            [
              -40.524422,
              -9.3840877
            ],
            [
              -40.523862,
              -9.3863219
            ],
            [
              -40.5182747,
              -9.3838672
            ]
          ]
        ]
      }
    },
    {
      "type": "Feature",
      "id": "way/1238702861",
      "properties": {
        "admin_level": "10",
        "boundary": "administrative",
        "name": "Vila Esperança",
        "place": "suburb",
        "source": "mapa pref.",
        "id": "way/1238702861"
      },
      "geometry": {
        "type": "Polygon",
        "coordinates": [
          [
            [
              -40.5161636,
              -9.3614157
            ],
            [
              -40.513553,
              -9.360769
            ],
            [
              -40.5142534,
              -9.3581192
            ],
            [
              -40.5172085,
              -9.3574651
            ],
            [
              -40.5161636,
              -9.3614157
            ]
          ]
        ]
      }
    },
    {
      "type": "Feature",
      "id": "way/1241150327",
      "properties": {
        "boundary": "administrative",
        "name": "Vila dos Ingas II",
        "place": "suburb",
        "id": "way/1241150327"
      },
      "geometry": {
        "type": "Polygon",
        "coordinates": [
          [
            [
              -40.4855927,
              -9.3988845
            ],
            [
              -40.4850436,
              -9.4007891
            ],
            [
              -40.4833256,
              -9.4002956
            ],
            [
              -40.4828312,
              -9.4000591
            ],
            [
              -40.4820184,
              -9.3994531
            ],
            [
              -40.4813808,
              -9.3985744
            ],
            [
              -40.4809561,
              -9.3975874
            ],
            [
              -40.4808617,
              -9.3967308
            ],
            [
              -40.4832306,
              -9.3966842
            ],
            [
              -40.4835893,
              -9.3975594
            ],
            [
              -40.4842216,
              -9.3982578
            ],
            [
              -40.4850144,
              -9.398742
            ],
            [
              -40.4855927,
              -9.3988845
            ]
          ]
        ]
      }
    },
    {
      "type": "Feature",
      "id": "way/1241980975",
      "properties": {
        "boundary": "administrative",
        "name": "Colônia Imperial",
        "place": "suburb",
        "id": "way/1241980975"
      },
      "geometry": {
        "type": "Polygon",
        "coordinates": [
          [
            [
              -40.4808616,
              -9.3967301
            ],
            [
              -40.4808704,
              -9.3957725
            ],
            [
              -40.4824339,
              -9.3957502
            ],
            [
              -40.4823718,
              -9.3923095
            ],
            [
              -40.4839552,
              -9.3934247
            ],
            [
              -40.4852375,
              -9.3942808
            ],
            [
              -40.4854189,
              -9.394511
            ],
            [
              -40.4850549,
              -9.3944213
            ],
            [
              -40.4839885,
              -9.3979995
            ],
            [
              -40.4835896,
              -9.3975588
            ],
            [
              -40.483231,
              -9.3966837
            ],
            [
              -40.4808616,
              -9.3967301
            ]
          ]
        ]
      }
    },
    {
      "type": "Feature",
      "id": "way/1242018256",
      "properties": {
        "admin_level": "10",
        "boundary": "administrative",
        "name": "Condomínio Sol Nascente",
        "place": "suburb",
        "source": "mapa do licenciado",
        "id": "way/1242018256"
      },
      "geometry": {
        "type": "Polygon",
        "coordinates": [
          [
            [
              -40.4773818,
              -9.3889885
            ],
            [
              -40.4767777,
              -9.3929179
            ],
            [
              -40.4765795,
              -9.3931973
            ],
            [
              -40.4764486,
              -9.3932932
            ],
            [
              -40.4765034,
              -9.3933594
            ],
            [
              -40.4765152,
              -9.3934918
            ],
            [
              -40.476657,
              -9.3935055
            ],
            [
              -40.4767066,
              -9.3939412
            ],
            [
              -40.4755455,
              -9.3951378
            ],
            [
              -40.4728877,
              -9.3978693
            ],
            [
              -40.4708609,
              -9.3957715
            ],
            [
              -40.4748678,
              -9.3916125
            ],
            [
              -40.4773818,
              -9.3889885
            ]
          ]
        ]
      }
    },
    {
      "type": "Feature",
      "id": "way/1242239318",
      "properties": {
        "name": "Cidade Universitária",
        "place": "suburb",
        "id": "way/1242239318"
      },
      "geometry": {
        "type": "Polygon",
        "coordinates": [
          [
            [
              -40.4774107,
              -9.3889146
            ],
            [
              -40.4807533,
              -9.391169
            ],
            [
              -40.4808699,
              -9.3957719
            ],
            [
              -40.480861,
              -9.3967305
            ],
            [
              -40.4809555,
              -9.3975879
            ],
            [
              -40.4813805,
              -9.3985751
            ],
            [
              -40.4820183,
              -9.3994539
            ],
            [
              -40.4826809,
              -9.3999478
            ],
            [
              -40.4816999,
              -9.4001274
            ],
            [
              -40.4810689,
              -9.4002501
            ],
            [
              -40.4789046,
              -9.4006192
            ],
            [
              -40.4778964,
              -9.4008325
            ],
            [
              -40.4769205,
              -9.4007844
            ],
            [
              -40.4762213,
              -9.4005566
            ],
            [
              -40.4718048,
              -9.3990044
            ],
            [
              -40.472888,
              -9.3978698
            ],
            [
              -40.4767073,
              -9.3939413
            ],
            [
              -40.4766577,
              -9.3935054
            ],
            [
              -40.4765191,
              -9.3934818
            ],
            [
              -40.4765079,
              -9.3933583
            ],
            [
              -40.4764629,
              -9.3932953
            ],
            [
              -40.4765799,
              -9.3931979
            ],
            [
              -40.4767783,
              -9.3929182
            ],
            [
              -40.4773823,
              -9.3889882
            ],
            [
              -40.4774107,
              -9.3889146
            ]
          ]
        ]
      }
    },
    {
      "type": "Feature",
      "id": "way/1242501775",
      "properties": {
        "boundary": "administrative",
        "name": "Jatobá",
        "place": "suburb",
        "id": "way/1242501775"
      },
      "geometry": {
        "type": "Polygon",
        "coordinates": [
          [
            [
              -40.4710507,
              -9.3843628
            ],
            [
              -40.4634943,
              -9.3901487
            ],
            [
              -40.4605511,
              -9.3923246
            ],
            [
              -40.4600934,
              -9.3907033
            ],
            [
              -40.4660581,
              -9.3861221
            ],
            [
              -40.4663792,
              -9.3856843
            ],
            [
              -40.4696634,
              -9.3834124
            ],
            [
              -40.4710507,
              -9.3843628
            ]
          ]
        ]
      }
    },
    {
      "type": "Feature",
      "id": "way/1329404136",
      "properties": {
        "name": "Vila Sampaio",
        "place": "suburb",
        "id": "way/1329404136"
      },
      "geometry": {
        "type": "Polygon",
        "coordinates": [
          [
            [
              -40.4124099,
              -7.6512232
            ],
            [
              -40.409962,
              -7.6550482
            ],
            [
              -40.4069292,
              -7.652957
            ],
            [
              -40.4073701,
              -7.6523947
            ],
            [
              -40.407809,
              -7.6514687
            ],
            [
              -40.4082549,
              -7.6511951
            ],
            [
              -40.4086301,
              -7.651146
            ],
            [
              -40.4090336,
              -7.6508513
            ],
            [
              -40.4094158,
              -7.6505567
            ],
            [
              -40.4095857,
              -7.6506198
            ],
            [
              -40.4098971,
              -7.6507391
            ],
            [
              -40.4102298,
              -7.6507742
            ],
            [
              -40.4108032,
              -7.6506549
            ],
            [
              -40.4108385,
              -7.6507601
            ],
            [
              -40.4111004,
              -7.6510337
            ],
            [
              -40.4120136,
              -7.6509916
            ],
            [
              -40.4124099,
              -7.6512232
            ]
          ]
        ]
      }
    },
    {
      "type": "Feature",
      "id": "way/1357551422",
      "properties": {
        "name": "Loteamento Vila do Reinado - 2º Plano",
        "place": "neighbourhood",
        "id": "way/1357551422"
      },
      "geometry": {
        "type": "Polygon",
        "coordinates": [
          [
            [
              -35.0397117,
              -7.9886049
            ],
            [
              -35.0410297,
              -7.9867874
            ],
            [
              -35.0429219,
              -7.9884588
            ],
            [
              -35.0438248,
              -7.9892281
            ],
            [
              -35.0440363,
              -7.9897541
            ],
            [
              -35.0441233,
              -7.9898104
            ],
            [
              -35.0446915,
              -7.9901784
            ],
            [
              -35.0435836,
              -7.9916307
            ],
            [
              -35.0410882,
              -7.9896806
            ],
            [
              -35.0397117,
              -7.9886049
            ]
          ]
        ]
      }
    },
    {
      "type": "Feature",
      "id": "way/1357561186",
      "properties": {
        "name": "Loteamento Vila do Reinado - 1º Plano",
        "place": "neighbourhood",
        "id": "way/1357561186"
      },
      "geometry": {
        "type": "Polygon",
        "coordinates": [
          [
            [
              -35.0447533,
              -7.9901927
            ],
            [
              -35.0450778,
              -7.9904447
            ],
            [
              -35.0454779,
              -7.9907677
            ],
            [
              -35.0459432,
              -7.9911966
            ],
            [
              -35.0461685,
              -7.9914543
            ],
            [
              -35.0462477,
              -7.9917412
            ],
            [
              -35.0453102,
              -7.9920586
            ],
            [
              -35.045042,
              -7.9921608
            ],
            [
              -35.044629,
              -7.9924172
            ],
            [
              -35.0443956,
              -7.9922233
            ],
            [
              -35.0448583,
              -7.9916668
            ],
            [
              -35.0450004,
              -7.9914609
            ],
            [
              -35.0442172,
              -7.9908766
            ],
            [
              -35.0447533,
              -7.9901927
            ]
          ]
        ]
      }
    },
    {
      "type": "Feature",
      "id": "way/1357796963",
      "properties": {
        "name": "Loteamento Vila do Rosário - 3º Plano",
        "place": "neighbourhood",
        "id": "way/1357796963"
      },
      "geometry": {
        "type": "Polygon",
        "coordinates": [
          [
            [
              -35.0404971,
              -7.9944987
            ],
            [
              -35.0422578,
              -7.9922538
            ],
            [
              -35.0398919,
              -7.9904383
            ],
            [
              -35.0406599,
              -7.9894798
            ],
            [
              -35.0435319,
              -7.991665
            ],
            [
              -35.0413412,
              -7.9944198
            ],
            [
              -35.0404971,
              -7.9944987
            ]
          ]
        ]
      }
    },
    {
      "type": "Feature",
      "id": "way/1359374676",
      "properties": {
        "name": "Loteamento Vila Dourada",
        "place": "neighbourhood",
        "id": "way/1359374676"
      },
      "geometry": {
        "type": "Polygon",
        "coordinates": [
          [
            [
              -35.0445152,
              -7.9841671
            ],
            [
              -35.0483979,
              -7.9872935
            ],
            [
              -35.0476969,
              -7.9877342
            ],
            [
              -35.047313,
              -7.9879349
            ],
            [
              -35.0470391,
              -7.9881156
            ],
            [
              -35.0467911,
              -7.9883733
            ],
            [
              -35.0436892,
              -7.9852401
            ],
            [
              -35.0445152,
              -7.9841671
            ]
          ]
        ]
      }
    },
    {
      "type": "Feature",
      "id": "way/1359559894",
      "properties": {
        "name": "Loteamento Capibaribe - 1ª Planta",
        "place": "neighbourhood",
        "id": "way/1359559894"
      },
      "geometry": {
        "type": "Polygon",
        "coordinates": [
          [
            [
              -35.0330857,
              -7.9976525
            ],
            [
              -35.0324689,
              -7.9985343
            ],
            [
              -35.0320109,
              -7.9991832
            ],
            [
              -35.0318091,
              -7.9993081
            ],
            [
              -35.0310283,
              -8.0000959
            ],
            [
              -35.0306839,
              -8.0004803
            ],
            [
              -35.0302472,
              -8.0008351
            ],
            [
              -35.029299,
              -8.0014407
            ],
            [
              -35.0284393,
              -8.0014978
            ],
            [
              -35.0281197,
              -8.0015222
            ],
            [
              -35.0275882,
              -8.0015451
            ],
            [
              -35.0275112,
              -8.0015427
            ],
            [
              -35.0266484,
              -8.0014549
            ],
            [
              -35.0230472,
              -7.9987879
            ],
            [
              -35.0239135,
              -7.9976451
            ],
            [
              -35.0255016,
              -7.9987828
            ],
            [
              -35.0267063,
              -7.9970716
            ],
            [
              -35.0274302,
              -7.997584
            ],
            [
              -35.0274602,
              -7.997562
            ],
            [
              -35.0280785,
              -7.9966988
            ],
            [
              -35.0273504,
              -7.9961848
            ],
            [
              -35.0285786,
              -7.9943708
            ],
            [
              -35.0330857,
              -7.9976525
            ]
          ]
        ]
      }
    },
    {
      "type": "Feature",
      "id": "way/1359585124",
      "properties": {
        "name": "Loteamento Eduardo Moura",
        "place": "neighbourhood",
        "id": "way/1359585124"
      },
      "geometry": {
        "type": "Polygon",
        "coordinates": [
          [
            [
              -35.0273268,
              -7.9962125
            ],
            [
              -35.0280253,
              -7.9967126
            ],
            [
              -35.0274375,
              -7.9975372
            ],
            [
              -35.0274324,
              -7.9975444
            ],
            [
              -35.026726,
              -7.997045
            ],
            [
              -35.0273268,
              -7.9962125
            ]
          ]
        ]
      }
    },
    {
      "type": "Feature",
      "id": "way/1359585133",
      "properties": {
        "name": "Loteamento Capibaribe - 2ª Planta",
        "place": "neighbourhood",
        "id": "way/1359585133"
      },
      "geometry": {
        "type": "Polygon",
        "coordinates": [
          [
            [
              -35.0272963,
              -7.9961841
            ],
            [
              -35.025492,
              -7.9987374
            ],
            [
              -35.0239333,
              -7.9976341
            ],
            [
              -35.0232804,
              -7.9984654
            ],
            [
              -35.0212867,
              -7.9970146
            ],
            [
              -35.02122,
              -7.9970299
            ],
            [
              -35.0202016,
              -7.9965216
            ],
            [
              -35.0196731,
              -7.9961867
            ],
            [
              -35.0187369,
              -7.9955226
            ],
            [
              -35.0186679,
              -7.9954343
            ],
            [
              -35.018674,
              -7.9949831
            ],
            [
              -35.0186526,
              -7.9946832
            ],
            [
              -35.0186638,
              -7.9946792
            ],
            [
              -35.0186342,
              -7.9946067
            ],
            [
              -35.0186241,
              -7.9944201
            ],
            [
              -35.0189084,
              -7.9943178
            ],
            [
              -35.0192149,
              -7.9942587
            ],
            [
              -35.0195468,
              -7.9942215
            ],
            [
              -35.0199096,
              -7.9942182
            ],
            [
              -35.020212,
              -7.9942248
            ],
            [
              -35.0204071,
              -7.9942507
            ],
            [
              -35.0204909,
              -7.9942859
            ],
            [
              -35.0205593,
              -7.9943271
            ],
            [
              -35.0206224,
              -7.9943816
            ],
            [
              -35.0206807,
              -7.9944672
            ],
            [
              -35.0207149,
              -7.9945462
            ],
            [
              -35.0207612,
              -7.9947142
            ],
            [
              -35.0208242,
              -7.9949858
            ],
            [
              -35.0208705,
              -7.9951983
            ],
            [
              -35.0209167,
              -7.9954052
            ],
            [
              -35.0209787,
              -7.9955401
            ],
            [
              -35.0211273,
              -7.9957277
            ],
            [
              -35.0213759,
              -7.9959616
            ],
            [
              -35.021414,
              -7.9959984
            ],
            [
              -35.0215582,
              -7.9961894
            ],
            [
              -35.021391,
              -7.9965846
            ],
            [
              -35.0217155,
              -7.9968112
            ],
            [
              -35.0224125,
              -7.9965488
            ],
            [
              -35.0236209,
              -7.9960863
            ],
            [
              -35.0249183,
              -7.9956174
            ],
            [
              -35.0252924,
              -7.9954674
            ],
            [
              -35.025521,
              -7.9952928
            ],
            [
              -35.0257121,
              -7.9950774
            ],
            [
              -35.025922,
              -7.9948545
            ],
            [
              -35.026606,
              -7.9956973
            ],
            [
              -35.0272963,
              -7.9961841
            ]
          ]
        ]
      }
    },
    {
      "type": "Feature",
      "id": "way/1476564501",
      "properties": {
        "name": "Sítio Pitombeira",
        "place": "neighbourhood",
        "id": "way/1476564501"
      },
      "geometry": {
        "type": "Polygon",
        "coordinates": [
          [
            [
              -35.4080102,
              -7.9485773
            ],
            [
              -35.408088,
              -7.9485481
            ],
            [
              -35.4082999,
              -7.9487314
            ],
            [
              -35.4088846,
              -7.9494699
            ],
            [
              -35.409193,
              -7.9496346
            ],
            [
              -35.4094318,
              -7.9498019
            ],
            [
              -35.4115051,
              -7.9511727
            ],
            [
              -35.4132196,
              -7.9536413
            ],
            [
              -35.4130997,
              -7.9537109
            ],
            [
              -35.4110867,
              -7.9551015
            ],
            [
              -35.4093861,
              -7.9563183
            ],
            [
              -35.409075,
              -7.9563553
            ],
            [
              -35.4086727,
              -7.9563394
            ],
            [
              -35.4084206,
              -7.9563978
            ],
            [
              -35.4081094,
              -7.9565678
            ],
            [
              -35.4078516,
              -7.9565944
            ],
            [
              -35.4073477,
              -7.9566581
            ],
            [
              -35.4071385,
              -7.956791
            ],
            [
              -35.4069293,
              -7.9568919
            ],
            [
              -35.4065377,
              -7.95686
            ],
            [
              -35.4063284,
              -7.9567963
            ],
            [
              -35.4061402,
              -7.9566774
            ],
            [
              -35.4054594,
              -7.9560737
            ],
            [
              -35.4049444,
              -7.9554362
            ],
            [
              -35.4036516,
              -7.9541718
            ],
            [
              -35.4026216,
              -7.952987
            ],
            [
              -35.4020155,
              -7.9526151
            ],
            [
              -35.4013528,
              -7.9524241
            ],
            [
              -35.4004759,
              -7.952307
            ],
            [
              -35.400026,
              -7.9519959
            ],
            [
              -35.3997275,
              -7.9519297
            ],
            [
              -35.3993719,
              -7.9518705
            ],
            [
              -35.4009866,
              -7.950859
            ],
            [
              -35.4029959,
              -7.9491958
            ],
            [
              -35.4056872,
              -7.9480675
            ],
            [
              -35.40637,
              -7.9490608
            ],
            [
              -35.4080102,
              -7.9485773
            ]
          ]
        ]
      }
    },
    {
      "type": "Feature",
      "id": "way/1493915034",
      "properties": {
        "name": "Centro",
        "place": "suburb",
        "id": "way/1493915034"
      },
      "geometry": {
        "type": "Polygon",
        "coordinates": [
          [
            [
              -38.5715153,
              -8.5938009
            ],
            [
              -38.5772004,
              -8.6002918
            ],
            [
              -38.5740629,
              -8.6033324
            ],
            [
              -38.5741433,
              -8.6053016
            ],
            [
              -38.5721558,
              -8.6054346
            ],
            [
              -38.5696303,
              -8.60409
            ],
            [
              -38.5676726,
              -8.6020509
            ],
            [
              -38.5661184,
              -8.5985638
            ],
            [
              -38.5715153,
              -8.5938009
            ]
          ]
        ]
      }
    },
    {
      "type": "Feature",
      "id": "way/1496316559",
      "properties": {
        "landuse": "residential",
        "name": "Vila Claudete",
        "place": "neighbourhood",
        "id": "way/1496316559"
      },
      "geometry": {
        "type": "Polygon",
        "coordinates": [
          [
            [
              -35.0167987,
              -8.2973595
            ],
            [
              -35.0164165,
              -8.2974015
            ],
            [
              -35.0162466,
              -8.2974435
            ],
            [
              -35.0160767,
              -8.2975556
            ],
            [
              -35.0159352,
              -8.2976537
            ],
            [
              -35.0156237,
              -8.29813
            ],
            [
              -35.0153831,
              -8.2983961
            ],
            [
              -35.0148309,
              -8.2978918
            ],
            [
              -35.0147602,
              -8.2976957
            ],
            [
              -35.0144346,
              -8.2974155
            ],
            [
              -35.0142505,
              -8.2969532
            ],
            [
              -35.0142222,
              -8.296603
            ],
            [
              -35.0138541,
              -8.2963228
            ],
            [
              -35.0137267,
              -8.2959306
            ],
            [
              -35.0137409,
              -8.2956644
            ],
            [
              -35.0136984,
              -8.2955244
            ],
            [
              -35.0135427,
              -8.2954543
            ],
            [
              -35.0133728,
              -8.2955524
            ],
            [
              -35.0132312,
              -8.2957065
            ],
            [
              -35.013118,
              -8.2958325
            ],
            [
              -35.0122686,
              -8.296603
            ],
            [
              -35.0118297,
              -8.2968272
            ],
            [
              -35.0115164,
              -8.2967991
            ],
            [
              -35.0110776,
              -8.2967291
            ],
            [
              -35.0108086,
              -8.296603
            ],
            [
              -35.0106812,
              -8.2964489
            ],
            [
              -35.0105396,
              -8.2963369
            ],
            [
              -35.0104264,
              -8.2961968
            ],
            [
              -35.0103414,
              -8.2960427
            ],
            [
              -35.010299,
              -8.2958606
            ],
            [
              -35.0102706,
              -8.2956785
            ],
            [
              -35.0101999,
              -8.2955103
            ],
            [
              -35.0101857,
              -8.2953282
            ],
            [
              -35.0101574,
              -8.2946138
            ],
            [
              -35.0097893,
              -8.2944177
            ],
            [
              -35.0097327,
              -8.2942215
            ],
            [
              -35.0097752,
              -8.2940254
            ],
            [
              -35.0096478,
              -8.2934931
            ],
            [
              -35.0095062,
              -8.2931709
            ],
            [
              -35.0092089,
              -8.2927226
            ],
            [
              -35.0089824,
              -8.2922603
            ],
            [
              -35.0088267,
              -8.2920642
            ],
            [
              -35.0086568,
              -8.2920502
            ],
            [
              -35.0084586,
              -8.2920502
            ],
            [
              -35.0082604,
              -8.2920222
            ],
            [
              -35.0080763,
              -8.2920222
            ],
            [
              -35.0073402,
              -8.2919521
            ],
            [
              -35.0071236,
              -8.2918604
            ],
            [
              -35.0059863,
              -8.2907138
            ],
            [
              -35.0055729,
              -8.2896342
            ],
            [
              -35.0120425,
              -8.2896483
            ],
            [
              -35.0127605,
              -8.288977
            ],
            [
              -35.0139836,
              -8.2874801
            ],
            [
              -35.014799,
              -8.2871509
            ],
            [
              -35.0153095,
              -8.2880326
            ],
            [
              -35.0153398,
              -8.2880874
            ],
            [
              -35.0154915,
              -8.2881267
            ],
            [
              -35.0155756,
              -8.2882491
            ],
            [
              -35.0161954,
              -8.2892795
            ],
            [
              -35.0164624,
              -8.2894852
            ],
            [
              -35.017556,
              -8.2893363
            ],
            [
              -35.0199486,
              -8.2889712
            ],
            [
              -35.0202008,
              -8.2889435
            ],
            [
              -35.0206024,
              -8.2887725
            ],
            [
              -35.0207051,
              -8.2887283
            ],
            [
              -35.0207437,
              -8.2891467
            ],
            [
              -35.0211232,
              -8.2898575
            ],
            [
              -35.0211792,
              -8.2900007
            ],
            [
              -35.0211661,
              -8.2902511
            ],
            [
              -35.0210097,
              -8.2908102
            ],
            [
              -35.0210984,
              -8.2908126
            ],
            [
              -35.0209962,
              -8.2912262
            ],
            [
              -35.0187706,
              -8.2913131
            ],
            [
              -35.0188225,
              -8.2923329
            ],
            [
              -35.0189431,
              -8.2923295
            ],
            [
              -35.0189498,
              -8.2924257
            ],
            [
              -35.0190135,
              -8.2924257
            ],
            [
              -35.0190202,
              -8.2926246
            ],
            [
              -35.0186144,
              -8.2931815
            ],
            [
              -35.0179153,
              -8.2936158
            ],
            [
              -35.0173745,
              -8.2960437
            ],
            [
              -35.0172305,
              -8.2969587
            ],
            [
              -35.0167987,
              -8.2973595
            ]
          ]
        ]
      }
    },
    {
      "type": "Feature",
      "id": "way/1496322944",
      "properties": {
        "landuse": "residential",
        "name": "Santo Inácio",
        "place": "neighbourhood",
        "id": "way/1496322944"
      },
      "geometry": {
        "type": "Polygon",
        "coordinates": [
          [
            [
              -35.0221924,
              -8.2828589
            ],
            [
              -35.0226864,
              -8.2829269
            ],
            [
              -35.0226574,
              -8.2805858
            ],
            [
              -35.0220549,
              -8.2805207
            ],
            [
              -35.0212514,
              -8.2805454
            ],
            [
              -35.0210573,
              -8.2804364
            ],
            [
              -35.0200823,
              -8.279461
            ],
            [
              -35.0200716,
              -8.2793031
            ],
            [
              -35.020152,
              -8.2792234
            ],
            [
              -35.0204622,
              -8.2790977
            ],
            [
              -35.0203612,
              -8.2787735
            ],
            [
              -35.0203693,
              -8.2785161
            ],
            [
              -35.0204042,
              -8.2783568
            ],
            [
              -35.0204509,
              -8.2782058
            ],
            [
              -35.0207499,
              -8.2782989
            ],
            [
              -35.0215921,
              -8.2786513
            ],
            [
              -35.0223417,
              -8.2790356
            ],
            [
              -35.0228408,
              -8.279287
            ],
            [
              -35.0239224,
              -8.2798341
            ],
            [
              -35.0248921,
              -8.2804063
            ],
            [
              -35.0258776,
              -8.2809089
            ],
            [
              -35.0270475,
              -8.2815041
            ],
            [
              -35.028075,
              -8.2820559
            ],
            [
              -35.0292403,
              -8.2826876
            ],
            [
              -35.0254869,
              -8.2959582
            ],
            [
              -35.0205926,
              -8.2945939
            ],
            [
              -35.0205213,
              -8.294814
            ],
            [
              -35.0183781,
              -8.2941837
            ],
            [
              -35.0186528,
              -8.2935252
            ],
            [
              -35.0193873,
              -8.2930061
            ],
            [
              -35.0199749,
              -8.2930195
            ],
            [
              -35.0205195,
              -8.2923392
            ],
            [
              -35.0212035,
              -8.2923339
            ],
            [
              -35.0213054,
              -8.2923366
            ],
            [
              -35.0218016,
              -8.2906658
            ],
            [
              -35.0218029,
              -8.2905045
            ],
            [
              -35.0215615,
              -8.2894329
            ],
            [
              -35.0212135,
              -8.287928
            ],
            [
              -35.0213342,
              -8.2879061
            ],
            [
              -35.0225785,
              -8.2834877
            ],
            [
              -35.0221924,
              -8.2828589
            ]
          ]
        ]
      }
    },
    {
      "type": "Feature",
      "id": "relation/4142052",
      "properties": {
        "admin_level": "10",
        "boundary": "administrative",
        "name": "Novo Heliópolis",
        "place": "suburb",
        "type": "boundary",
        "id": "relation/4142052"
      },
      "geometry": {
        "type": "Polygon",
        "coordinates": [
          [
            [
              -36.4693086,
              -8.8777038
            ],
            [
              -36.4497919,
              -8.8777038
            ],
            [
              -36.4497919,
              -8.8486308
            ],
            [
              -36.4693086,
              -8.8486308
            ],
            [
              -36.4693086,
              -8.8777038
            ]
          ]
        ]
      }
    },
    {
      "type": "Feature",
      "id": "relation/4263967",
      "properties": {
        "admin_level": "10",
        "boundary": "administrative",
        "name": "Graças",
        "place": "suburb",
        "type": "boundary",
        "id": "relation/4263967"
      },
      "geometry": {
        "type": "Polygon",
        "coordinates": [
          [
            [
              -34.9052795,
              -8.0532899
            ],
            [
              -34.8939314,
              -8.0532899
            ],
            [
              -34.8939314,
              -8.0361415
            ],
            [
              -34.9052795,
              -8.0361415
            ],
            [
              -34.9052795,
              -8.0532899
            ]
          ]
        ]
      }
    },
    {
      "type": "Feature",
      "id": "relation/5470404",
      "properties": {
        "fixme": "Ajustar contorno à área onde predominam moradias vizinhas.",
        "name": "Coelhos",
        "place": "suburb",
        "type": "multipolygon",
        "id": "relation/5470404"
      },
      "geometry": {
        "type": "Polygon",
        "coordinates": [
          [
            [
              -34.891432,
              -8.0706732
            ],
            [
              -34.8850279,
              -8.0706732
            ],
            [
              -34.8850279,
              -8.064862
            ],
            [
              -34.891432,
              -8.064862
            ],
            [
              -34.891432,
              -8.0706732
            ]
          ]
        ]
      }
    },
    {
      "type": "Feature",
      "id": "relation/5519172",
      "properties": {
        "admin_level": "10",
        "boundary": "administrative",
        "fixme": "Border of viladge",
        "landuse": "residential",
        "name": "Vila Floresta Nova",
        "place": "suburb",
        "type": "boundary",
        "id": "relation/5519172"
      },
      "geometry": {
        "type": "Polygon",
        "coordinates": [
          [
            [
              -32.4150206,
              -3.8494836
            ],
            [
              -32.4092752,
              -3.8494836
            ],
            [
              -32.4092752,
              -3.8450401
            ],
            [
              -32.4150206,
              -3.8450401
            ],
            [
              -32.4150206,
              -3.8494836
            ]
          ]
        ]
      }
    },
    {
      "type": "Feature",
      "id": "relation/5519173",
      "properties": {
        "admin_level": "10",
        "boundary": "administrative",
        "fixme": "Border of viladge",
        "landuse": "residential",
        "name": "Vila Floresta Velha",
        "place": "suburb",
        "type": "boundary",
        "id": "relation/5519173"
      },
      "geometry": {
        "type": "Polygon",
        "coordinates": [
          [
            [
              -32.4181989,
              -3.8488576
            ],
            [
              -32.4118218,
              -3.8488576
            ],
            [
              -32.4118218,
              -3.8423072
            ],
            [
              -32.4181989,
              -3.8423072
            ],
            [
              -32.4181989,
              -3.8488576
            ]
          ]
        ]
      }
    },
    {
      "type": "Feature",
      "id": "relation/5519174",
      "properties": {
        "admin_level": "10",
        "boundary": "administrative",
        "fixme": "Border of viladge",
        "landuse": "residential",
        "name": "Vila da Trinta",
        "place": "suburb",
        "type": "boundary",
        "id": "relation/5519174"
      },
      "geometry": {
        "type": "Polygon",
        "coordinates": [
          [
            [
              -32.4098942,
              -3.8486655
            ],
            [
              -32.403335,
              -3.8486655
            ],
            [
              -32.403335,
              -3.8433417
            ],
            [
              -32.4098942,
              -3.8433417
            ],
            [
              -32.4098942,
              -3.8486655
            ]
          ]
        ]
      }
    },
    {
      "type": "Feature",
      "id": "relation/7918765",
      "properties": {
        "admin_level": "10",
        "boundary": "administrative",
        "name": "Acauã",
        "place": "suburb",
        "type": "boundary",
        "id": "relation/7918765"
      },
      "geometry": {
        "type": "Polygon",
        "coordinates": [
          [
            [
              -36.1967301,
              -7.9348682
            ],
            [
              -36.191597,
              -7.9348682
            ],
            [
              -36.191597,
              -7.9289431
            ],
            [
              -36.1967301,
              -7.9289431
            ],
            [
              -36.1967301,
              -7.9348682
            ]
          ]
        ]
      }
    },
    {
      "type": "Feature",
      "id": "relation/7918766",
      "properties": {
        "admin_level": "10",
        "boundary": "administrative",
        "name": "Santo Agostinho",
        "place": "suburb",
        "type": "boundary",
        "id": "relation/7918766"
      },
      "geometry": {
        "type": "Polygon",
        "coordinates": [
          [
            [
              -36.1988055,
              -7.9421924
            ],
            [
              -36.1915086,
              -7.9421924
            ],
            [
              -36.1915086,
              -7.930944
            ],
            [
              -36.1988055,
              -7.930944
            ],
            [
              -36.1988055,
              -7.9421924
            ]
          ]
        ]
      }
    },
    {
      "type": "Feature",
      "id": "relation/7918767",
      "properties": {
        "admin_level": "10",
        "boundary": "administrative",
        "name": "Bela Vista",
        "place": "suburb",
        "type": "boundary",
        "id": "relation/7918767"
      },
      "geometry": {
        "type": "Polygon",
        "coordinates": [
          [
            [
              -36.2287633,
              -7.950235
            ],
            [
              -36.2115755,
              -7.950235
            ],
            [
              -36.2115755,
              -7.9325659
            ],
            [
              -36.2287633,
              -7.9325659
            ],
            [
              -36.2287633,
              -7.950235
            ]
          ]
        ]
      }
    },
    {
      "type": "Feature",
      "id": "relation/7918768",
      "properties": {
        "admin_level": "10",
        "boundary": "administrative",
        "name": "Nova Cruz",
        "place": "suburb",
        "type": "boundary",
        "id": "relation/7918768"
      },
      "geometry": {
        "type": "Polygon",
        "coordinates": [
          [
            [
              -36.2219595,
              -7.9593805
            ],
            [
              -36.2110023,
              -7.9593805
            ],
            [
              -36.2110023,
              -7.9497124
            ],
            [
              -36.2219595,
              -7.9497124
            ],
            [
              -36.2219595,
              -7.9593805
            ]
          ]
        ]
      }
    },
    {
      "type": "Feature",
      "id": "relation/7918769",
      "properties": {
        "admin_level": "10",
        "boundary": "administrative",
        "name": "Nova Santa Cruz",
        "place": "suburb",
        "type": "boundary",
        "id": "relation/7918769"
      },
      "geometry": {
        "type": "Polygon",
        "coordinates": [
          [
            [
              -36.2127337,
              -7.9505392
            ],
            [
              -36.2056343,
              -7.9505392
            ],
            [
              -36.2056343,
              -7.9369286
            ],
            [
              -36.2127337,
              -7.9369286
            ],
            [
              -36.2127337,
              -7.9505392
            ]
          ]
        ]
      }
    },
    {
      "type": "Feature",
      "id": "relation/7918770",
      "properties": {
        "admin_level": "10",
        "boundary": "administrative",
        "name": "Dona Dom",
        "place": "suburb",
        "type": "boundary",
        "id": "relation/7918770"
      },
      "geometry": {
        "type": "Polygon",
        "coordinates": [
          [
            [
              -36.2074356,
              -7.9525672
            ],
            [
              -36.2004687,
              -7.9525672
            ],
            [
              -36.2004687,
              -7.9358103
            ],
            [
              -36.2074356,
              -7.9358103
            ],
            [
              -36.2074356,
              -7.9525672
            ]
          ]
        ]
      }
    },
    {
      "type": "Feature",
      "id": "relation/7918771",
      "properties": {
        "admin_level": "10",
        "boundary": "administrative",
        "name": "São Cristóvão",
        "place": "suburb",
        "type": "boundary",
        "id": "relation/7918771"
      },
      "geometry": {
        "type": "Polygon",
        "coordinates": [
          [
            [
              -36.2120027,
              -7.9634162
            ],
            [
              -36.1980767,
              -7.9634162
            ],
            [
              -36.1980767,
              -7.950235
            ],
            [
              -36.2120027,
              -7.950235
            ],
            [
              -36.2120027,
              -7.9634162
            ]
          ]
        ]
      }
    },
    {
      "type": "Feature",
      "id": "relation/7918772",
      "properties": {
        "admin_level": "10",
        "boundary": "administrative",
        "name": "Bairro Novo",
        "place": "suburb",
        "type": "boundary",
        "id": "relation/7918772"
      },
      "geometry": {
        "type": "Polygon",
        "coordinates": [
          [
            [
              -36.2076532,
              -7.9565373
            ],
            [
              -36.2004351,
              -7.9565373
            ],
            [
              -36.2004351,
              -7.9504369
            ],
            [
              -36.2076532,
              -7.9504369
            ],
            [
              -36.2076532,
              -7.9565373
            ]
          ]
        ]
      }
    },
    {
      "type": "Feature",
      "id": "relation/7918773",
      "properties": {
        "admin_level": "10",
        "boundary": "administrative",
        "name": "Malaquias Cardoso",
        "place": "suburb",
        "type": "boundary",
        "id": "relation/7918773"
      },
      "geometry": {
        "type": "Polygon",
        "coordinates": [
          [
            [
              -36.2010669,
              -7.958563
            ],
            [
              -36.1879362,
              -7.958563
            ],
            [
              -36.1879362,
              -7.930944
            ],
            [
              -36.2010669,
              -7.930944
            ],
            [
              -36.2010669,
              -7.958563
            ]
          ]
        ]
      }
    },
    {
      "type": "Feature",
      "id": "relation/7918774",
      "properties": {
        "admin_level": "10",
        "boundary": "administrative",
        "name": "Palestina",
        "place": "suburb",
        "type": "boundary",
        "id": "relation/7918774"
      },
      "geometry": {
        "type": "Polygon",
        "coordinates": [
          [
            [
              -36.1966339,
              -7.9563604
            ],
            [
              -36.1903768,
              -7.9563604
            ],
            [
              -36.1903768,
              -7.9490945
            ],
            [
              -36.1966339,
              -7.9490945
            ],
            [
              -36.1966339,
              -7.9563604
            ]
          ]
        ]
      }
    },
    {
      "type": "Feature",
      "id": "relation/10059221",
      "properties": {
        "admin_level": "10",
        "boundary": "administrative",
        "fixme": "Este limite está cadastrado como admin_level=10, mas me parece ser um loteamento, parte do bairro Floresta Velha?",
        "landuse": "residential",
        "name": "Vila do Rosário",
        "place": "suburb",
        "type": "boundary",
        "id": "relation/10059221"
      },
      "geometry": {
        "type": "Polygon",
        "coordinates": [
          [
            [
              -32.4123649,
              -3.8441354
            ],
            [
              -32.4114758,
              -3.8441354
            ],
            [
              -32.4114758,
              -3.8432656
            ],
            [
              -32.4123649,
              -3.8432656
            ],
            [
              -32.4123649,
              -3.8441354
            ]
          ]
        ]
      }
    },
    {
      "type": "Feature",
      "id": "relation/10218022",
      "properties": {
        "admin_level": "10",
        "boundary": "administrative",
        "name": "Fragoso",
        "place": "suburb",
        "population": "21615",
        "source": "Câmara Municipal de Olinda;IBGE",
        "source:law": "Lei 5.161/99",
        "type": "boundary",
        "id": "relation/10218022"
      },
      "geometry": {
        "type": "Polygon",
        "coordinates": [
          [
            [
              -34.8642478,
              -7.999197
            ],
            [
              -34.8425207,
              -7.999197
            ],
            [
              -34.8425207,
              -7.9717312
            ],
            [
              -34.8642478,
              -7.9717312
            ],
            [
              -34.8642478,
              -7.999197
            ]
          ]
        ]
      }
    },
    {
      "type": "Feature",
      "id": "relation/13149485",
      "properties": {
        "description": "Ajustar contorno à área onde predominam moradias vizinhas.",
        "name": "Tiúma",
        "place": "suburb",
        "type": "multipolygon",
        "id": "relation/13149485"
      },
      "geometry": {
        "type": "Polygon",
        "coordinates": [
          [
            [
              -35.07948,
              -7.9877978
            ],
            [
              -35.0594712,
              -7.9877978
            ],
            [
              -35.0594712,
              -7.9730447
            ],
            [
              -35.07948,
              -7.9730447
            ],
            [
              -35.07948,
              -7.9877978
            ]
          ]
        ]
      }
    },
    {
      "type": "Feature",
      "id": "relation/15847233",
      "properties": {
        "admin_level": "10",
        "boundary": "administrative",
        "name": "Aeroporto",
        "place": "suburb",
        "source": "Mapa Pref.",
        "type": "boundary",
        "id": "relation/15847233"
      },
      "geometry": {
        "type": "Polygon",
        "coordinates": [
          [
            [
              -40.5894682,
              -9.3704028
            ],
            [
              -40.5509558,
              -9.3704028
            ],
            [
              -40.5509558,
              -9.353542
            ],
            [
              -40.5894682,
              -9.353542
            ],
            [
              -40.5894682,
              -9.3704028
            ]
          ]
        ]
      }
    },
    {
      "type": "Feature",
      "id": "relation/15863972",
      "properties": {
        "admin_level": "10",
        "boundary": "administrative",
        "name": "Balneário das Pedrinhas",
        "place": "suburb",
        "source": "Mapa Pref.",
        "type": "boundary",
        "id": "relation/15863972"
      },
      "geometry": {
        "type": "Polygon",
        "coordinates": [
          [
            [
              -40.3359362,
              -9.2892336
            ],
            [
              -40.323176,
              -9.2892336
            ],
            [
              -40.323176,
              -9.2698638
            ],
            [
              -40.3359362,
              -9.2698638
            ],
            [
              -40.3359362,
              -9.2892336
            ]
          ]
        ]
      }
    },
    {
      "type": "Feature",
      "id": "relation/16327058",
      "properties": {
        "admin_level": "10",
        "boundary": "administrative",
        "name": "Centro",
        "place": "suburb",
        "source": "Mapa Licenciados",
        "type": "boundary",
        "id": "relation/16327058"
      },
      "geometry": {
        "type": "Polygon",
        "coordinates": [
          [
            [
              -36.6999415,
              -8.9843083
            ],
            [
              -36.6846068,
              -8.9843083
            ],
            [
              -36.6846068,
              -8.9666435
            ],
            [
              -36.6999415,
              -8.9666435
            ],
            [
              -36.6999415,
              -8.9843083
            ]
          ]
        ]
      }
    },
    {
      "type": "Feature",
      "id": "relation/16327108",
      "properties": {
        "admin_level": "10",
        "boundary": "administrative",
        "name": "São serafim",
        "place": "suburb",
        "source": "Mapa Licenciado",
        "type": "boundary",
        "id": "relation/16327108"
      },
      "geometry": {
        "type": "Polygon",
        "coordinates": [
          [
            [
              -36.7036855,
              -8.9690681
            ],
            [
              -36.6875742,
              -8.9690681
            ],
            [
              -36.6875742,
              -8.9532974
            ],
            [
              -36.7036855,
              -8.9532974
            ],
            [
              -36.7036855,
              -8.9690681
            ]
          ]
        ]
      }
    },
    {
      "type": "Feature",
      "id": "relation/16329059",
      "properties": {
        "admin_level": "10",
        "boundary": "administrative",
        "name": "Umbuzeiro",
        "place": "suburb",
        "source": "Mapa licenciado",
        "type": "boundary",
        "id": "relation/16329059"
      },
      "geometry": {
        "type": "Polygon",
        "coordinates": [
          [
            [
              -36.7043051,
              -9.0017331
            ],
            [
              -36.6811496,
              -9.0017331
            ],
            [
              -36.6811496,
              -8.9785685
            ],
            [
              -36.7043051,
              -8.9785685
            ],
            [
              -36.7043051,
              -9.0017331
            ]
          ]
        ]
      }
    },
    {
      "type": "Feature",
      "id": "relation/16329107",
      "properties": {
        "admin_level": "10",
        "boundary": "administrative",
        "name": "Laginha",
        "place": "suburb",
        "source": "Mapa Licenciado",
        "type": "boundary",
        "id": "relation/16329107"
      },
      "geometry": {
        "type": "Polygon",
        "coordinates": [
          [
            [
              -36.7155719,
              -8.9956872
            ],
            [
              -36.7032876,
              -8.9956872
            ],
            [
              -36.7032876,
              -8.9820958
            ],
            [
              -36.7155719,
              -8.9820958
            ],
            [
              -36.7155719,
              -8.9956872
            ]
          ]
        ]
      }
    },
    {
      "type": "Feature",
      "id": "relation/16329184",
      "properties": {
        "admin_level": "10",
        "boundary": "administrative",
        "name": "Roseira",
        "place": "suburb",
        "source": "Mapa licenciado",
        "type": "boundary",
        "id": "relation/16329184"
      },
      "geometry": {
        "type": "Polygon",
        "coordinates": [
          [
            [
              -36.7157826,
              -9.0022114
            ],
            [
              -36.7008616,
              -9.0022114
            ],
            [
              -36.7008616,
              -8.9900903
            ],
            [
              -36.7157826,
              -8.9900903
            ],
            [
              -36.7157826,
              -9.0022114
            ]
          ]
        ]
      }
    },
    {
      "type": "Feature",
      "id": "relation/16329483",
      "properties": {
        "admin_level": "10",
        "boundary": "administrative",
        "name": "Manoel Ferreira",
        "place": "suburb",
        "source": "Mapa Licenciado",
        "type": "boundary",
        "id": "relation/16329483"
      },
      "geometry": {
        "type": "Polygon",
        "coordinates": [
          [
            [
              -36.7021914,
              -9.008634
            ],
            [
              -36.6851386,
              -9.008634
            ],
            [
              -36.6851386,
              -8.9993405
            ],
            [
              -36.7021914,
              -8.9993405
            ],
            [
              -36.7021914,
              -9.008634
            ]
          ]
        ]
      }
    },
    {
      "type": "Feature",
      "id": "relation/16329510",
      "properties": {
        "admin_level": "10",
        "boundary": "administrative",
        "name": "Lagoa da Pedra",
        "place": "suburb",
        "source": "Mapa Licenciado",
        "type": "boundary",
        "id": "relation/16329510"
      },
      "geometry": {
        "type": "Polygon",
        "coordinates": [
          [
            [
              -36.7009831,
              -9.0164196
            ],
            [
              -36.6872816,
              -9.0164196
            ],
            [
              -36.6872816,
              -9.0077387
            ],
            [
              -36.7009831,
              -9.0077387
            ],
            [
              -36.7009831,
              -9.0164196
            ]
          ]
        ]
      }
    },
    {
      "type": "Feature",
      "id": "relation/16329632",
      "properties": {
        "admin_level": "10",
        "boundary": "administrative",
        "name": "Varzea da Serra",
        "place": "suburb",
        "source": "Mapa Licenciado",
        "type": "boundary",
        "id": "relation/16329632"
      },
      "geometry": {
        "type": "Polygon",
        "coordinates": [
          [
            [
              -36.7092073,
              -9.016427
            ],
            [
              -36.6930548,
              -9.016427
            ],
            [
              -36.6930548,
              -9.0045818
            ],
            [
              -36.7092073,
              -9.0045818
            ],
            [
              -36.7092073,
              -9.016427
            ]
          ]
        ]
      }
    },
    {
      "type": "Feature",
      "id": "relation/16330696",
      "properties": {
        "admin_level": "10",
        "boundary": "administrative",
        "name": "Barrocão",
        "place": "suburb",
        "source": "Mapa Licenciado",
        "type": "boundary",
        "id": "relation/16330696"
      },
      "geometry": {
        "type": "Polygon",
        "coordinates": [
          [
            [
              -36.707794,
              -9.0102314
            ],
            [
              -36.6950412,
              -9.0102314
            ],
            [
              -36.6950412,
              -9.001838
            ],
            [
              -36.707794,
              -9.001838
            ],
            [
              -36.707794,
              -9.0102314
            ]
          ]
        ]
      }
    },
    {
      "type": "Feature",
      "id": "relation/16333818",
      "properties": {
        "admin_level": "10",
        "boundary": "administrative",
        "name": "Pau Santo",
        "place": "suburb",
        "source": "Mapa Licenciado",
        "type": "boundary",
        "id": "relation/16333818"
      },
      "geometry": {
        "type": "Polygon",
        "coordinates": [
          [
            [
              -36.7084368,
              -9.0133933
            ],
            [
              -36.6994218,
              -9.0133933
            ],
            [
              -36.6994218,
              -9.0060149
            ],
            [
              -36.7084368,
              -9.0060149
            ],
            [
              -36.7084368,
              -9.0133933
            ]
          ]
        ]
      }
    },
    {
      "type": "Feature",
      "id": "relation/16333955",
      "properties": {
        "admin_level": "10",
        "boundary": "administrative",
        "name": "Paquevira",
        "place": "suburb",
        "source": "mamapa licenciado",
        "type": "boundary",
        "id": "relation/16333955"
      },
      "geometry": {
        "type": "Polygon",
        "coordinates": [
          [
            [
              -36.7186684,
              -9.0089659
            ],
            [
              -36.7069762,
              -9.0089659
            ],
            [
              -36.7069762,
              -8.9986313
            ],
            [
              -36.7186684,
              -8.9986313
            ],
            [
              -36.7186684,
              -9.0089659
            ]
          ]
        ]
      }
    },
    {
      "type": "Feature",
      "id": "relation/16333979",
      "properties": {
        "admin_level": "10",
        "boundary": "administrative",
        "name": "Iatecá",
        "place": "suburb",
        "source": "Mapa Licenciado",
        "type": "boundary",
        "id": "relation/16333979"
      },
      "geometry": {
        "type": "Polygon",
        "coordinates": [
          [
            [
              -36.7375093,
              -9.0031226
            ],
            [
              -36.7119871,
              -9.0031226
            ],
            [
              -36.7119871,
              -8.9847821
            ],
            [
              -36.7375093,
              -8.9847821
            ],
            [
              -36.7375093,
              -9.0031226
            ]
          ]
        ]
      }
    },
    {
      "type": "Feature",
      "id": "relation/16334065",
      "properties": {
        "admin_level": "10",
        "boundary": "administrative",
        "name": "Cuema",
        "place": "suburb",
        "source": "Mapa Licenciado",
        "type": "boundary",
        "id": "relation/16334065"
      },
      "geometry": {
        "type": "Polygon",
        "coordinates": [
          [
            [
              -36.7295182,
              -9.0065146
            ],
            [
              -36.7157867,
              -9.0065146
            ],
            [
              -36.7157867,
              -8.9951309
            ],
            [
              -36.7295182,
              -8.9951309
            ],
            [
              -36.7295182,
              -9.0065146
            ]
          ]
        ]
      }
    },
    {
      "type": "Feature",
      "id": "relation/16334884",
      "properties": {
        "admin_level": "10",
        "boundary": "administrative",
        "name": "Riacho dos Calados",
        "place": "suburb",
        "source": "Mapa Licenciado",
        "type": "boundary",
        "id": "relation/16334884"
      },
      "geometry": {
        "type": "Polygon",
        "coordinates": [
          [
            [
              -36.7387904,
              -9.016586
            ],
            [
              -36.7186756,
              -9.016586
            ],
            [
              -36.7186756,
              -8.9996016
            ],
            [
              -36.7387904,
              -8.9996016
            ],
            [
              -36.7387904,
              -9.016586
            ]
          ]
        ]
      }
    },
    {
      "type": "Feature",
      "id": "relation/16335063",
      "properties": {
        "admin_level": "10",
        "boundary": "administrative",
        "name": "Batinga",
        "place": "suburb",
        "source": "mapa licenciado",
        "type": "boundary",
        "id": "relation/16335063"
      },
      "geometry": {
        "type": "Polygon",
        "coordinates": [
          [
            [
              -36.763242,
              -9.0057356
            ],
            [
              -36.7358316,
              -9.0057356
            ],
            [
              -36.7358316,
              -8.9871211
            ],
            [
              -36.763242,
              -8.9871211
            ],
            [
              -36.763242,
              -9.0057356
            ]
          ]
        ]
      }
    },
    {
      "type": "Feature",
      "id": "relation/16335075",
      "properties": {
        "admin_level": "10",
        "boundary": "administrative",
        "name": "Gigante",
        "place": "suburb",
        "source": "Mapa Licenciado",
        "type": "boundary",
        "id": "relation/16335075"
      },
      "geometry": {
        "type": "Polygon",
        "coordinates": [
          [
            [
              -36.7625439,
              -8.9897692
            ],
            [
              -36.7489027,
              -8.9897692
            ],
            [
              -36.7489027,
              -8.9765259
            ],
            [
              -36.7625439,
              -8.9765259
            ],
            [
              -36.7625439,
              -8.9897692
            ]
          ]
        ]
      }
    },
    {
      "type": "Feature",
      "id": "relation/16335085",
      "properties": {
        "admin_level": "10",
        "boundary": "administrative",
        "name": "Barbosa",
        "place": "suburb",
        "source": "Mapa Licenciado",
        "type": "boundary",
        "id": "relation/16335085"
      },
      "geometry": {
        "type": "Polygon",
        "coordinates": [
          [
            [
              -36.757236,
              -9.0481321
            ],
            [
              -36.7050928,
              -9.0481321
            ],
            [
              -36.7050928,
              -9.0039964
            ],
            [
              -36.757236,
              -9.0039964
            ],
            [
              -36.757236,
              -9.0481321
            ]
          ]
        ]
      }
    },
    {
      "type": "Feature",
      "id": "relation/16335126",
      "properties": {
        "admin_level": "10",
        "boundary": "administrative",
        "name": "Prata 3",
        "place": "suburb",
        "source": "Mapa Licenciado",
        "type": "boundary",
        "id": "relation/16335126"
      },
      "geometry": {
        "type": "Polygon",
        "coordinates": [
          [
            [
              -36.7974527,
              -9.0947318
            ],
            [
              -36.7462681,
              -9.0947318
            ],
            [
              -36.7462681,
              -9.0018532
            ],
            [
              -36.7974527,
              -9.0018532
            ],
            [
              -36.7974527,
              -9.0947318
            ]
          ]
        ]
      }
    },
    {
      "type": "Feature",
      "id": "relation/16335156",
      "properties": {
        "admin_level": "10",
        "boundary": "administrative",
        "name": "Contenda",
        "place": "suburb",
        "source": "Mapa Licenciado",
        "type": "boundary",
        "id": "relation/16335156"
      },
      "geometry": {
        "type": "Polygon",
        "coordinates": [
          [
            [
              -36.684927,
              -8.9771177
            ],
            [
              -36.6727418,
              -8.9771177
            ],
            [
              -36.6727418,
              -8.9680462
            ],
            [
              -36.684927,
              -8.9680462
            ],
            [
              -36.684927,
              -8.9771177
            ]
          ]
        ]
      }
    },
    {
      "type": "Feature",
      "id": "relation/16335266",
      "properties": {
        "admin_level": "10",
        "boundary": "administrative",
        "name": "Barro de Souza",
        "place": "suburb",
        "source": "Mapa Licenciado",
        "type": "boundary",
        "id": "relation/16335266"
      },
      "geometry": {
        "type": "Polygon",
        "coordinates": [
          [
            [
              -36.694605,
              -8.9697202
            ],
            [
              -36.6708403,
              -8.9697202
            ],
            [
              -36.6708403,
              -8.9568577
            ],
            [
              -36.694605,
              -8.9568577
            ],
            [
              -36.694605,
              -8.9697202
            ]
          ]
        ]
      }
    },
    {
      "type": "Feature",
      "id": "relation/16335302",
      "properties": {
        "admin_level": "10",
        "boundary": "administrative",
        "name": "Baixa do Pó 2",
        "place": "suburb",
        "source": "Mapa Licenciado",
        "type": "boundary",
        "id": "relation/16335302"
      },
      "geometry": {
        "type": "Polygon",
        "coordinates": [
          [
            [
              -36.6749884,
              -8.9781111
            ],
            [
              -36.6458015,
              -8.9781111
            ],
            [
              -36.6458015,
              -8.9549766
            ],
            [
              -36.6749884,
              -8.9549766
            ],
            [
              -36.6749884,
              -8.9781111
            ]
          ]
        ]
      }
    },
    {
      "type": "Feature",
      "id": "relation/16335317",
      "properties": {
        "admin_level": "10",
        "boundary": "administrative",
        "name": "Santa Tereza",
        "place": "suburb",
        "source": "Mapa Licenciado",
        "type": "boundary",
        "id": "relation/16335317"
      },
      "geometry": {
        "type": "Polygon",
        "coordinates": [
          [
            [
              -36.671602,
              -8.9927247
            ],
            [
              -36.6497999,
              -8.9927247
            ],
            [
              -36.6497999,
              -8.9727937
            ],
            [
              -36.671602,
              -8.9727937
            ],
            [
              -36.671602,
              -8.9927247
            ]
          ]
        ]
      }
    },
    {
      "type": "Feature",
      "id": "relation/16335609",
      "properties": {
        "admin_level": "10",
        "boundary": "administrative",
        "name": "Maciel",
        "place": "suburb",
        "source": "Mapa licenciado",
        "type": "boundary",
        "id": "relation/16335609"
      },
      "geometry": {
        "type": "Polygon",
        "coordinates": [
          [
            [
              -36.6525268,
              -9.0067386
            ],
            [
              -36.6363923,
              -9.0067386
            ],
            [
              -36.6363923,
              -8.9858549
            ],
            [
              -36.6525268,
              -8.9858549
            ],
            [
              -36.6525268,
              -9.0067386
            ]
          ]
        ]
      }
    },
    {
      "type": "Feature",
      "id": "relation/16335683",
      "properties": {
        "admin_level": "10",
        "boundary": "administrative",
        "name": "Pau Ferro",
        "place": "suburb",
        "source": "Mapa Licenciado",
        "type": "boundary",
        "id": "relation/16335683"
      },
      "geometry": {
        "type": "Polygon",
        "coordinates": [
          [
            [
              -36.6549734,
              -8.987949
            ],
            [
              -36.6360757,
              -8.987949
            ],
            [
              -36.6360757,
              -8.974637
            ],
            [
              -36.6549734,
              -8.974637
            ],
            [
              -36.6549734,
              -8.987949
            ]
          ]
        ]
      }
    },
    {
      "type": "Feature",
      "id": "relation/16335708",
      "properties": {
        "admin_level": "10",
        "boundary": "administrative",
        "name": "Jussara",
        "place": "suburb",
        "source": "Mapa Licenciado",
        "type": "boundary",
        "id": "relation/16335708"
      },
      "geometry": {
        "type": "Polygon",
        "coordinates": [
          [
            [
              -36.6584677,
              -8.9830457
            ],
            [
              -36.6222534,
              -8.9830457
            ],
            [
              -36.6222534,
              -8.9564467
            ],
            [
              -36.6584677,
              -8.9564467
            ],
            [
              -36.6584677,
              -8.9830457
            ]
          ]
        ]
      }
    },
    {
      "type": "Feature",
      "id": "relation/16335726",
      "properties": {
        "admin_level": "10",
        "boundary": "administrative",
        "name": "Camaratuba",
        "place": "suburb",
        "source": "Mapa Licenciado",
        "type": "boundary",
        "id": "relation/16335726"
      },
      "geometry": {
        "type": "Polygon",
        "coordinates": [
          [
            [
              -36.6654098,
              -8.9666504
            ],
            [
              -36.6282599,
              -8.9666504
            ],
            [
              -36.6282599,
              -8.9402308
            ],
            [
              -36.6654098,
              -8.9402308
            ],
            [
              -36.6654098,
              -8.9666504
            ]
          ]
        ]
      }
    },
    {
      "type": "Feature",
      "id": "relation/16335785",
      "properties": {
        "admin_level": "10",
        "boundary": "administrative",
        "name": "Chã",
        "place": "suburb",
        "source": "Mapa Licenciado",
        "type": "boundary",
        "id": "relation/16335785"
      },
      "geometry": {
        "type": "Polygon",
        "coordinates": [
          [
            [
              -36.6735573,
              -8.9549435
            ],
            [
              -36.6614911,
              -8.9549435
            ],
            [
              -36.6614911,
              -8.939261
            ],
            [
              -36.6735573,
              -8.939261
            ],
            [
              -36.6735573,
              -8.9549435
            ]
          ]
        ]
      }
    },
    {
      "type": "Feature",
      "id": "relation/16335817",
      "properties": {
        "admin_level": "10",
        "boundary": "administrative",
        "name": "Cavaco",
        "place": "suburb",
        "source": "Mapa Licenciado",
        "type": "boundary",
        "id": "relation/16335817"
      },
      "geometry": {
        "type": "Polygon",
        "coordinates": [
          [
            [
              -36.667779,
              -8.9592939
            ],
            [
              -36.6541693,
              -8.9592939
            ],
            [
              -36.6541693,
              -8.9497315
            ],
            [
              -36.667779,
              -8.9497315
            ],
            [
              -36.667779,
              -8.9592939
            ]
          ]
        ]
      }
    },
    {
      "type": "Feature",
      "id": "relation/16335834",
      "properties": {
        "admin_level": "10",
        "boundary": "administrative",
        "name": "Catimbal de Baixo",
        "place": "suburb",
        "source": "Mapa licenciado",
        "type": "boundary",
        "id": "relation/16335834"
      },
      "geometry": {
        "type": "Polygon",
        "coordinates": [
          [
            [
              -36.6939748,
              -8.9574362
            ],
            [
              -36.6677822,
              -8.9574362
            ],
            [
              -36.6677822,
              -8.9497008
            ],
            [
              -36.6939748,
              -8.9497008
            ],
            [
              -36.6939748,
              -8.9574362
            ]
          ]
        ]
      }
    },
    {
      "type": "Feature",
      "id": "relation/16335843",
      "properties": {
        "admin_level": "10",
        "boundary": "administrative",
        "name": "Catimbal do Meio",
        "place": "suburb",
        "source": "Mapa Licenciado",
        "type": "boundary",
        "id": "relation/16335843"
      },
      "geometry": {
        "type": "Polygon",
        "coordinates": [
          [
            [
              -36.6959352,
              -8.9504155
            ],
            [
              -36.6711754,
              -8.9504155
            ],
            [
              -36.6711754,
              -8.9459277
            ],
            [
              -36.6959352,
              -8.9459277
            ],
            [
              -36.6959352,
              -8.9504155
            ]
          ]
        ]
      }
    },
    {
      "type": "Feature",
      "id": "relation/16344897",
      "properties": {
        "admin_level": "10",
        "boundary": "administrative",
        "name": "Catimbal de Cima",
        "place": "suburb",
        "source": "Mapa Licenciado",
        "type": "boundary",
        "id": "relation/16344897"
      },
      "geometry": {
        "type": "Polygon",
        "coordinates": [
          [
            [
              -36.6976085,
              -8.9463706
            ],
            [
              -36.6668332,
              -8.9463706
            ],
            [
              -36.6668332,
              -8.9386107
            ],
            [
              -36.6976085,
              -8.9386107
            ],
            [
              -36.6976085,
              -8.9463706
            ]
          ]
        ]
      }
    },
    {
      "type": "Feature",
      "id": "relation/16344905",
      "properties": {
        "admin_level": "10",
        "boundary": "administrative",
        "name": "Campo Sujo",
        "place": "suburb",
        "source": "Mapa Licenciado",
        "type": "boundary",
        "id": "relation/16344905"
      },
      "geometry": {
        "type": "Polygon",
        "coordinates": [
          [
            [
              -36.7094866,
              -8.9473927
            ],
            [
              -36.6959642,
              -8.9473927
            ],
            [
              -36.6959642,
              -8.9417755
            ],
            [
              -36.7094866,
              -8.9417755
            ],
            [
              -36.7094866,
              -8.9473927
            ]
          ]
        ]
      }
    },
    {
      "type": "Feature",
      "id": "relation/16344911",
      "properties": {
        "admin_level": "10",
        "boundary": "administrative",
        "name": "Taboleiro",
        "place": "suburb",
        "source": "Mapa Licenciado",
        "type": "boundary",
        "id": "relation/16344911"
      },
      "geometry": {
        "type": "Polygon",
        "coordinates": [
          [
            [
              -36.7094853,
              -8.9487159
            ],
            [
              -36.6957581,
              -8.9487159
            ],
            [
              -36.6957581,
              -8.9463928
            ],
            [
              -36.7094853,
              -8.9463928
            ],
            [
              -36.7094853,
              -8.9487159
            ]
          ]
        ]
      }
    },
    {
      "type": "Feature",
      "id": "relation/16344938",
      "properties": {
        "admin_level": "10",
        "boundary": "administrative",
        "name": "Tamborim",
        "place": "suburb",
        "source": "Mapa Licenciado",
        "type": "boundary",
        "id": "relation/16344938"
      },
      "geometry": {
        "type": "Polygon",
        "coordinates": [
          [
            [
              -36.7071359,
              -8.951023
            ],
            [
              -36.695297,
              -8.951023
            ],
            [
              -36.695297,
              -8.9476751
            ],
            [
              -36.7071359,
              -8.9476751
            ],
            [
              -36.7071359,
              -8.951023
            ]
          ]
        ]
      }
    },
    {
      "type": "Feature",
      "id": "relation/16344940",
      "properties": {
        "admin_level": "10",
        "boundary": "administrative",
        "name": "Olho D'água do Cachorro",
        "place": "suburb",
        "source": "Mapa Licenciado",
        "type": "boundary",
        "id": "relation/16344940"
      },
      "geometry": {
        "type": "Polygon",
        "coordinates": [
          [
            [
              -36.7047363,
              -8.9549033
            ],
            [
              -36.6934993,
              -8.9549033
            ],
            [
              -36.6934993,
              -8.949788
            ],
            [
              -36.7047363,
              -8.949788
            ],
            [
              -36.7047363,
              -8.9549033
            ]
          ]
        ]
      }
    },
    {
      "type": "Feature",
      "id": "relation/16927170",
      "properties": {
        "admin_level": "10",
        "boundary": "administrative",
        "name": "Loteamento Nova Petrolina",
        "place": "suburb",
        "source": "mapa do licenciado",
        "type": "boundary",
        "id": "relation/16927170"
      },
      "geometry": {
        "type": "Polygon",
        "coordinates": [
          [
            [
              -40.5729305,
              -9.4161187
            ],
            [
              -40.5531536,
              -9.4161187
            ],
            [
              -40.5531536,
              -9.3924669
            ],
            [
              -40.5729305,
              -9.3924669
            ],
            [
              -40.5729305,
              -9.4161187
            ]
          ]
        ]
      }
    },
    {
      "type": "Feature",
      "id": "relation/16927179",
      "properties": {
        "admin_level": "10",
        "boundary": "administrative",
        "name": "Residencial Palmares",
        "place": "suburb",
        "source": "mapa do licenciado",
        "type": "boundary",
        "id": "relation/16927179"
      },
      "geometry": {
        "type": "Polygon",
        "coordinates": [
          [
            [
              -40.5618234,
              -9.417939
            ],
            [
              -40.559676,
              -9.417939
            ],
            [
              -40.559676,
              -9.4145322
            ],
            [
              -40.5618234,
              -9.4145322
            ],
            [
              -40.5618234,
              -9.417939
            ]
          ]
        ]
      }
    },
    {
      "type": "Feature",
      "id": "relation/16927563",
      "properties": {
        "admin_level": "10",
        "boundary": "administrative",
        "name": "Condomínio Parque das Emas",
        "place": "suburb",
        "source": "mAPA pREF.",
        "type": "boundary",
        "id": "relation/16927563"
      },
      "geometry": {
        "type": "Polygon",
        "coordinates": [
          [
            [
              -40.5573007,
              -9.4280848
            ],
            [
              -40.54927,
              -9.4280848
            ],
            [
              -40.54927,
              -9.4223539
            ],
            [
              -40.5573007,
              -9.4223539
            ],
            [
              -40.5573007,
              -9.4280848
            ]
          ]
        ]
      }
    },
    {
      "type": "Feature",
      "id": "relation/16928274",
      "properties": {
        "admin_level": "10",
        "boundary": "administrative",
        "name": "Condomínio Valle Flor de Algodão",
        "place": "suburb",
        "source": "mapa pref.",
        "type": "boundary",
        "id": "relation/16928274"
      },
      "geometry": {
        "type": "Polygon",
        "coordinates": [
          [
            [
              -40.5562132,
              -9.4103887
            ],
            [
              -40.5520709,
              -9.4103887
            ],
            [
              -40.5520709,
              -9.4072344
            ],
            [
              -40.5562132,
              -9.4072344
            ],
            [
              -40.5562132,
              -9.4103887
            ]
          ]
        ]
      }
    },
    {
      "type": "Feature",
      "id": "relation/16928275",
      "properties": {
        "admin_level": "10",
        "boundary": "administrative",
        "name": "Condomínio Valle dos Coqueiros",
        "place": "suburb",
        "source": "mapa pref.",
        "type": "boundary",
        "id": "relation/16928275"
      },
      "geometry": {
        "type": "Polygon",
        "coordinates": [
          [
            [
              -40.5531838,
              -9.4062361
            ],
            [
              -40.5510566,
              -9.4062361
            ],
            [
              -40.5510566,
              -9.4042932
            ],
            [
              -40.5531838,
              -9.4042932
            ],
            [
              -40.5531838,
              -9.4062361
            ]
          ]
        ]
      }
    },
    {
      "type": "Feature",
      "id": "relation/16928292",
      "properties": {
        "admin_level": "10",
        "boundary": "administrative",
        "name": "Condomínio Valle Petrolina",
        "place": "suburb",
        "source": "mapa pref.",
        "type": "boundary",
        "id": "relation/16928292"
      },
      "geometry": {
        "type": "Polygon",
        "coordinates": [
          [
            [
              -40.5580014,
              -9.4076418
            ],
            [
              -40.5528531,
              -9.4076418
            ],
            [
              -40.5528531,
              -9.4047403
            ],
            [
              -40.5580014,
              -9.4047403
            ],
            [
              -40.5580014,
              -9.4076418
            ]
          ]
        ]
      }
    },
    {
      "type": "Feature",
      "id": "relation/16928319",
      "properties": {
        "admin_level": "10",
        "boundary": "administrative",
        "name": "Residencial Nova Petrolina",
        "place": "suburb",
        "source": "mapa pref.",
        "type": "boundary",
        "id": "relation/16928319"
      },
      "geometry": {
        "type": "Polygon",
        "coordinates": [
          [
            [
              -40.561679,
              -9.4061435
            ],
            [
              -40.5577643,
              -9.4061435
            ],
            [
              -40.5577643,
              -9.3992397
            ],
            [
              -40.561679,
              -9.3992397
            ],
            [
              -40.561679,
              -9.4061435
            ]
          ]
        ]
      }
    },
    {
      "type": "Feature",
      "id": "relation/16928340",
      "properties": {
        "admin_level": "10",
        "boundary": "administrative",
        "name": "Encontro das Águas Residence",
        "place": "suburb",
        "source": "mapa pref.",
        "type": "boundary",
        "id": "relation/16928340"
      },
      "geometry": {
        "type": "Polygon",
        "coordinates": [
          [
            [
              -40.5638347,
              -9.4059377
            ],
            [
              -40.5599677,
              -9.4059377
            ],
            [
              -40.5599677,
              -9.4005403
            ],
            [
              -40.5638347,
              -9.4005403
            ],
            [
              -40.5638347,
              -9.4059377
            ]
          ]
        ]
      }
    },
    {
      "type": "Feature",
      "id": "relation/16928347",
      "properties": {
        "admin_level": "10",
        "boundary": "administrative",
        "name": "Residencial Brasil",
        "place": "suburb",
        "source": "mapa pref.",
        "type": "boundary",
        "id": "relation/16928347"
      },
      "geometry": {
        "type": "Polygon",
        "coordinates": [
          [
            [
              -40.5564595,
              -9.4048755
            ],
            [
              -40.5531768,
              -9.4048755
            ],
            [
              -40.5531768,
              -9.4002687
            ],
            [
              -40.5564595,
              -9.4002687
            ],
            [
              -40.5564595,
              -9.4048755
            ]
          ]
        ]
      }
    },
    {
      "type": "Feature",
      "id": "relation/16928354",
      "properties": {
        "admin_level": "10",
        "boundary": "administrative",
        "name": "Condomínio Valle das Mangueiras",
        "place": "suburb",
        "source": "mapa do licenciado",
        "type": "boundary",
        "id": "relation/16928354"
      },
      "geometry": {
        "type": "Polygon",
        "coordinates": [
          [
            [
              -40.5576919,
              -9.4008917
            ],
            [
              -40.5544955,
              -9.4008917
            ],
            [
              -40.5544955,
              -9.3971022
            ],
            [
              -40.5576919,
              -9.3971022
            ],
            [
              -40.5576919,
              -9.4008917
            ]
          ]
        ]
      }
    },
    {
      "type": "Feature",
      "id": "relation/16928365",
      "properties": {
        "admin_level": "10",
        "boundary": "administrative",
        "name": "Loteamento São Rafael",
        "place": "suburb",
        "source": "mapa pref.",
        "type": "boundary",
        "id": "relation/16928365"
      },
      "geometry": {
        "type": "Polygon",
        "coordinates": [
          [
            [
              -40.5564725,
              -9.4043587
            ],
            [
              -40.5501184,
              -9.4043587
            ],
            [
              -40.5501184,
              -9.3935426
            ],
            [
              -40.5564725,
              -9.3935426
            ],
            [
              -40.5564725,
              -9.4043587
            ]
          ]
        ]
      }
    },
    {
      "type": "Feature",
      "id": "relation/16928730",
      "properties": {
        "admin_level": "10",
        "boundary": "administrative",
        "name": "Park São Gonçalo",
        "place": "suburb",
        "source": "mapa pref.",
        "type": "boundary",
        "id": "relation/16928730"
      },
      "geometry": {
        "type": "Polygon",
        "coordinates": [
          [
            [
              -40.5649616,
              -9.3925082
            ],
            [
              -40.5585241,
              -9.3925082
            ],
            [
              -40.5585241,
              -9.3873501
            ],
            [
              -40.5649616,
              -9.3873501
            ],
            [
              -40.5649616,
              -9.3925082
            ]
          ]
        ]
      }
    },
    {
      "type": "Feature",
      "id": "relation/16935049",
      "properties": {
        "admin_level": "10",
        "boundary": "administrative",
        "name": "Jardim Petrópolis 2",
        "place": "suburb",
        "source": "mapa pref.",
        "type": "boundary",
        "id": "relation/16935049"
      },
      "geometry": {
        "type": "Polygon",
        "coordinates": [
          [
            [
              -40.5607037,
              -9.3924931
            ],
            [
              -40.5581594,
              -9.3924931
            ],
            [
              -40.5581594,
              -9.390989
            ],
            [
              -40.5607037,
              -9.390989
            ],
            [
              -40.5607037,
              -9.3924931
            ]
          ]
        ]
      }
    },
    {
      "type": "Feature",
      "id": "relation/16935055",
      "properties": {
        "admin_level": "10",
        "boundary": "administrative",
        "name": "Jardim Petrópolis",
        "place": "suburb",
        "source": "mapa pref.",
        "type": "boundary",
        "id": "relation/16935055"
      },
      "geometry": {
        "type": "Polygon",
        "coordinates": [
          [
            [
              -40.5599723,
              -9.3924841
            ],
            [
              -40.5522752,
              -9.3924841
            ],
            [
              -40.5522752,
              -9.3783169
            ],
            [
              -40.5599723,
              -9.3783169
            ],
            [
              -40.5599723,
              -9.3924841
            ]
          ]
        ]
      }
    },
    {
      "type": "Feature",
      "id": "relation/16935096",
      "properties": {
        "admin_level": "10",
        "boundary": "administrative",
        "name": "São Gonçalo",
        "place": "suburb",
        "source": "mapa pref.",
        "type": "boundary",
        "id": "relation/16935096"
      },
      "geometry": {
        "type": "Polygon",
        "coordinates": [
          [
            [
              -40.5532735,
              -9.3933248
            ],
            [
              -40.5427333,
              -9.3933248
            ],
            [
              -40.5427333,
              -9.377744
            ],
            [
              -40.5532735,
              -9.377744
            ],
            [
              -40.5532735,
              -9.3933248
            ]
          ]
        ]
      }
    },
    {
      "type": "Feature",
      "id": "relation/16935214",
      "properties": {
        "admin_level": "10",
        "boundary": "administrative",
        "name": "Rio Corrente",
        "place": "suburb",
        "source": "mapa pref.",
        "type": "boundary",
        "id": "relation/16935214"
      },
      "geometry": {
        "type": "Polygon",
        "coordinates": [
          [
            [
              -40.553271,
              -9.3979961
            ],
            [
              -40.5435132,
              -9.3979961
            ],
            [
              -40.5435132,
              -9.3899864
            ],
            [
              -40.553271,
              -9.3899864
            ],
            [
              -40.553271,
              -9.3979961
            ]
          ]
        ]
      }
    },
    {
      "type": "Feature",
      "id": "relation/16935217",
      "properties": {
        "admin_level": "10",
        "boundary": "administrative",
        "name": "Rio Claro",
        "place": "suburb",
        "source": "mapa pref.",
        "type": "boundary",
        "id": "relation/16935217"
      },
      "geometry": {
        "type": "Polygon",
        "coordinates": [
          [
            [
              -40.5518696,
              -9.3997179
            ],
            [
              -40.5427515,
              -9.3997179
            ],
            [
              -40.5427515,
              -9.3936997
            ],
            [
              -40.5518696,
              -9.3936997
            ],
            [
              -40.5518696,
              -9.3997179
            ]
          ]
        ]
      }
    },
    {
      "type": "Feature",
      "id": "relation/16935412",
      "properties": {
        "admin_level": "10",
        "boundary": "administrative",
        "name": "Jardim Guanabara",
        "place": "suburb",
        "source": "mapa do pref.",
        "type": "boundary",
        "id": "relation/16935412"
      },
      "geometry": {
        "type": "Polygon",
        "coordinates": [
          [
            [
              -40.5500164,
              -9.4095707
            ],
            [
              -40.5422378,
              -9.4095707
            ],
            [
              -40.5422378,
              -9.4014142
            ],
            [
              -40.5500164,
              -9.4014142
            ],
            [
              -40.5500164,
              -9.4095707
            ]
          ]
        ]
      }
    },
    {
      "type": "Feature",
      "id": "relation/16935419",
      "properties": {
        "admin_level": "10",
        "boundary": "administrative",
        "name": "Loteamento Colina do Rio",
        "place": "suburb",
        "source": "mapa pref.",
        "type": "boundary",
        "id": "relation/16935419"
      },
      "geometry": {
        "type": "Polygon",
        "coordinates": [
          [
            [
              -40.5468775,
              -9.4124055
            ],
            [
              -40.5388378,
              -9.4124055
            ],
            [
              -40.5388378,
              -9.4012919
            ],
            [
              -40.5468775,
              -9.4012919
            ],
            [
              -40.5468775,
              -9.4124055
            ]
          ]
        ]
      }
    },
    {
      "type": "Feature",
      "id": "relation/16935514",
      "properties": {
        "admin_level": "10",
        "boundary": "administrative",
        "name": "Distrito Industrial",
        "place": "suburb",
        "source": "mapa pref.",
        "type": "boundary",
        "id": "relation/16935514"
      },
      "geometry": {
        "type": "Polygon",
        "coordinates": [
          [
            [
              -40.5435311,
              -9.4115409
            ],
            [
              -40.5116949,
              -9.4115409
            ],
            [
              -40.5116949,
              -9.3857767
            ],
            [
              -40.5435311,
              -9.3857767
            ],
            [
              -40.5435311,
              -9.4115409
            ]
          ]
        ]
      }
    },
    {
      "type": "Feature",
      "id": "relation/16935541",
      "properties": {
        "admin_level": "10",
        "boundary": "administrative",
        "name": "Alto da Boa Vista",
        "place": "suburb",
        "source": "mapa pref.",
        "type": "boundary",
        "id": "relation/16935541"
      },
      "geometry": {
        "type": "Polygon",
        "coordinates": [
          [
            [
              -40.5479392,
              -9.3854406
            ],
            [
              -40.5418764,
              -9.3854406
            ],
            [
              -40.5418764,
              -9.3805781
            ],
            [
              -40.5479392,
              -9.3805781
            ],
            [
              -40.5479392,
              -9.3854406
            ]
          ]
        ]
      }
    },
    {
      "type": "Feature",
      "id": "relation/16935553",
      "properties": {
        "admin_level": "10",
        "boundary": "administrative",
        "name": "Cohab Massangano",
        "place": "suburb",
        "source": "mapa pref.",
        "type": "boundary",
        "id": "relation/16935553"
      },
      "geometry": {
        "type": "Polygon",
        "coordinates": [
          [
            [
              -40.5429444,
              -9.3928061
            ],
            [
              -40.5244934,
              -9.3928061
            ],
            [
              -40.5244934,
              -9.3755526
            ],
            [
              -40.5429444,
              -9.3755526
            ],
            [
              -40.5429444,
              -9.3928061
            ]
          ]
        ]
      }
    },
    {
      "type": "Feature",
      "id": "relation/16935588",
      "properties": {
        "admin_level": "10",
        "boundary": "administrative",
        "name": "Cohab 4",
        "place": "suburb",
        "source": "mapa pref.",
        "type": "boundary",
        "id": "relation/16935588"
      },
      "geometry": {
        "type": "Polygon",
        "coordinates": [
          [
            [
              -40.5355721,
              -9.3858698
            ],
            [
              -40.5305898,
              -9.3858698
            ],
            [
              -40.5305898,
              -9.3809703
            ],
            [
              -40.5355721,
              -9.3809703
            ],
            [
              -40.5355721,
              -9.3858698
            ]
          ]
        ]
      }
    },
    {
      "type": "Feature",
      "id": "relation/16935604",
      "properties": {
        "admin_level": "10",
        "boundary": "administrative",
        "name": "Cohab 5",
        "place": "suburb",
        "source": "mapa pref",
        "type": "boundary",
        "id": "relation/16935604"
      },
      "geometry": {
        "type": "Polygon",
        "coordinates": [
          [
            [
              -40.5362661,
              -9.3875546
            ],
            [
              -40.5313852,
              -9.3875546
            ],
            [
              -40.5313852,
              -9.3841452
            ],
            [
              -40.5362661,
              -9.3841452
            ],
            [
              -40.5362661,
              -9.3875546
            ]
          ]
        ]
      }
    },
    {
      "type": "Feature",
      "id": "relation/16939975",
      "properties": {
        "admin_level": "10",
        "boundary": "administrative",
        "name": "Vila Chocolate",
        "place": "suburb",
        "source": "mapa pref",
        "type": "boundary",
        "id": "relation/16939975"
      },
      "geometry": {
        "type": "Polygon",
        "coordinates": [
          [
            [
              -40.5531494,
              -9.3779394
            ],
            [
              -40.5493302,
              -9.3779394
            ],
            [
              -40.5493302,
              -9.3704036
            ],
            [
              -40.5531494,
              -9.3704036
            ],
            [
              -40.5531494,
              -9.3779394
            ]
          ]
        ]
      }
    },
    {
      "type": "Feature",
      "id": "relation/16940048",
      "properties": {
        "admin_level": "10",
        "boundary": "administrative",
        "name": "Portal da Cidade",
        "place": "suburb",
        "source": "mapa pref.",
        "type": "boundary",
        "id": "relation/16940048"
      },
      "geometry": {
        "type": "Polygon",
        "coordinates": [
          [
            [
              -40.5499037,
              -9.3805774
            ],
            [
              -40.5378429,
              -9.3805774
            ],
            [
              -40.5378429,
              -9.3705905
            ],
            [
              -40.5499037,
              -9.3705905
            ],
            [
              -40.5499037,
              -9.3805774
            ]
          ]
        ]
      }
    },
    {
      "type": "Feature",
      "id": "relation/16940103",
      "properties": {
        "admin_level": "10",
        "boundary": "administrative",
        "name": "Jardim Imperial",
        "place": "suburb",
        "source": "mapa pref.",
        "type": "boundary",
        "id": "relation/16940103"
      },
      "geometry": {
        "type": "Polygon",
        "coordinates": [
          [
            [
              -40.5468122,
              -9.3832381
            ],
            [
              -40.5387193,
              -9.3832381
            ],
            [
              -40.5387193,
              -9.3762361
            ],
            [
              -40.5468122,
              -9.3762361
            ],
            [
              -40.5468122,
              -9.3832381
            ]
          ]
        ]
      }
    },
    {
      "type": "Feature",
      "id": "relation/16941204",
      "properties": {
        "admin_level": "10",
        "boundary": "administrative",
        "name": "Cosme e Damião",
        "place": "suburb",
        "source": "mapa pref",
        "type": "boundary",
        "id": "relation/16941204"
      },
      "geometry": {
        "type": "Polygon",
        "coordinates": [
          [
            [
              -40.5527668,
              -9.3707993
            ],
            [
              -40.5433715,
              -9.3707993
            ],
            [
              -40.5433715,
              -9.3584608
            ],
            [
              -40.5527668,
              -9.3584608
            ],
            [
              -40.5527668,
              -9.3707993
            ]
          ]
        ]
      }
    },
    {
      "type": "Feature",
      "id": "relation/16941209",
      "properties": {
        "admin_level": "10",
        "boundary": "administrative",
        "name": "Ipsep II",
        "place": "suburb",
        "source": "mapa pref",
        "type": "boundary",
        "id": "relation/16941209"
      },
      "geometry": {
        "type": "Polygon",
        "coordinates": [
          [
            [
              -40.5459959,
              -9.3739411
            ],
            [
              -40.5387273,
              -9.3739411
            ],
            [
              -40.5387273,
              -9.3658524
            ],
            [
              -40.5459959,
              -9.3658524
            ],
            [
              -40.5459959,
              -9.3739411
            ]
          ]
        ]
      }
    },
    {
      "type": "Feature",
      "id": "relation/16946607",
      "properties": {
        "admin_level": "10",
        "boundary": "administrative",
        "name": "Jardim São Paulo",
        "place": "suburb",
        "source": "mapa pref.",
        "type": "boundary",
        "id": "relation/16946607"
      },
      "geometry": {
        "type": "Polygon",
        "coordinates": [
          [
            [
              -40.5402809,
              -9.3752674
            ],
            [
              -40.5298814,
              -9.3752674
            ],
            [
              -40.5298814,
              -9.3656171
            ],
            [
              -40.5402809,
              -9.3656171
            ],
            [
              -40.5402809,
              -9.3752674
            ]
          ]
        ]
      }
    },
    {
      "type": "Feature",
      "id": "relation/16946610",
      "properties": {
        "admin_level": "10",
        "boundary": "administrative",
        "name": "Residencial Cacheado",
        "place": "suburb",
        "source": "mapa pref.",
        "type": "boundary",
        "id": "relation/16946610"
      },
      "geometry": {
        "type": "Polygon",
        "coordinates": [
          [
            [
              -40.5340407,
              -9.3683574
            ],
            [
              -40.5303706,
              -9.3683574
            ],
            [
              -40.5303706,
              -9.3654495
            ],
            [
              -40.5340407,
              -9.3654495
            ],
            [
              -40.5340407,
              -9.3683574
            ]
          ]
        ]
      }
    },
    {
      "type": "Feature",
      "id": "relation/16946668",
      "properties": {
        "admin_level": "10",
        "boundary": "administrative",
        "name": "Quati I",
        "place": "suburb",
        "source": "mapa pref.",
        "type": "boundary",
        "id": "relation/16946668"
      },
      "geometry": {
        "type": "Polygon",
        "coordinates": [
          [
            [
              -40.5438484,
              -9.3710979
            ],
            [
              -40.5379268,
              -9.3710979
            ],
            [
              -40.5379268,
              -9.3625846
            ],
            [
              -40.5438484,
              -9.3625846
            ],
            [
              -40.5438484,
              -9.3710979
            ]
          ]
        ]
      }
    },
    {
      "type": "Feature",
      "id": "relation/16946670",
      "properties": {
        "admin_level": "10",
        "boundary": "administrative",
        "name": "Quati II",
        "place": "suburb",
        "source": "mapa pref",
        "type": "boundary",
        "id": "relation/16946670"
      },
      "geometry": {
        "type": "Polygon",
        "coordinates": [
          [
            [
              -40.5389807,
              -9.3674785
            ],
            [
              -40.5339723,
              -9.3674785
            ],
            [
              -40.5339723,
              -9.3634646
            ],
            [
              -40.5389807,
              -9.3634646
            ],
            [
              -40.5389807,
              -9.3674785
            ]
          ]
        ]
      }
    },
    {
      "type": "Feature",
      "id": "relation/16946673",
      "properties": {
        "admin_level": "10",
        "boundary": "administrative",
        "name": "Cacheado",
        "place": "suburb",
        "source": "mapa pref.",
        "type": "boundary",
        "id": "relation/16946673"
      },
      "geometry": {
        "type": "Polygon",
        "coordinates": [
          [
            [
              -40.5349964,
              -9.3657606
            ],
            [
              -40.5328925,
              -9.3657606
            ],
            [
              -40.5328925,
              -9.3640528
            ],
            [
              -40.5349964,
              -9.3640528
            ],
            [
              -40.5349964,
              -9.3657606
            ]
          ]
        ]
      }
    },
    {
      "type": "Feature",
      "id": "relation/16947161",
      "properties": {
        "admin_level": "10",
        "boundary": "administrative",
        "name": "Loteamento Bela Vista",
        "place": "suburb",
        "source": "mapa pref.",
        "type": "boundary",
        "id": "relation/16947161"
      },
      "geometry": {
        "type": "Polygon",
        "coordinates": [
          [
            [
              -40.5453843,
              -9.3650382
            ],
            [
              -40.54037,
              -9.3650382
            ],
            [
              -40.54037,
              -9.3604882
            ],
            [
              -40.5453843,
              -9.3604882
            ],
            [
              -40.5453843,
              -9.3650382
            ]
          ]
        ]
      }
    },
    {
      "type": "Feature",
      "id": "relation/16947168",
      "properties": {
        "admin_level": "10",
        "boundary": "administrative",
        "name": "Loteamento Jardim São Paulo",
        "place": "suburb",
        "source": "mapa pref.",
        "type": "boundary",
        "id": "relation/16947168"
      },
      "geometry": {
        "type": "Polygon",
        "coordinates": [
          [
            [
              -40.5381198,
              -9.3655266
            ],
            [
              -40.5303977,
              -9.3655266
            ],
            [
              -40.5303977,
              -9.3605953
            ],
            [
              -40.5381198,
              -9.3605953
            ],
            [
              -40.5381198,
              -9.3655266
            ]
          ]
        ]
      }
    },
    {
      "type": "Feature",
      "id": "relation/16947219",
      "properties": {
        "admin_level": "10",
        "boundary": "administrative",
        "name": "João de Deus",
        "place": "suburb",
        "source": "map pref.",
        "type": "boundary",
        "id": "relation/16947219"
      },
      "geometry": {
        "type": "Polygon",
        "coordinates": [
          [
            [
              -40.5499271,
              -9.3645791
            ],
            [
              -40.530596,
              -9.3645791
            ],
            [
              -40.530596,
              -9.3511475
            ],
            [
              -40.5499271,
              -9.3511475
            ],
            [
              -40.5499271,
              -9.3645791
            ]
          ]
        ]
      }
    },
    {
      "type": "Feature",
      "id": "relation/16947233",
      "properties": {
        "admin_level": "10",
        "boundary": "administrative",
        "name": "Loteamento Nossa Senhora de Fátima",
        "place": "suburb",
        "source": "mapa pref.",
        "type": "boundary",
        "id": "relation/16947233"
      },
      "geometry": {
        "type": "Polygon",
        "coordinates": [
          [
            [
              -40.5307805,
              -9.3712949
            ],
            [
              -40.5235029,
              -9.3712949
            ],
            [
              -40.5235029,
              -9.3626336
            ],
            [
              -40.5307805,
              -9.3626336
            ],
            [
              -40.5307805,
              -9.3712949
            ]
          ]
        ]
      }
    },
    {
      "type": "Feature",
      "id": "relation/16947239",
      "properties": {
        "admin_level": "10",
        "boundary": "administrative",
        "name": "Jardim Amazonas",
        "place": "suburb",
        "source": "mapa pref.",
        "type": "boundary",
        "id": "relation/16947239"
      },
      "geometry": {
        "type": "Polygon",
        "coordinates": [
          [
            [
              -40.5380567,
              -9.387647
            ],
            [
              -40.5238626,
              -9.387647
            ],
            [
              -40.5238626,
              -9.3698087
            ],
            [
              -40.5380567,
              -9.3698087
            ],
            [
              -40.5380567,
              -9.387647
            ]
          ]
        ]
      }
    },
    {
      "type": "Feature",
      "id": "relation/16947244",
      "properties": {
        "admin_level": "10",
        "boundary": "administrative",
        "name": "Alto do Cocar",
        "place": "suburb",
        "source": "mapa pref.",
        "type": "boundary",
        "id": "relation/16947244"
      },
      "geometry": {
        "type": "Polygon",
        "coordinates": [
          [
            [
              -40.5324071,
              -9.3719693
            ],
            [
              -40.5294902,
              -9.3719693
            ],
            [
              -40.5294902,
              -9.3673671
            ],
            [
              -40.5324071,
              -9.3673671
            ],
            [
              -40.5324071,
              -9.3719693
            ]
          ]
        ]
      }
    },
    {
      "type": "Feature",
      "id": "relation/17002048",
      "properties": {
        "admin_level": "10",
        "boundary": "administrative",
        "name": "Nova Vida I e II",
        "place": "suburb",
        "source": "mapa pref.",
        "type": "boundary",
        "id": "relation/17002048"
      },
      "geometry": {
        "type": "Polygon",
        "coordinates": [
          [
            [
              -40.5330834,
              -9.3638504
            ],
            [
              -40.5264283,
              -9.3638504
            ],
            [
              -40.5264283,
              -9.3552826
            ],
            [
              -40.5330834,
              -9.3552826
            ],
            [
              -40.5330834,
              -9.3638504
            ]
          ]
        ]
      }
    },
    {
      "type": "Feature",
      "id": "relation/17005422",
      "properties": {
        "admin_level": "10",
        "boundary": "administrative",
        "name": "Vale Dourado",
        "place": "suburb",
        "source": "mapa perf.",
        "type": "boundary",
        "id": "relation/17005422"
      },
      "geometry": {
        "type": "Polygon",
        "coordinates": [
          [
            [
              -40.523775,
              -9.3598418
            ],
            [
              -40.5177038,
              -9.3598418
            ],
            [
              -40.5177038,
              -9.3526224
            ],
            [
              -40.523775,
              -9.3526224
            ],
            [
              -40.523775,
              -9.3598418
            ]
          ]
        ]
      }
    },
    {
      "type": "Feature",
      "id": "relation/17006256",
      "properties": {
        "admin_level": "10",
        "boundary": "administrative",
        "name": "Pedra Linda",
        "place": "suburb",
        "source": "mapa pref.",
        "type": "boundary",
        "id": "relation/17006256"
      },
      "geometry": {
        "type": "Polygon",
        "coordinates": [
          [
            [
              -40.5237751,
              -9.352643
            ],
            [
              -40.5126194,
              -9.352643
            ],
            [
              -40.5126194,
              -9.3403292
            ],
            [
              -40.5237751,
              -9.3403292
            ],
            [
              -40.5237751,
              -9.352643
            ]
          ]
        ]
      }
    },
    {
      "type": "Feature",
      "id": "relation/17006266",
      "properties": {
        "admin_level": "10",
        "boundary": "administrative",
        "name": "Residencial Novo Tempo",
        "place": "suburb",
        "source": "mapa pref.",
        "type": "boundary",
        "id": "relation/17006266"
      },
      "geometry": {
        "type": "Polygon",
        "coordinates": [
          [
            [
              -40.520683,
              -9.3467566
            ],
            [
              -40.5180283,
              -9.3467566
            ],
            [
              -40.5180283,
              -9.344049
            ],
            [
              -40.520683,
              -9.344049
            ],
            [
              -40.520683,
              -9.3467566
            ]
          ]
        ]
      }
    },
    {
      "type": "Feature",
      "id": "relation/17009581",
      "properties": {
        "admin_level": "10",
        "boundary": "administrative",
        "name": "Jardim Maravilha",
        "place": "suburb",
        "source": "mapa pref.",
        "type": "boundary",
        "id": "relation/17009581"
      },
      "geometry": {
        "type": "Polygon",
        "coordinates": [
          [
            [
              -40.5254529,
              -9.3913467
            ],
            [
              -40.5099488,
              -9.3913467
            ],
            [
              -40.5099488,
              -9.3806994
            ],
            [
              -40.5254529,
              -9.3806994
            ],
            [
              -40.5254529,
              -9.3913467
            ]
          ]
        ]
      }
    },
    {
      "type": "Feature",
      "id": "relation/17009599",
      "properties": {
        "admin_level": "10",
        "boundary": "administrative",
        "name": "KM 2",
        "place": "suburb",
        "source": "mapa pref.",
        "type": "boundary",
        "id": "relation/17009599"
      },
      "geometry": {
        "type": "Polygon",
        "coordinates": [
          [
            [
              -40.5110629,
              -9.3850558
            ],
            [
              -40.5025549,
              -9.3850558
            ],
            [
              -40.5025549,
              -9.3776568
            ],
            [
              -40.5110629,
              -9.3776568
            ],
            [
              -40.5110629,
              -9.3850558
            ]
          ]
        ]
      }
    },
    {
      "type": "Feature",
      "id": "relation/17010048",
      "properties": {
        "admin_level": "10",
        "boundary": "administrative",
        "name": "Condomínio Carlos Wilson",
        "place": "suburb",
        "source": "mapa pref.",
        "type": "boundary",
        "id": "relation/17010048"
      },
      "geometry": {
        "type": "Polygon",
        "coordinates": [
          [
            [
              -40.5189733,
              -9.3975454
            ],
            [
              -40.5169959,
              -9.3975454
            ],
            [
              -40.5169959,
              -9.3956869
            ],
            [
              -40.5189733,
              -9.3956869
            ],
            [
              -40.5189733,
              -9.3975454
            ]
          ]
        ]
      }
    },
    {
      "type": "Feature",
      "id": "relation/17010065",
      "properties": {
        "admin_level": "10",
        "boundary": "administrative",
        "name": "Condomínio Rio Guara",
        "place": "suburb",
        "source": "mapa pref.",
        "type": "boundary",
        "id": "relation/17010065"
      },
      "geometry": {
        "type": "Polygon",
        "coordinates": [
          [
            [
              -40.514269,
              -9.3942749
            ],
            [
              -40.5129905,
              -9.3942749
            ],
            [
              -40.5129905,
              -9.393274
            ],
            [
              -40.514269,
              -9.393274
            ],
            [
              -40.514269,
              -9.3942749
            ]
          ]
        ]
      }
    },
    {
      "type": "Feature",
      "id": "relation/17010133",
      "properties": {
        "admin_level": "10",
        "boundary": "administrative",
        "name": "Palhinhas",
        "place": "suburb",
        "source": "mapa pref.",
        "type": "boundary",
        "id": "relation/17010133"
      },
      "geometry": {
        "type": "Polygon",
        "coordinates": [
          [
            [
              -40.5260799,
              -9.3981866
            ],
            [
              -40.5132186,
              -9.3981866
            ],
            [
              -40.5132186,
              -9.3870357
            ],
            [
              -40.5260799,
              -9.3870357
            ],
            [
              -40.5260799,
              -9.3981866
            ]
          ]
        ]
      }
    },
    {
      "type": "Feature",
      "id": "relation/17010859",
      "properties": {
        "admin_level": "10",
        "boundary": "administrative",
        "name": "Parque Bandeirante",
        "place": "suburb",
        "source": "mapa pref.",
        "type": "boundary",
        "id": "relation/17010859"
      },
      "geometry": {
        "type": "Polygon",
        "coordinates": [
          [
            [
              -40.5152479,
              -9.3975021
            ],
            [
              -40.5096578,
              -9.3975021
            ],
            [
              -40.5096578,
              -9.3933458
            ],
            [
              -40.5152479,
              -9.3933458
            ],
            [
              -40.5152479,
              -9.3975021
            ]
          ]
        ]
      }
    },
    {
      "type": "Feature",
      "id": "relation/17010860",
      "properties": {
        "admin_level": "10",
        "boundary": "administrative",
        "name": "Atrás da Banca",
        "place": "suburb",
        "source": "maoa pref",
        "type": "boundary",
        "id": "relation/17010860"
      },
      "geometry": {
        "type": "Polygon",
        "coordinates": [
          [
            [
              -40.5120812,
              -9.3996898
            ],
            [
              -40.5047389,
              -9.3996898
            ],
            [
              -40.5047389,
              -9.3944211
            ],
            [
              -40.5120812,
              -9.3944211
            ],
            [
              -40.5120812,
              -9.3996898
            ]
          ]
        ]
      }
    },
    {
      "type": "Feature",
      "id": "relation/17010874",
      "properties": {
        "admin_level": "10",
        "boundary": "administrative",
        "name": "Orla II",
        "place": "suburb",
        "source": "mapa pref.",
        "type": "boundary",
        "id": "relation/17010874"
      },
      "geometry": {
        "type": "Polygon",
        "coordinates": [
          [
            [
              -40.5118538,
              -9.4025395
            ],
            [
              -40.5036134,
              -9.4025395
            ],
            [
              -40.5036134,
              -9.3990341
            ],
            [
              -40.5118538,
              -9.3990341
            ],
            [
              -40.5118538,
              -9.4025395
            ]
          ]
        ]
      }
    },
    {
      "type": "Feature",
      "id": "relation/17010886",
      "properties": {
        "admin_level": "10",
        "boundary": "administrative",
        "name": "Gercino Coelho",
        "place": "suburb",
        "source": "mapa pref.",
        "type": "boundary",
        "id": "relation/17010886"
      },
      "geometry": {
        "type": "Polygon",
        "coordinates": [
          [
            [
              -40.5189683,
              -9.3961099
            ],
            [
              -40.5062758,
              -9.3961099
            ],
            [
              -40.5062758,
              -9.3850563
            ],
            [
              -40.5189683,
              -9.3850563
            ],
            [
              -40.5189683,
              -9.3961099
            ]
          ]
        ]
      }
    },
    {
      "type": "Feature",
      "id": "relation/17010976",
      "properties": {
        "admin_level": "10",
        "boundary": "administrative",
        "name": "Vila dos Sargentos",
        "place": "suburb",
        "source": "mapa pref.",
        "type": "boundary",
        "id": "relation/17010976"
      },
      "geometry": {
        "type": "Polygon",
        "coordinates": [
          [
            [
              -40.5178635,
              -9.3834377
            ],
            [
              -40.5141503,
              -9.3834377
            ],
            [
              -40.5141503,
              -9.3807638
            ],
            [
              -40.5178635,
              -9.3807638
            ],
            [
              -40.5178635,
              -9.3834377
            ]
          ]
        ]
      }
    },
    {
      "type": "Feature",
      "id": "relation/17010995",
      "properties": {
        "admin_level": "10",
        "boundary": "administrative",
        "name": "Pedro Raimundo",
        "place": "suburb",
        "source": "mapa pref.",
        "type": "boundary",
        "id": "relation/17010995"
      },
      "geometry": {
        "type": "Polygon",
        "coordinates": [
          [
            [
              -40.5294973,
              -9.3766194
            ],
            [
              -40.5226903,
              -9.3766194
            ],
            [
              -40.5226903,
              -9.3692651
            ],
            [
              -40.5294973,
              -9.3692651
            ],
            [
              -40.5294973,
              -9.3766194
            ]
          ]
        ]
      }
    },
    {
      "type": "Feature",
      "id": "relation/17011066",
      "properties": {
        "admin_level": "10",
        "boundary": "administrative",
        "name": "Vale do Grande Rio",
        "place": "suburb",
        "source": "mapa pref.",
        "type": "boundary",
        "id": "relation/17011066"
      },
      "geometry": {
        "type": "Polygon",
        "coordinates": [
          [
            [
              -40.5274828,
              -9.3820175
            ],
            [
              -40.5179046,
              -9.3820175
            ],
            [
              -40.5179046,
              -9.3677358
            ],
            [
              -40.5274828,
              -9.3677358
            ],
            [
              -40.5274828,
              -9.3820175
            ]
          ]
        ]
      }
    },
    {
      "type": "Feature",
      "id": "relation/17011098",
      "properties": {
        "admin_level": "10",
        "boundary": "administrative",
        "name": "Ouro Preto (Parte Alta)",
        "place": "suburb",
        "source": "mapa pref.",
        "type": "boundary",
        "id": "relation/17011098"
      },
      "geometry": {
        "type": "Polygon",
        "coordinates": [
          [
            [
              -40.5251899,
              -9.3863219
            ],
            [
              -40.5182747,
              -9.3863219
            ],
            [
              -40.5182747,
              -9.3763166
            ],
            [
              -40.5251899,
              -9.3763166
            ],
            [
              -40.5251899,
              -9.3863219
            ]
          ]
        ]
      }
    },
    {
      "type": "Feature",
      "id": "relation/17011115",
      "properties": {
        "admin_level": "10",
        "boundary": "administrative",
        "name": "Ouro Preto (Parte Baixa)",
        "place": "suburb",
        "source": "mapa pref.",
        "type": "boundary",
        "id": "relation/17011115"
      },
      "geometry": {
        "type": "Polygon",
        "coordinates": [
          [
            [
              -40.5218827,
              -9.3838669
            ],
            [
              -40.5127491,
              -9.3838669
            ],
            [
              -40.5127491,
              -9.3743217
            ],
            [
              -40.5218827,
              -9.3743217
            ],
            [
              -40.5218827,
              -9.3838669
            ]
          ]
        ]
      }
    },
    {
      "type": "Feature",
      "id": "relation/17011124",
      "properties": {
        "admin_level": "10",
        "boundary": "administrative",
        "name": "Condomínio Morada Nova Mais Viver",
        "place": "suburb",
        "source": "mapa pref.",
        "type": "boundary",
        "id": "relation/17011124"
      },
      "geometry": {
        "type": "Polygon",
        "coordinates": [
          [
            [
              -40.5216247,
              -9.3639196
            ],
            [
              -40.5186777,
              -9.3639196
            ],
            [
              -40.5186777,
              -9.3606786
            ],
            [
              -40.5216247,
              -9.3606786
            ],
            [
              -40.5216247,
              -9.3639196
            ]
          ]
        ]
      }
    },
    {
      "type": "Feature",
      "id": "relation/17011128",
      "properties": {
        "admin_level": "10",
        "boundary": "administrative",
        "name": "Condomínio Mais Viver Vinhedos",
        "place": "suburb",
        "source": "maoa pref.",
        "type": "boundary",
        "id": "relation/17011128"
      },
      "geometry": {
        "type": "Polygon",
        "coordinates": [
          [
            [
              -40.5204606,
              -9.3644081
            ],
            [
              -40.5181809,
              -9.3644081
            ],
            [
              -40.5181809,
              -9.3622116
            ],
            [
              -40.5204606,
              -9.3622116
            ],
            [
              -40.5204606,
              -9.3644081
            ]
          ]
        ]
      }
    },
    {
      "type": "Feature",
      "id": "relation/17011204",
      "properties": {
        "admin_level": "10",
        "boundary": "administrative",
        "name": "Condomínio Solares Mais Viver",
        "place": "suburb",
        "source": "mapa pref",
        "type": "boundary",
        "id": "relation/17011204"
      },
      "geometry": {
        "type": "Polygon",
        "coordinates": [
          [
            [
              -40.5222488,
              -9.3623288
            ],
            [
              -40.5193931,
              -9.3623288
            ],
            [
              -40.5193931,
              -9.3586117
            ],
            [
              -40.5222488,
              -9.3586117
            ],
            [
              -40.5222488,
              -9.3623288
            ]
          ]
        ]
      }
    },
    {
      "type": "Feature",
      "id": "relation/17011211",
      "properties": {
        "admin_level": "10",
        "boundary": "administrative",
        "name": "Antônio Cassimiro II",
        "place": "suburb",
        "source": "mapa pref.",
        "type": "boundary",
        "id": "relation/17011211"
      },
      "geometry": {
        "type": "Polygon",
        "coordinates": [
          [
            [
              -40.5203753,
              -9.381439
            ],
            [
              -40.5110635,
              -9.381439
            ],
            [
              -40.5110635,
              -9.3677889
            ],
            [
              -40.5203753,
              -9.3677889
            ],
            [
              -40.5203753,
              -9.381439
            ]
          ]
        ]
      }
    },
    {
      "type": "Feature",
      "id": "relation/17013244",
      "properties": {
        "admin_level": "10",
        "boundary": "administrative",
        "name": "Condomínio Mais Viver Petrolina",
        "place": "suburb",
        "source": "mapa pref",
        "type": "boundary",
        "id": "relation/17013244"
      },
      "geometry": {
        "type": "Polygon",
        "coordinates": [
          [
            [
              -40.5161636,
              -9.3634112
            ],
            [
              -40.513206,
              -9.3634112
            ],
            [
              -40.513206,
              -9.3607695
            ],
            [
              -40.5161636,
              -9.3607695
            ],
            [
              -40.5161636,
              -9.3634112
            ]
          ]
        ]
      }
    },
    {
      "type": "Feature",
      "id": "relation/17013282",
      "properties": {
        "admin_level": "10",
        "boundary": "administrative",
        "name": "Condomínio Mais Viver Grande Rio",
        "place": "suburb",
        "source": "mapa pref.",
        "type": "boundary",
        "id": "relation/17013282"
      },
      "geometry": {
        "type": "Polygon",
        "coordinates": [
          [
            [
              -40.5156219,
              -9.3655698
            ],
            [
              -40.5125588,
              -9.3655698
            ],
            [
              -40.5125588,
              -9.3628096
            ],
            [
              -40.5156219,
              -9.3628096
            ],
            [
              -40.5156219,
              -9.3655698
            ]
          ]
        ]
      }
    },
    {
      "type": "Feature",
      "id": "relation/17013335",
      "properties": {
        "admin_level": "10",
        "boundary": "administrative",
        "name": "Condomínio Mais Viver São Francisco",
        "place": "suburb",
        "source": "mapa pref.",
        "type": "boundary",
        "id": "relation/17013335"
      },
      "geometry": {
        "type": "Polygon",
        "coordinates": [
          [
            [
              -40.5152698,
              -9.365967
            ],
            [
              -40.5134005,
              -9.365967
            ],
            [
              -40.5134005,
              -9.3643645
            ],
            [
              -40.5152698,
              -9.3643645
            ],
            [
              -40.5152698,
              -9.365967
            ]
          ]
        ]
      }
    },
    {
      "type": "Feature",
      "id": "relation/17013348",
      "properties": {
        "admin_level": "10",
        "boundary": "administrative",
        "name": "Condomínio Vila Real",
        "place": "suburb",
        "source": "map pref.",
        "type": "boundary",
        "id": "relation/17013348"
      },
      "geometry": {
        "type": "Polygon",
        "coordinates": [
          [
            [
              -40.5149485,
              -9.3668912
            ],
            [
              -40.5123429,
              -9.3668912
            ],
            [
              -40.5123429,
              -9.3653213
            ],
            [
              -40.5149485,
              -9.3653213
            ],
            [
              -40.5149485,
              -9.3668912
            ]
          ]
        ]
      }
    },
    {
      "type": "Feature",
      "id": "relation/17013394",
      "properties": {
        "admin_level": "10",
        "boundary": "administrative",
        "name": "Condomínio Vila Verde",
        "place": "suburb",
        "source": "mapa pref.",
        "type": "boundary",
        "id": "relation/17013394"
      },
      "geometry": {
        "type": "Polygon",
        "coordinates": [
          [
            [
              -40.5131861,
              -9.3695513
            ],
            [
              -40.5113028,
              -9.3695513
            ],
            [
              -40.5113028,
              -9.3656986
            ],
            [
              -40.5131861,
              -9.3656986
            ],
            [
              -40.5131861,
              -9.3695513
            ]
          ]
        ]
      }
    },
    {
      "type": "Feature",
      "id": "relation/17013397",
      "properties": {
        "admin_level": "10",
        "boundary": "administrative",
        "name": "Park Mandacaru",
        "place": "suburb",
        "source": "mapa pref.",
        "type": "boundary",
        "id": "relation/17013397"
      },
      "geometry": {
        "type": "Polygon",
        "coordinates": [
          [
            [
              -40.5142527,
              -9.3628089
            ],
            [
              -40.5089676,
              -9.3628089
            ],
            [
              -40.5089676,
              -9.3581191
            ],
            [
              -40.5142527,
              -9.3581191
            ],
            [
              -40.5142527,
              -9.3628089
            ]
          ]
        ]
      }
    },
    {
      "type": "Feature",
      "id": "relation/17013407",
      "properties": {
        "admin_level": "10",
        "boundary": "administrative",
        "name": "Mandacaru",
        "place": "suburb",
        "source": "mapa pref.",
        "type": "boundary",
        "id": "relation/17013407"
      },
      "geometry": {
        "type": "Polygon",
        "coordinates": [
          [
            [
              -40.5132048,
              -9.3669548
            ],
            [
              -40.5084949,
              -9.3669548
            ],
            [
              -40.5084949,
              -9.3593004
            ],
            [
              -40.5132048,
              -9.3593004
            ],
            [
              -40.5132048,
              -9.3669548
            ]
          ]
        ]
      }
    },
    {
      "type": "Feature",
      "id": "relation/17013440",
      "properties": {
        "admin_level": "10",
        "boundary": "administrative",
        "name": "Antônio Cassimiro",
        "place": "suburb",
        "source": "mapa pref.",
        "type": "boundary",
        "id": "relation/17013440"
      },
      "geometry": {
        "type": "Polygon",
        "coordinates": [
          [
            [
              -40.5177031,
              -9.380698
            ],
            [
              -40.500127,
              -9.380698
            ],
            [
              -40.500127,
              -9.3513406
            ],
            [
              -40.5177031,
              -9.3513406
            ],
            [
              -40.5177031,
              -9.380698
            ]
          ]
        ]
      }
    },
    {
      "type": "Feature",
      "id": "relation/17013443",
      "properties": {
        "admin_level": "10",
        "boundary": "administrative",
        "name": "Terras do Sul",
        "place": "suburb",
        "source": "mapa pref",
        "type": "boundary",
        "id": "relation/17013443"
      },
      "geometry": {
        "type": "Polygon",
        "coordinates": [
          [
            [
              -40.5087574,
              -9.3606368
            ],
            [
              -40.5000752,
              -9.3606368
            ],
            [
              -40.5000752,
              -9.3502458
            ],
            [
              -40.5087574,
              -9.3502458
            ],
            [
              -40.5087574,
              -9.3606368
            ]
          ]
        ]
      }
    },
    {
      "type": "Feature",
      "id": "relation/17013452",
      "properties": {
        "admin_level": "10",
        "boundary": "administrative",
        "name": "São Joaquim",
        "place": "suburb",
        "source": "mapa pref.",
        "type": "boundary",
        "id": "relation/17013452"
      },
      "geometry": {
        "type": "Polygon",
        "coordinates": [
          [
            [
              -40.5054449,
              -9.3554015
            ],
            [
              -40.5000032,
              -9.3554015
            ],
            [
              -40.5000032,
              -9.349516
            ],
            [
              -40.5054449,
              -9.349516
            ],
            [
              -40.5054449,
              -9.3554015
            ]
          ]
        ]
      }
    },
    {
      "type": "Feature",
      "id": "relation/17013501",
      "properties": {
        "admin_level": "10",
        "boundary": "administrative",
        "name": "Parque Petrolina",
        "place": "suburb",
        "source": "mapa pref.",
        "type": "boundary",
        "id": "relation/17013501"
      },
      "geometry": {
        "type": "Polygon",
        "coordinates": [
          [
            [
              -40.4963006,
              -9.3460995
            ],
            [
              -40.4885339,
              -9.3460995
            ],
            [
              -40.4885339,
              -9.3380691
            ],
            [
              -40.4963006,
              -9.3380691
            ],
            [
              -40.4963006,
              -9.3460995
            ]
          ]
        ]
      }
    },
    {
      "type": "Feature",
      "id": "relation/17013562",
      "properties": {
        "admin_level": "10",
        "boundary": "administrative",
        "name": "Dom Avelar",
        "place": "suburb",
        "source": "mapa pref.",
        "type": "boundary",
        "id": "relation/17013562"
      },
      "geometry": {
        "type": "Polygon",
        "coordinates": [
          [
            [
              -40.5032093,
              -9.3607885
            ],
            [
              -40.4735433,
              -9.3607885
            ],
            [
              -40.4735433,
              -9.3446188
            ],
            [
              -40.5032093,
              -9.3446188
            ],
            [
              -40.5032093,
              -9.3607885
            ]
          ]
        ]
      }
    },
    {
      "type": "Feature",
      "id": "relation/17013567",
      "properties": {
        "admin_level": "10",
        "boundary": "administrative",
        "name": "São Jorge",
        "place": "suburb",
        "source": "mapa pref.",
        "type": "boundary",
        "id": "relation/17013567"
      },
      "geometry": {
        "type": "Polygon",
        "coordinates": [
          [
            [
              -40.5016076,
              -9.3625891
            ],
            [
              -40.4959031,
              -9.3625891
            ],
            [
              -40.4959031,
              -9.35733
            ],
            [
              -40.5016076,
              -9.35733
            ],
            [
              -40.5016076,
              -9.3625891
            ]
          ]
        ]
      }
    },
    {
      "type": "Feature",
      "id": "relation/17013596",
      "properties": {
        "admin_level": "10",
        "boundary": "administrative",
        "name": "Santa Luzia",
        "place": "suburb",
        "source": "maoa pref.",
        "type": "boundary",
        "id": "relation/17013596"
      },
      "geometry": {
        "type": "Polygon",
        "coordinates": [
          [
            [
              -40.505057,
              -9.3668291
            ],
            [
              -40.4973922,
              -9.3668291
            ],
            [
              -40.4973922,
              -9.3591554
            ],
            [
              -40.505057,
              -9.3591554
            ],
            [
              -40.505057,
              -9.3668291
            ]
          ]
        ]
      }
    },
    {
      "type": "Feature",
      "id": "relation/17018723",
      "properties": {
        "admin_level": "10",
        "boundary": "administrative",
        "name": "Vila Eulália",
        "place": "suburb",
        "source": "mapa pref.",
        "type": "boundary",
        "id": "relation/17018723"
      },
      "geometry": {
        "type": "Polygon",
        "coordinates": [
          [
            [
              -40.506892,
              -9.3788183
            ],
            [
              -40.4971147,
              -9.3788183
            ],
            [
              -40.4971147,
              -9.3675131
            ],
            [
              -40.506892,
              -9.3675131
            ],
            [
              -40.506892,
              -9.3788183
            ]
          ]
        ]
      }
    },
    {
      "type": "Feature",
      "id": "relation/17018725",
      "properties": {
        "admin_level": "10",
        "boundary": "administrative",
        "name": "José e Maria",
        "place": "suburb",
        "source": "mapa pref.",
        "type": "boundary",
        "id": "relation/17018725"
      },
      "geometry": {
        "type": "Polygon",
        "coordinates": [
          [
            [
              -40.5009663,
              -9.3766946
            ],
            [
              -40.4862495,
              -9.3766946
            ],
            [
              -40.4862495,
              -9.3625897
            ],
            [
              -40.5009663,
              -9.3625897
            ],
            [
              -40.5009663,
              -9.3766946
            ]
          ]
        ]
      }
    },
    {
      "type": "Feature",
      "id": "relation/17018728",
      "properties": {
        "admin_level": "10",
        "boundary": "administrative",
        "name": "Padre Cícero",
        "place": "suburb",
        "source": "mapa pref.",
        "type": "boundary",
        "id": "relation/17018728"
      },
      "geometry": {
        "type": "Polygon",
        "coordinates": [
          [
            [
              -40.4973912,
              -9.3694504
            ],
            [
              -40.475288,
              -9.3694504
            ],
            [
              -40.475288,
              -9.3498468
            ],
            [
              -40.4973912,
              -9.3498468
            ],
            [
              -40.4973912,
              -9.3694504
            ]
          ]
        ]
      }
    },
    {
      "type": "Feature",
      "id": "relation/17018729",
      "properties": {
        "admin_level": "10",
        "boundary": "administrative",
        "name": "Cidade Jardim",
        "place": "suburb",
        "source": "mapa pref.",
        "type": "boundary",
        "id": "relation/17018729"
      },
      "geometry": {
        "type": "Polygon",
        "coordinates": [
          [
            [
              -40.5036554,
              -9.3837928
            ],
            [
              -40.5004441,
              -9.3837928
            ],
            [
              -40.5004441,
              -9.3772839
            ],
            [
              -40.5036554,
              -9.3772839
            ],
            [
              -40.5036554,
              -9.3837928
            ]
          ]
        ]
      }
    },
    {
      "type": "Feature",
      "id": "relation/17018739",
      "properties": {
        "admin_level": "10",
        "boundary": "administrative",
        "name": "Caminho do Sol",
        "place": "suburb",
        "source": "mapa pref.",
        "type": "boundary",
        "id": "relation/17018739"
      },
      "geometry": {
        "type": "Polygon",
        "coordinates": [
          [
            [
              -40.5011536,
              -9.3851786
            ],
            [
              -40.4959599,
              -9.3851786
            ],
            [
              -40.4959599,
              -9.3765083
            ],
            [
              -40.5011536,
              -9.3765083
            ],
            [
              -40.5011536,
              -9.3851786
            ]
          ]
        ]
      }
    },
    {
      "type": "Feature",
      "id": "relation/17018741",
      "properties": {
        "admin_level": "10",
        "boundary": "administrative",
        "name": "Dom Malan",
        "place": "suburb",
        "source": "mapa pref.",
        "type": "boundary",
        "id": "relation/17018741"
      },
      "geometry": {
        "type": "Polygon",
        "coordinates": [
          [
            [
              -40.4985745,
              -9.3871266
            ],
            [
              -40.4941553,
              -9.3871266
            ],
            [
              -40.4941553,
              -9.3766875
            ],
            [
              -40.4985745,
              -9.3766875
            ],
            [
              -40.4985745,
              -9.3871266
            ]
          ]
        ]
      }
    },
    {
      "type": "Feature",
      "id": "relation/17046331",
      "properties": {
        "admin_level": "10",
        "boundary": "administrative",
        "name": "Cohab 3",
        "place": "suburb",
        "source": "mapa pref.",
        "type": "boundary",
        "id": "relation/17046331"
      },
      "geometry": {
        "type": "Polygon",
        "coordinates": [
          [
            [
              -40.4961405,
              -9.3788224
            ],
            [
              -40.4882356,
              -9.3788224
            ],
            [
              -40.4882356,
              -9.3744505
            ],
            [
              -40.4961405,
              -9.3744505
            ],
            [
              -40.4961405,
              -9.3788224
            ]
          ]
        ]
      }
    },
    {
      "type": "Feature",
      "id": "relation/17046383",
      "properties": {
        "admin_level": "10",
        "boundary": "administrative",
        "name": "Areia Branca",
        "place": "suburb",
        "source": "mapa pref.",
        "type": "boundary",
        "id": "relation/17046383"
      },
      "geometry": {
        "type": "Polygon",
        "coordinates": [
          [
            [
              -40.4963941,
              -9.389448
            ],
            [
              -40.4885783,
              -9.389448
            ],
            [
              -40.4885783,
              -9.3785416
            ],
            [
              -40.4963941,
              -9.3785416
            ],
            [
              -40.4963941,
              -9.389448
            ]
          ]
        ]
      }
    },
    {
      "type": "Feature",
      "id": "relation/17046780",
      "properties": {
        "admin_level": "10",
        "boundary": "administrative",
        "name": "Nova York",
        "place": "suburb",
        "source": "mapa pref.",
        "type": "boundary",
        "id": "relation/17046780"
      },
      "geometry": {
        "type": "Polygon",
        "coordinates": [
          [
            [
              -40.4886638,
              -9.3808193
            ],
            [
              -40.4856628,
              -9.3808193
            ],
            [
              -40.4856628,
              -9.3748833
            ],
            [
              -40.4886638,
              -9.3748833
            ],
            [
              -40.4886638,
              -9.3808193
            ]
          ]
        ]
      }
    },
    {
      "type": "Feature",
      "id": "relation/17046782",
      "properties": {
        "admin_level": "10",
        "boundary": "administrative",
        "name": "Vila eduardo",
        "place": "suburb",
        "source": "mapa pref.",
        "type": "boundary",
        "id": "relation/17046782"
      },
      "geometry": {
        "type": "Polygon",
        "coordinates": [
          [
            [
              -40.4890682,
              -9.3934241
            ],
            [
              -40.4807539,
              -9.3934241
            ],
            [
              -40.4807539,
              -9.3802361
            ],
            [
              -40.4890682,
              -9.3802361
            ],
            [
              -40.4890682,
              -9.3934241
            ]
          ]
        ]
      }
    },
    {
      "type": "Feature",
      "id": "relation/17047221",
      "properties": {
        "admin_level": "10",
        "boundary": "administrative",
        "name": "Condomínio San Rafael",
        "place": "suburb",
        "source": "mapa pref.",
        "type": "boundary",
        "id": "relation/17047221"
      },
      "geometry": {
        "type": "Polygon",
        "coordinates": [
          [
            [
              -40.5051553,
              -9.3865463
            ],
            [
              -40.5036764,
              -9.3865463
            ],
            [
              -40.5036764,
              -9.3851093
            ],
            [
              -40.5051553,
              -9.3851093
            ],
            [
              -40.5051553,
              -9.3865463
            ]
          ]
        ]
      }
    },
    {
      "type": "Feature",
      "id": "relation/17047234",
      "properties": {
        "admin_level": "10",
        "boundary": "administrative",
        "name": "Condomínio San Diego",
        "place": "suburb",
        "source": "mapa pref",
        "type": "boundary",
        "id": "relation/17047234"
      },
      "geometry": {
        "type": "Polygon",
        "coordinates": [
          [
            [
              -40.5044251,
              -9.3858323
            ],
            [
              -40.502941,
              -9.3858323
            ],
            [
              -40.502941,
              -9.3843815
            ],
            [
              -40.5044251,
              -9.3843815
            ],
            [
              -40.5044251,
              -9.3858323
            ]
          ]
        ]
      }
    },
    {
      "type": "Feature",
      "id": "relation/17047265",
      "properties": {
        "admin_level": "10",
        "boundary": "administrative",
        "name": "Condomínio Paulo Coelho",
        "place": "suburb",
        "source": "mapa pref.",
        "type": "boundary",
        "id": "relation/17047265"
      },
      "geometry": {
        "type": "Polygon",
        "coordinates": [
          [
            [
              -40.5060208,
              -9.3858526
            ],
            [
              -40.5044983,
              -9.3858526
            ],
            [
              -40.5044983,
              -9.3843294
            ],
            [
              -40.5060208,
              -9.3843294
            ],
            [
              -40.5060208,
              -9.3858526
            ]
          ]
        ]
      }
    },
    {
      "type": "Feature",
      "id": "relation/17047270",
      "properties": {
        "admin_level": "10",
        "boundary": "administrative",
        "name": "Condomínio Residencial Vila Mariana",
        "place": "suburb",
        "source": "mapa pref.",
        "type": "boundary",
        "id": "relation/17047270"
      },
      "geometry": {
        "type": "Polygon",
        "coordinates": [
          [
            [
              -40.5053909,
              -9.3851835
            ],
            [
              -40.503923,
              -9.3851835
            ],
            [
              -40.503923,
              -9.3837501
            ],
            [
              -40.5053909,
              -9.3837501
            ],
            [
              -40.5053909,
              -9.3851835
            ]
          ]
        ]
      }
    },
    {
      "type": "Feature",
      "id": "relation/17047282",
      "properties": {
        "admin_level": "10",
        "boundary": "administrative",
        "name": "Condomínio Residencial Califórnia",
        "place": "suburb",
        "source": "mapa pref.",
        "type": "boundary",
        "id": "relation/17047282"
      },
      "geometry": {
        "type": "Polygon",
        "coordinates": [
          [
            [
              -40.5048099,
              -9.384609
            ],
            [
              -40.5036801,
              -9.384609
            ],
            [
              -40.5036801,
              -9.3835019
            ],
            [
              -40.5048099,
              -9.3835019
            ],
            [
              -40.5048099,
              -9.384609
            ]
          ]
        ]
      }
    },
    {
      "type": "Feature",
      "id": "relation/17047766",
      "properties": {
        "admin_level": "10",
        "boundary": "administrative",
        "name": "Vila Mocó",
        "place": "suburb",
        "source": "mapa pref",
        "type": "boundary",
        "id": "relation/17047766"
      },
      "geometry": {
        "type": "Polygon",
        "coordinates": [
          [
            [
              -40.5099478,
              -9.3892539
            ],
            [
              -40.4993305,
              -9.3892539
            ],
            [
              -40.4993305,
              -9.3824726
            ],
            [
              -40.5099478,
              -9.3824726
            ],
            [
              -40.5099478,
              -9.3892539
            ]
          ]
        ]
      }
    },
    {
      "type": "Feature",
      "id": "relation/17047784",
      "properties": {
        "admin_level": "10",
        "boundary": "administrative",
        "name": "Maria Auxiliadora",
        "place": "suburb",
        "source": "mapa pref.",
        "type": "boundary",
        "id": "relation/17047784"
      },
      "geometry": {
        "type": "Polygon",
        "coordinates": [
          [
            [
              -40.5030561,
              -9.3943347
            ],
            [
              -40.4890687,
              -9.3943347
            ],
            [
              -40.4890687,
              -9.3829273
            ],
            [
              -40.5030561,
              -9.3829273
            ],
            [
              -40.5030561,
              -9.3943347
            ]
          ]
        ]
      }
    },
    {
      "type": "Feature",
      "id": "relation/17047839",
      "properties": {
        "admin_level": "10",
        "boundary": "administrative",
        "name": "River Shopping",
        "place": "suburb",
        "source": "mapa pref.",
        "type": "boundary",
        "id": "relation/17047839"
      },
      "geometry": {
        "type": "Polygon",
        "coordinates": [
          [
            [
              -40.494689,
              -9.3962165
            ],
            [
              -40.4908621,
              -9.3962165
            ],
            [
              -40.4908621,
              -9.3920879
            ],
            [
              -40.494689,
              -9.3920879
            ],
            [
              -40.494689,
              -9.3962165
            ]
          ]
        ]
      }
    },
    {
      "type": "Feature",
      "id": "relation/17051831",
      "properties": {
        "admin_level": "10",
        "boundary": "administrative",
        "name": "Centro",
        "place": "suburb",
        "source": "mapa pref.",
        "type": "boundary",
        "id": "relation/17051831"
      },
      "geometry": {
        "type": "Polygon",
        "coordinates": [
          [
            [
              -40.5088596,
              -9.4024511
            ],
            [
              -40.4897839,
              -9.4024511
            ],
            [
              -40.4897839,
              -9.3867735
            ],
            [
              -40.5088596,
              -9.3867735
            ],
            [
              -40.5088596,
              -9.4024511
            ]
          ]
        ]
      }
    },
    {
      "type": "Feature",
      "id": "relation/17051880",
      "properties": {
        "admin_level": "10",
        "boundary": "administrative",
        "name": "Orla I",
        "place": "suburb",
        "source": "mapa pref.",
        "type": "boundary",
        "id": "relation/17051880"
      },
      "geometry": {
        "type": "Polygon",
        "coordinates": [
          [
            [
              -40.5038219,
              -9.4049081
            ],
            [
              -40.4936419,
              -9.4049081
            ],
            [
              -40.4936419,
              -9.4017576
            ],
            [
              -40.5038219,
              -9.4017576
            ],
            [
              -40.5038219,
              -9.4049081
            ]
          ]
        ]
      }
    },
    {
      "type": "Feature",
      "id": "relation/17052081",
      "properties": {
        "admin_level": "10",
        "boundary": "administrative",
        "name": "Loteamento Nossa Senhora Rainha dos Anjos",
        "place": "suburb",
        "source": "mapa pref.",
        "type": "boundary",
        "id": "relation/17052081"
      },
      "geometry": {
        "type": "Polygon",
        "coordinates": [
          [
            [
              -40.4939155,
              -9.4031258
            ],
            [
              -40.4906078,
              -9.4031258
            ],
            [
              -40.4906078,
              -9.4001918
            ],
            [
              -40.4939155,
              -9.4001918
            ],
            [
              -40.4939155,
              -9.4031258
            ]
          ]
        ]
      }
    },
    {
      "type": "Feature",
      "id": "relation/17052105",
      "properties": {
        "admin_level": "10",
        "boundary": "administrative",
        "name": "Condomínio Granville",
        "place": "suburb",
        "source": "mapa pref.",
        "type": "boundary",
        "id": "relation/17052105"
      },
      "geometry": {
        "type": "Polygon",
        "coordinates": [
          [
            [
              -40.4942431,
              -9.4053284
            ],
            [
              -40.4909655,
              -9.4053284
            ],
            [
              -40.4909655,
              -9.4023215
            ],
            [
              -40.4942431,
              -9.4023215
            ],
            [
              -40.4942431,
              -9.4053284
            ]
          ]
        ]
      }
    },
    {
      "type": "Feature",
      "id": "relation/17052467",
      "properties": {
        "admin_level": "10",
        "boundary": "administrative",
        "name": "Vila dos Ingás II",
        "place": "suburb",
        "source": "map pref.",
        "type": "boundary",
        "id": "relation/17052467"
      },
      "geometry": {
        "type": "Polygon",
        "coordinates": [
          [
            [
              -40.4909651,
              -9.4023211
            ],
            [
              -40.4850442,
              -9.4023211
            ],
            [
              -40.4850442,
              -9.3988851
            ],
            [
              -40.4909651,
              -9.3988851
            ],
            [
              -40.4909651,
              -9.4023211
            ]
          ]
        ]
      }
    },
    {
      "type": "Feature",
      "id": "relation/17052476",
      "properties": {
        "admin_level": "10",
        "boundary": "administrative",
        "name": "Vila Dos Ingás I",
        "place": "suburb",
        "source": "mapa pref.",
        "type": "boundary",
        "id": "relation/17052476"
      },
      "geometry": {
        "type": "Polygon",
        "coordinates": [
          [
            [
              -40.4855927,
              -9.4007891
            ],
            [
              -40.4808617,
              -9.4007891
            ],
            [
              -40.4808617,
              -9.3966842
            ],
            [
              -40.4855927,
              -9.3966842
            ],
            [
              -40.4855927,
              -9.4007891
            ]
          ]
        ]
      }
    },
    {
      "type": "Feature",
      "id": "relation/17052518",
      "properties": {
        "admin_level": "10",
        "boundary": "administrative",
        "name": "Condomínio Iate Club",
        "place": "suburb",
        "source": "mapa pref.",
        "type": "boundary",
        "id": "relation/17052518"
      },
      "geometry": {
        "type": "Polygon",
        "coordinates": [
          [
            [
              -40.4859143,
              -9.4079521
            ],
            [
              -40.4829256,
              -9.4079521
            ],
            [
              -40.4829256,
              -9.400105
            ],
            [
              -40.4859143,
              -9.400105
            ],
            [
              -40.4859143,
              -9.4079521
            ]
          ]
        ]
      }
    },
    {
      "type": "Feature",
      "id": "relation/17052527",
      "properties": {
        "admin_level": "10",
        "boundary": "administrative",
        "name": "Condomínio Água Viva",
        "place": "suburb",
        "source": "mapa pref.",
        "type": "boundary",
        "id": "relation/17052527"
      },
      "geometry": {
        "type": "Polygon",
        "coordinates": [
          [
            [
              -40.4831755,
              -9.407199
            ],
            [
              -40.4810692,
              -9.407199
            ],
            [
              -40.4810692,
              -9.4001281
            ],
            [
              -40.4831755,
              -9.4001281
            ],
            [
              -40.4831755,
              -9.407199
            ]
          ]
        ]
      }
    },
    {
      "type": "Feature",
      "id": "relation/17052567",
      "properties": {
        "admin_level": "10",
        "boundary": "administrative",
        "name": "Condomínio Portal das Águas",
        "place": "suburb",
        "source": "mapa pref.",
        "type": "boundary",
        "id": "relation/17052567"
      },
      "geometry": {
        "type": "Polygon",
        "coordinates": [
          [
            [
              -40.4789045,
              -9.4090782
            ],
            [
              -40.4724044,
              -9.4090782
            ],
            [
              -40.4724044,
              -9.4005572
            ],
            [
              -40.4789045,
              -9.4005572
            ],
            [
              -40.4789045,
              -9.4090782
            ]
          ]
        ]
      }
    },
    {
      "type": "Feature",
      "id": "relation/17052572",
      "properties": {
        "admin_level": "10",
        "boundary": "administrative",
        "name": "Condomínio Sol Nascente Orla",
        "place": "suburb",
        "source": "mapa pref.",
        "type": "boundary",
        "id": "relation/17052572"
      },
      "geometry": {
        "type": "Polygon",
        "coordinates": [
          [
            [
              -40.4709687,
              -9.403425
            ],
            [
              -40.4650134,
              -9.403425
            ],
            [
              -40.4650134,
              -9.3981642
            ],
            [
              -40.4709687,
              -9.3981642
            ],
            [
              -40.4709687,
              -9.403425
            ]
          ]
        ]
      }
    },
    {
      "type": "Feature",
      "id": "relation/17052575",
      "properties": {
        "admin_level": "10",
        "boundary": "administrative",
        "name": "Condomínio Park Jatobá",
        "place": "suburb",
        "source": "mapa pref.",
        "type": "boundary",
        "id": "relation/17052575"
      },
      "geometry": {
        "type": "Polygon",
        "coordinates": [
          [
            [
              -40.4685904,
              -9.4024008
            ],
            [
              -40.4615592,
              -9.4024008
            ],
            [
              -40.4615592,
              -9.3969724
            ],
            [
              -40.4685904,
              -9.3969724
            ],
            [
              -40.4685904,
              -9.4024008
            ]
          ]
        ]
      }
    },
    {
      "type": "Feature",
      "id": "relation/17065843",
      "properties": {
        "admin_level": "10",
        "boundary": "administrative",
        "name": "Loteamento Eduardo",
        "place": "suburb",
        "source": "mapa pref.",
        "type": "boundary",
        "id": "relation/17065843"
      },
      "geometry": {
        "type": "Polygon",
        "coordinates": [
          [
            [
              -40.4895676,
              -9.3941714
            ],
            [
              -40.486342,
              -9.3941714
            ],
            [
              -40.486342,
              -9.3894491
            ],
            [
              -40.4895676,
              -9.3894491
            ],
            [
              -40.4895676,
              -9.3941714
            ]
          ]
        ]
      }
    },
    {
      "type": "Feature",
      "id": "relation/17065851",
      "properties": {
        "admin_level": "10",
        "boundary": "administrative",
        "name": "São José",
        "place": "suburb",
        "source": "mapa pref.",
        "type": "boundary",
        "id": "relation/17065851"
      },
      "geometry": {
        "type": "Polygon",
        "coordinates": [
          [
            [
              -40.490348,
              -9.3969347
            ],
            [
              -40.4839559,
              -9.3969347
            ],
            [
              -40.4839559,
              -9.3914904
            ],
            [
              -40.490348,
              -9.3914904
            ],
            [
              -40.490348,
              -9.3969347
            ]
          ]
        ]
      }
    },
    {
      "type": "Feature",
      "id": "relation/17065866",
      "properties": {
        "admin_level": "10",
        "boundary": "administrative",
        "name": "Colônia Imperial",
        "place": "suburb",
        "source": "mapa pref.",
        "type": "boundary",
        "id": "relation/17065866"
      },
      "geometry": {
        "type": "Polygon",
        "coordinates": [
          [
            [
              -40.4854189,
              -9.3979995
            ],
            [
              -40.4808616,
              -9.3979995
            ],
            [
              -40.4808616,
              -9.3923095
            ],
            [
              -40.4854189,
              -9.3923095
            ],
            [
              -40.4854189,
              -9.3979995
            ]
          ]
        ]
      }
    },
    {
      "type": "Feature",
      "id": "relation/17065868",
      "properties": {
        "boundary": "administrative",
        "name": "Vila dos Oficiais",
        "place": "suburb",
        "source": "mapa pref.",
        "type": "boundary",
        "id": "relation/17065868"
      },
      "geometry": {
        "type": "Polygon",
        "coordinates": [
          [
            [
              -40.4824332,
              -9.3957718
            ],
            [
              -40.4807536,
              -9.3957718
            ],
            [
              -40.4807536,
              -9.3911697
            ],
            [
              -40.4824332,
              -9.3911697
            ],
            [
              -40.4824332,
              -9.3957718
            ]
          ]
        ]
      }
    },
    {
      "type": "Feature",
      "id": "relation/17066413",
      "properties": {
        "admin_level": "10",
        "boundary": "administrative",
        "name": "Alto Cheiroso",
        "place": "suburb",
        "source": "mapa pref.",
        "type": "boundary",
        "id": "relation/17066413"
      },
      "geometry": {
        "type": "Polygon",
        "coordinates": [
          [
            [
              -40.4933385,
              -9.400272
            ],
            [
              -40.483989,
              -9.400272
            ],
            [
              -40.483989,
              -9.394422
            ],
            [
              -40.4933385,
              -9.394422
            ],
            [
              -40.4933385,
              -9.400272
            ]
          ]
        ]
      }
    },
    {
      "type": "Feature",
      "id": "relation/17070652",
      "properties": {
        "admin_level": "10",
        "boundary": "administrative",
        "name": "Condomínio Residencial Jatobá 1",
        "place": "suburb",
        "source": "mapa pref.",
        "type": "boundary",
        "id": "relation/17070652"
      },
      "geometry": {
        "type": "Polygon",
        "coordinates": [
          [
            [
              -40.466466,
              -9.3970032
            ],
            [
              -40.4651241,
              -9.3970032
            ],
            [
              -40.4651241,
              -9.3960706
            ],
            [
              -40.466466,
              -9.3960706
            ],
            [
              -40.466466,
              -9.3970032
            ]
          ]
        ]
      }
    },
    {
      "type": "Feature",
      "id": "relation/17070654",
      "properties": {
        "admin_level": "10",
        "boundary": "administrative",
        "name": "Condomínio Residencial Jatobá 2",
        "place": "suburb",
        "source": "mapa pref.",
        "type": "boundary",
        "id": "relation/17070654"
      },
      "geometry": {
        "type": "Polygon",
        "coordinates": [
          [
            [
              -40.4662738,
              -9.3968795
            ],
            [
              -40.4646345,
              -9.3968795
            ],
            [
              -40.4646345,
              -9.3957634
            ],
            [
              -40.4662738,
              -9.3957634
            ],
            [
              -40.4662738,
              -9.3968795
            ]
          ]
        ]
      }
    },
    {
      "type": "Feature",
      "id": "relation/17070659",
      "properties": {
        "admin_level": "10",
        "boundary": "administrative",
        "name": "Jatobá",
        "place": "suburb",
        "source": "mapa pref.",
        "type": "boundary",
        "id": "relation/17070659"
      },
      "geometry": {
        "type": "Polygon",
        "coordinates": [
          [
            [
              -40.4774101,
              -9.3979961
            ],
            [
              -40.4626783,
              -9.3979961
            ],
            [
              -40.4626783,
              -9.3873255
            ],
            [
              -40.4774101,
              -9.3873255
            ],
            [
              -40.4774101,
              -9.3979961
            ]
          ]
        ]
      }
    },
    {
      "type": "Feature",
      "id": "relation/17070663",
      "properties": {
        "admin_level": "10",
        "boundary": "administrative",
        "name": "Fernando Idalino",
        "place": "suburb",
        "source": "mapa pref.",
        "type": "boundary",
        "id": "relation/17070663"
      },
      "geometry": {
        "type": "Polygon",
        "coordinates": [
          [
            [
              -40.4752869,
              -9.3941507
            ],
            [
              -40.4641087,
              -9.3941507
            ],
            [
              -40.4641087,
              -9.3862894
            ],
            [
              -40.4752869,
              -9.3862894
            ],
            [
              -40.4752869,
              -9.3941507
            ]
          ]
        ]
      }
    },
    {
      "type": "Feature",
      "id": "relation/17070670",
      "properties": {
        "admin_level": "10",
        "boundary": "administrative",
        "name": "Rio Jordão",
        "place": "suburb",
        "source": "mapa pref.",
        "type": "boundary",
        "id": "relation/17070670"
      },
      "geometry": {
        "type": "Polygon",
        "coordinates": [
          [
            [
              -40.4738241,
              -9.3922198
            ],
            [
              -40.4643222,
              -9.3922198
            ],
            [
              -40.4643222,
              -9.3854653
            ],
            [
              -40.4738241,
              -9.3854653
            ],
            [
              -40.4738241,
              -9.3922198
            ]
          ]
        ]
      }
    },
    {
      "type": "Feature",
      "id": "relation/17071368",
      "properties": {
        "admin_level": "10",
        "boundary": "administrative",
        "name": "Loteamento Geovana",
        "place": "suburb",
        "source": "mapa pref.",
        "type": "boundary",
        "id": "relation/17071368"
      },
      "geometry": {
        "type": "Polygon",
        "coordinates": [
          [
            [
              -40.4726397,
              -9.3912229
            ],
            [
              -40.4634949,
              -9.3912229
            ],
            [
              -40.4634949,
              -9.3843635
            ],
            [
              -40.4726397,
              -9.3843635
            ],
            [
              -40.4726397,
              -9.3912229
            ]
          ]
        ]
      }
    },
    {
      "type": "Feature",
      "id": "relation/17071922",
      "properties": {
        "admin_level": "10",
        "boundary": "administrative",
        "name": "Loteamento Boa Vista",
        "place": "suburb",
        "source": "mapa pref.",
        "type": "boundary",
        "id": "relation/17071922"
      },
      "geometry": {
        "type": "Polygon",
        "coordinates": [
          [
            [
              -40.4682424,
              -9.38861
            ],
            [
              -40.4587263,
              -9.38861
            ],
            [
              -40.4587263,
              -9.3811537
            ],
            [
              -40.4682424,
              -9.3811537
            ],
            [
              -40.4682424,
              -9.38861
            ]
          ]
        ]
      }
    },
    {
      "type": "Feature",
      "id": "relation/17071936",
      "properties": {
        "admin_level": "10",
        "boundary": "administrative",
        "name": "Carneiro",
        "place": "suburb",
        "source": "mapa pref.",
        "type": "boundary",
        "id": "relation/17071936"
      },
      "geometry": {
        "type": "Polygon",
        "coordinates": [
          [
            [
              -40.4664619,
              -9.3915618
            ],
            [
              -40.4468986,
              -9.3915618
            ],
            [
              -40.4468986,
              -9.3692102
            ],
            [
              -40.4664619,
              -9.3692102
            ],
            [
              -40.4664619,
              -9.3915618
            ]
          ]
        ]
      }
    },
    {
      "type": "Feature",
      "id": "relation/17071994",
      "properties": {
        "admin_level": "10",
        "boundary": "administrative",
        "name": "Condomínio Eco Spa",
        "place": "suburb",
        "source": "mapa pref.",
        "type": "boundary",
        "id": "relation/17071994"
      },
      "geometry": {
        "type": "Polygon",
        "coordinates": [
          [
            [
              -40.4557285,
              -9.3745095
            ],
            [
              -40.4519729,
              -9.3745095
            ],
            [
              -40.4519729,
              -9.3709342
            ],
            [
              -40.4557285,
              -9.3709342
            ],
            [
              -40.4557285,
              -9.3745095
            ]
          ]
        ]
      }
    },
    {
      "type": "Feature",
      "id": "relation/17072000",
      "properties": {
        "admin_level": "10",
        "boundary": "administrative",
        "name": "Condomínio Vivendas do São Francisco - Estrada das Pedrinhas",
        "place": "suburb",
        "source": "mapa pref.",
        "type": "boundary",
        "id": "relation/17072000"
      },
      "geometry": {
        "type": "Polygon",
        "coordinates": [
          [
            [
              -40.4572281,
              -9.3779997
            ],
            [
              -40.4490234,
              -9.3779997
            ],
            [
              -40.4490234,
              -9.3727442
            ],
            [
              -40.4572281,
              -9.3727442
            ],
            [
              -40.4572281,
              -9.3779997
            ]
          ]
        ]
      }
    },
    {
      "type": "Feature",
      "id": "relation/17073874",
      "properties": {
        "admin_level": "10",
        "boundary": "administrative",
        "name": "Vila Vitória",
        "place": "suburb",
        "source": "mapa pref.",
        "type": "boundary",
        "id": "relation/17073874"
      },
      "geometry": {
        "type": "Polygon",
        "coordinates": [
          [
            [
              -40.4696631,
              -9.3907028
            ],
            [
              -40.4595192,
              -9.3907028
            ],
            [
              -40.4595192,
              -9.3824958
            ],
            [
              -40.4696631,
              -9.3824958
            ],
            [
              -40.4696631,
              -9.3907028
            ]
          ]
        ]
      }
    },
    {
      "type": "Feature",
      "id": "relation/17073875",
      "properties": {
        "admin_level": "10",
        "boundary": "administrative",
        "name": "Henrique Leite",
        "place": "suburb",
        "source": "mapa pref.",
        "type": "boundary",
        "id": "relation/17073875"
      },
      "geometry": {
        "type": "Polygon",
        "coordinates": [
          [
            [
              -40.4710507,
              -9.3923246
            ],
            [
              -40.4600934,
              -9.3923246
            ],
            [
              -40.4600934,
              -9.3834124
            ],
            [
              -40.4710507,
              -9.3834124
            ],
            [
              -40.4710507,
              -9.3923246
            ]
          ]
        ]
      }
    },
    {
      "type": "Feature",
      "id": "relation/17074032",
      "properties": {
        "admin_level": "10",
        "boundary": "administrative",
        "name": "Terras Alphaville",
        "place": "suburb",
        "source": "mapa pref.",
        "type": "boundary",
        "id": "relation/17074032"
      },
      "geometry": {
        "type": "Polygon",
        "coordinates": [
          [
            [
              -40.4598996,
              -9.3659766
            ],
            [
              -40.450065,
              -9.3659766
            ],
            [
              -40.450065,
              -9.3579038
            ],
            [
              -40.4598996,
              -9.3579038
            ],
            [
              -40.4598996,
              -9.3659766
            ]
          ]
        ]
      }
    },
    {
      "type": "Feature",
      "id": "relation/17074062",
      "properties": {
        "admin_level": "10",
        "boundary": "administrative",
        "name": "Condomínio Buona Vita",
        "place": "suburb",
        "source": "mapa pref.",
        "type": "boundary",
        "id": "relation/17074062"
      },
      "geometry": {
        "type": "Polygon",
        "coordinates": [
          [
            [
              -40.4715644,
              -9.3505721
            ],
            [
              -40.4593942,
              -9.3505721
            ],
            [
              -40.4593942,
              -9.3435906
            ],
            [
              -40.4715644,
              -9.3435906
            ],
            [
              -40.4715644,
              -9.3505721
            ]
          ]
        ]
      }
    },
    {
      "type": "Feature",
      "id": "relation/17074602",
      "properties": {
        "admin_level": "10",
        "boundary": "administrative",
        "name": "Santa Bárbara",
        "place": "suburb",
        "source": "mapa pref.",
        "type": "boundary",
        "id": "relation/17074602"
      },
      "geometry": {
        "type": "Polygon",
        "coordinates": [
          [
            [
              -40.4674729,
              -9.3555027
            ],
            [
              -40.4637061,
              -9.3555027
            ],
            [
              -40.4637061,
              -9.3511056
            ],
            [
              -40.4674729,
              -9.3511056
            ],
            [
              -40.4674729,
              -9.3555027
            ]
          ]
        ]
      }
    },
    {
      "type": "Feature",
      "id": "relation/17074629",
      "properties": {
        "admin_level": "10",
        "boundary": "administrative",
        "name": "Loteamento Recife",
        "place": "suburb",
        "source": "mapa pref.",
        "type": "boundary",
        "id": "relation/17074629"
      },
      "geometry": {
        "type": "Polygon",
        "coordinates": [
          [
            [
              -40.4887082,
              -9.3765205
            ],
            [
              -40.4711931,
              -9.3765205
            ],
            [
              -40.4711931,
              -9.3595262
            ],
            [
              -40.4887082,
              -9.3595262
            ],
            [
              -40.4887082,
              -9.3765205
            ]
          ]
        ]
      }
    },
    {
      "type": "Feature",
      "id": "relation/17074729",
      "properties": {
        "admin_level": "10",
        "boundary": "administrative",
        "name": "Vila Marcela",
        "place": "suburb",
        "source": "mapa pref.",
        "type": "boundary",
        "id": "relation/17074729"
      },
      "geometry": {
        "type": "Polygon",
        "coordinates": [
          [
            [
              -40.4803035,
              -9.3618471
            ],
            [
              -40.4727213,
              -9.3618471
            ],
            [
              -40.4727213,
              -9.3546269
            ],
            [
              -40.4803035,
              -9.3546269
            ],
            [
              -40.4803035,
              -9.3618471
            ]
          ]
        ]
      }
    },
    {
      "type": "Feature",
      "id": "relation/17074750",
      "properties": {
        "admin_level": "10",
        "boundary": "administrative",
        "name": "Loteamento Vila Nova",
        "place": "suburb",
        "source": "mapa pref.",
        "type": "boundary",
        "id": "relation/17074750"
      },
      "geometry": {
        "type": "Polygon",
        "coordinates": [
          [
            [
              -40.4777642,
              -9.3655054
            ],
            [
              -40.4614177,
              -9.3655054
            ],
            [
              -40.4614177,
              -9.3464804
            ],
            [
              -40.4777642,
              -9.3464804
            ],
            [
              -40.4777642,
              -9.3655054
            ]
          ]
        ]
      }
    },
    {
      "type": "Feature",
      "id": "relation/17074791",
      "properties": {
        "admin_level": "10",
        "boundary": "administrative",
        "name": "Boa Esperança - Estrada das Pedrinhas",
        "place": "suburb",
        "source": "mapa pref.",
        "type": "boundary",
        "id": "relation/17074791"
      },
      "geometry": {
        "type": "Polygon",
        "coordinates": [
          [
            [
              -40.4735427,
              -9.375384
            ],
            [
              -40.431892,
              -9.375384
            ],
            [
              -40.431892,
              -9.3270606
            ],
            [
              -40.4735427,
              -9.3270606
            ],
            [
              -40.4735427,
              -9.375384
            ]
          ]
        ]
      }
    },
    {
      "type": "Feature",
      "id": "relation/17074816",
      "properties": {
        "admin_level": "10",
        "boundary": "administrative",
        "name": "Serrote do Urubu",
        "place": "suburb",
        "source": "mapa pref.",
        "type": "boundary",
        "id": "relation/17074816"
      },
      "geometry": {
        "type": "Polygon",
        "coordinates": [
          [
            [
              -40.4533229,
              -9.3720181
            ],
            [
              -40.3760733,
              -9.3720181
            ],
            [
              -40.3760733,
              -9.3395264
            ],
            [
              -40.4533229,
              -9.3395264
            ],
            [
              -40.4533229,
              -9.3720181
            ]
          ]
        ]
      }
    },
    {
      "type": "Feature",
      "id": "relation/17074835",
      "properties": {
        "admin_level": "10",
        "boundary": "administrative",
        "name": "Residencial Monsenhor Bernadino",
        "place": "suburb",
        "source": "mapa pref.",
        "type": "boundary",
        "id": "relation/17074835"
      },
      "geometry": {
        "type": "Polygon",
        "coordinates": [
          [
            [
              -40.4802191,
              -9.3412304
            ],
            [
              -40.4699899,
              -9.3412304
            ],
            [
              -40.4699899,
              -9.3331608
            ],
            [
              -40.4802191,
              -9.3331608
            ],
            [
              -40.4802191,
              -9.3412304
            ]
          ]
        ]
      }
    },
    {
      "type": "Feature",
      "id": "relation/17075204",
      "properties": {
        "admin_level": "10",
        "boundary": "administrative",
        "name": "Residencial Vivendas I",
        "place": "suburb",
        "source": "map pref.",
        "type": "boundary",
        "id": "relation/17075204"
      },
      "geometry": {
        "type": "Polygon",
        "coordinates": [
          [
            [
              -40.4686173,
              -9.3205922
            ],
            [
              -40.4637947,
              -9.3205922
            ],
            [
              -40.4637947,
              -9.3145491
            ],
            [
              -40.4686173,
              -9.3145491
            ],
            [
              -40.4686173,
              -9.3205922
            ]
          ]
        ]
      }
    },
    {
      "type": "Feature",
      "id": "relation/17075211",
      "properties": {
        "admin_level": "10",
        "boundary": "administrative",
        "name": "Residencial Vivendas II",
        "place": "suburb",
        "source": "mapa pref.",
        "type": "boundary",
        "id": "relation/17075211"
      },
      "geometry": {
        "type": "Polygon",
        "coordinates": [
          [
            [
              -40.4690125,
              -9.3172692
            ],
            [
              -40.4651461,
              -9.3172692
            ],
            [
              -40.4651461,
              -9.3123501
            ],
            [
              -40.4690125,
              -9.3123501
            ],
            [
              -40.4690125,
              -9.3172692
            ]
          ]
        ]
      }
    },
    {
      "type": "Feature",
      "id": "relation/17075216",
      "properties": {
        "admin_level": "10",
        "boundary": "administrative",
        "name": "Condomínio Vale do Sol",
        "place": "suburb",
        "source": "mapa pref.",
        "type": "boundary",
        "id": "relation/17075216"
      },
      "geometry": {
        "type": "Polygon",
        "coordinates": [
          [
            [
              -40.4703101,
              -9.3193628
            ],
            [
              -40.4673047,
              -9.3193628
            ],
            [
              -40.4673047,
              -9.3162375
            ],
            [
              -40.4703101,
              -9.3162375
            ],
            [
              -40.4703101,
              -9.3193628
            ]
          ]
        ]
      }
    },
    {
      "type": "Feature",
      "id": "relation/17075234",
      "properties": {
        "admin_level": "10",
        "boundary": "administrative",
        "name": "Topázio",
        "place": "suburb",
        "source": "mapa pref.",
        "type": "boundary",
        "id": "relation/17075234"
      },
      "geometry": {
        "type": "Polygon",
        "coordinates": [
          [
            [
              -40.518423,
              -9.3553564
            ],
            [
              -40.4617222,
              -9.3553564
            ],
            [
              -40.4617222,
              -9.318347
            ],
            [
              -40.518423,
              -9.318347
            ],
            [
              -40.518423,
              -9.3553564
            ]
          ]
        ]
      }
    },
    {
      "type": "Feature",
      "id": "relation/17075243",
      "properties": {
        "admin_level": "10",
        "boundary": "administrative",
        "name": "Condomínio Brisas do Rio - Estrada da Tapera",
        "place": "suburb",
        "source": "mapa pref.",
        "type": "boundary",
        "id": "relation/17075243"
      },
      "geometry": {
        "type": "Polygon",
        "coordinates": [
          [
            [
              -40.5739561,
              -9.4512556
            ],
            [
              -40.5715694,
              -9.4512556
            ],
            [
              -40.5715694,
              -9.4478077
            ],
            [
              -40.5739561,
              -9.4478077
            ],
            [
              -40.5739561,
              -9.4512556
            ]
          ]
        ]
      }
    },
    {
      "type": "Feature",
      "id": "relation/17075246",
      "properties": {
        "admin_level": "10",
        "boundary": "administrative",
        "name": "Condomínio Monte Carlo - Estrada da Tapera",
        "place": "suburb",
        "source": "mapa pref",
        "type": "boundary",
        "id": "relation/17075246"
      },
      "geometry": {
        "type": "Polygon",
        "coordinates": [
          [
            [
              -40.5772637,
              -9.4487808
            ],
            [
              -40.5716555,
              -9.4487808
            ],
            [
              -40.5716555,
              -9.4412186
            ],
            [
              -40.5772637,
              -9.4412186
            ],
            [
              -40.5772637,
              -9.4487808
            ]
          ]
        ]
      }
    },
    {
      "type": "Feature",
      "id": "relation/17075263",
      "properties": {
        "admin_level": "10",
        "boundary": "administrative",
        "name": "Condomínio Paraíso das Águas",
        "place": "suburb",
        "source": "mapa pref.",
        "type": "boundary",
        "id": "relation/17075263"
      },
      "geometry": {
        "type": "Polygon",
        "coordinates": [
          [
            [
              -40.5626532,
              -9.4492712
            ],
            [
              -40.5600865,
              -9.4492712
            ],
            [
              -40.5600865,
              -9.4420762
            ],
            [
              -40.5626532,
              -9.4420762
            ],
            [
              -40.5626532,
              -9.4492712
            ]
          ]
        ]
      }
    },
    {
      "type": "Feature",
      "id": "relation/17075903",
      "properties": {
        "admin_level": "10",
        "boundary": "administrative",
        "name": "Vila Massangano",
        "place": "suburb",
        "source": "mapa pref.",
        "type": "boundary",
        "id": "relation/17075903"
      },
      "geometry": {
        "type": "Polygon",
        "coordinates": [
          [
            [
              -40.5719747,
              -9.4447945
            ],
            [
              -40.5571136,
              -9.4447945
            ],
            [
              -40.5571136,
              -9.4346215
            ],
            [
              -40.5719747,
              -9.4346215
            ],
            [
              -40.5719747,
              -9.4447945
            ]
          ]
        ]
      }
    },
    {
      "type": "Feature",
      "id": "relation/17075946",
      "properties": {
        "admin_level": "10",
        "boundary": "administrative",
        "name": "Condomínio Vivendas do Rio - Estrada da Tapera",
        "place": "suburb",
        "source": "mapa pref.",
        "type": "boundary",
        "id": "relation/17075946"
      },
      "geometry": {
        "type": "Polygon",
        "coordinates": [
          [
            [
              -40.5562383,
              -9.4420854
            ],
            [
              -40.5507232,
              -9.4420854
            ],
            [
              -40.5507232,
              -9.4374498
            ],
            [
              -40.5562383,
              -9.4374498
            ],
            [
              -40.5562383,
              -9.4420854
            ]
          ]
        ]
      }
    },
    {
      "type": "Feature",
      "id": "relation/17075952",
      "properties": {
        "admin_level": "10",
        "boundary": "administrative",
        "name": "Condomínio Vida Viva - Estrada da Tapera",
        "place": "suburb",
        "source": "mapa pref.",
        "type": "boundary",
        "id": "relation/17075952"
      },
      "geometry": {
        "type": "Polygon",
        "coordinates": [
          [
            [
              -40.5575318,
              -9.443866
            ],
            [
              -40.5526817,
              -9.443866
            ],
            [
              -40.5526817,
              -9.4391627
            ],
            [
              -40.5575318,
              -9.4391627
            ],
            [
              -40.5575318,
              -9.443866
            ]
          ]
        ]
      }
    },
    {
      "type": "Feature",
      "id": "relation/17075962",
      "properties": {
        "admin_level": "10",
        "boundary": "administrative",
        "name": "Condomínio Rio Verde - Estrada da Tapera",
        "place": "suburb",
        "source": "mapa pref.",
        "type": "boundary",
        "id": "relation/17075962"
      },
      "geometry": {
        "type": "Polygon",
        "coordinates": [
          [
            [
              -40.5465699,
              -9.4216818
            ],
            [
              -40.5431983,
              -9.4216818
            ],
            [
              -40.5431983,
              -9.4178904
            ],
            [
              -40.5465699,
              -9.4178904
            ],
            [
              -40.5465699,
              -9.4216818
            ]
          ]
        ]
      }
    },
    {
      "type": "Feature",
      "id": "relation/17075980",
      "properties": {
        "admin_level": "10",
        "boundary": "administrative",
        "name": "Condomínio Santorini - Estrada da Tapera",
        "place": "suburb",
        "source": "mapa pref.",
        "type": "boundary",
        "id": "relation/17075980"
      },
      "geometry": {
        "type": "Polygon",
        "coordinates": [
          [
            [
              -40.5800668,
              -9.4490672
            ],
            [
              -40.5745212,
              -9.4490672
            ],
            [
              -40.5745212,
              -9.4373585
            ],
            [
              -40.5800668,
              -9.4373585
            ],
            [
              -40.5800668,
              -9.4490672
            ]
          ]
        ]
      }
    },
    {
      "type": "Feature",
      "id": "relation/17078736",
      "properties": {
        "admin_level": "10",
        "boundary": "administrative",
        "name": "Dona Alexandrina",
        "place": "suburb",
        "source": "mapa pref.",
        "type": "boundary",
        "id": "relation/17078736"
      },
      "geometry": {
        "type": "Polygon",
        "coordinates": [
          [
            [
              -40.4891245,
              -9.3709964
            ],
            [
              -40.4847906,
              -9.3709964
            ],
            [
              -40.4847906,
              -9.3660839
            ],
            [
              -40.4891245,
              -9.3660839
            ],
            [
              -40.4891245,
              -9.3709964
            ]
          ]
        ]
      }
    },
    {
      "type": "Feature",
      "id": "relation/17078739",
      "properties": {
        "admin_level": "10",
        "boundary": "administrative",
        "name": "Ipsep I",
        "place": "suburb",
        "source": "mapa pref.",
        "type": "boundary",
        "id": "relation/17078739"
      },
      "geometry": {
        "type": "Polygon",
        "coordinates": [
          [
            [
              -40.4873682,
              -9.3681814
            ],
            [
              -40.4835432,
              -9.3681814
            ],
            [
              -40.4835432,
              -9.3643873
            ],
            [
              -40.4873682,
              -9.3643873
            ],
            [
              -40.4873682,
              -9.3681814
            ]
          ]
        ]
      }
    },
    {
      "type": "Feature",
      "id": "relation/17078830",
      "properties": {
        "admin_level": "10",
        "boundary": "administrative",
        "name": "Vila Débora",
        "place": "suburb",
        "source": "mapa pref.",
        "type": "boundary",
        "id": "relation/17078830"
      },
      "geometry": {
        "type": "Polygon",
        "coordinates": [
          [
            [
              -40.4868688,
              -9.3657747
            ],
            [
              -40.4803044,
              -9.3657747
            ],
            [
              -40.4803044,
              -9.3580366
            ],
            [
              -40.4868688,
              -9.3580366
            ],
            [
              -40.4868688,
              -9.3657747
            ]
          ]
        ]
      }
    },
    {
      "type": "Feature",
      "id": "relation/17079206",
      "properties": {
        "admin_level": "10",
        "boundary": "administrative",
        "name": "Cohab São Francisco",
        "place": "suburb",
        "source": "mapa pref.",
        "type": "boundary",
        "id": "relation/17079206"
      },
      "geometry": {
        "type": "Polygon",
        "coordinates": [
          [
            [
              -40.5513315,
              -9.4036005
            ],
            [
              -40.5416618,
              -9.4036005
            ],
            [
              -40.5416618,
              -9.3974786
            ],
            [
              -40.5513315,
              -9.3974786
            ],
            [
              -40.5513315,
              -9.4036005
            ]
          ]
        ]
      }
    },
    {
      "type": "Feature",
      "id": "relation/17079365",
      "properties": {
        "admin_level": "10",
        "boundary": "administrative",
        "name": "Jardim Guararapes",
        "place": "suburb",
        "source": "mapa pref.",
        "type": "boundary",
        "id": "relation/17079365"
      },
      "geometry": {
        "type": "Polygon",
        "coordinates": [
          [
            [
              -40.5626081,
              -9.4167533
            ],
            [
              -40.5461212,
              -9.4167533
            ],
            [
              -40.5461212,
              -9.4035774
            ],
            [
              -40.5626081,
              -9.4035774
            ],
            [
              -40.5626081,
              -9.4167533
            ]
          ]
        ]
      }
    },
    {
      "type": "Feature",
      "id": "relation/17083771",
      "properties": {
        "admin_level": "10",
        "boundary": "administrative",
        "name": "Pedra do Bode",
        "place": "suburb",
        "source": "mapa pref.",
        "type": "boundary",
        "id": "relation/17083771"
      },
      "geometry": {
        "type": "Polygon",
        "coordinates": [
          [
            [
              -40.496027,
              -9.4093398
            ],
            [
              -40.4597881,
              -9.4093398
            ],
            [
              -40.4597881,
              -9.3961103
            ],
            [
              -40.496027,
              -9.3961103
            ],
            [
              -40.496027,
              -9.4093398
            ]
          ]
        ]
      }
    },
    {
      "type": "Feature",
      "id": "relation/19483561",
      "properties": {
        "admin_level": "10",
        "boundary": "administrative",
        "name": "Divisa",
        "place": "suburb",
        "source": "mapa do licenciado",
        "type": "boundary",
        "id": "relation/19483561"
      },
      "geometry": {
        "type": "Polygon",
        "coordinates": [
          [
            [
              -34.9879784,
              -7.5047777
            ],
            [
              -34.9793693,
              -7.5047777
            ],
            [
              -34.9793693,
              -7.4912907
            ],
            [
              -34.9879784,
              -7.4912907
            ],
            [
              -34.9879784,
              -7.5047777
            ]
          ]
        ]
      }
    },
    {
      "type": "Feature",
      "id": "relation/19750687",
      "properties": {
        "admin_level": "10",
        "boundary": "administrative",
        "name": "pede.ai",
        "place": "suburb",
        "source": "mapa do licenciado",
        "type": "boundary",
        "id": "relation/19750687"
      },
      "geometry": {
        "type": "Polygon",
        "coordinates": [
          [
            [
              -40.5101853,
              -9.385799
            ],
            [
              -40.5098724,
              -9.385799
            ],
            [
              -40.5098724,
              -9.3854958
            ],
            [
              -40.5101853,
              -9.3854958
            ],
            [
              -40.5101853,
              -9.385799
            ]
          ]
        ]
      }
    },
    {
      "type": "Feature",
      "id": "relation/20190472",
      "properties": {
        "admin_level": "10",
        "boundary": "administrative",
        "name": "Vila do Ouro",
        "place": "neighbourhood",
        "type": "boundary",
        "id": "relation/20190472"
      },
      "geometry": {
        "type": "Polygon",
        "coordinates": [
          [
            [
              -35.3818288,
              -7.9512975
            ],
            [
              -35.3755903,
              -7.9512975
            ],
            [
              -35.3755903,
              -7.9418468
            ],
            [
              -35.3818288,
              -7.9418468
            ],
            [
              -35.3818288,
              -7.9512975
            ]
          ]
        ]
      }
    },
    {
      "type": "Feature",
      "id": "relation/20306093",
      "properties": {
        "admin_level": "10",
        "boundary": "administrative",
        "name": "Caatinguinha",
        "place": "suburb",
        "source": "mapa do licenciado",
        "type": "boundary",
        "id": "relation/20306093"
      },
      "geometry": {
        "type": "Polygon",
        "coordinates": [
          [
            [
              -39.3416272,
              -8.5223954
            ],
            [
              -39.3362038,
              -8.5223954
            ],
            [
              -39.3362038,
              -8.5138315
            ],
            [
              -39.3416272,
              -8.5138315
            ],
            [
              -39.3416272,
              -8.5223954
            ]
          ]
        ]
      }
    },
    {
      "type": "Feature",
      "id": "relation/20306098",
      "properties": {
        "admin_level": "10",
        "boundary": "administrative",
        "name": "Lameirão",
        "place": "suburb",
        "source": "mapa do licenciado",
        "type": "boundary",
        "id": "relation/20306098"
      },
      "geometry": {
        "type": "Polygon",
        "coordinates": [
          [
            [
              -39.3698774,
              -8.5152338
            ],
            [
              -39.358635,
              -8.5152338
            ],
            [
              -39.358635,
              -8.5068238
            ],
            [
              -39.3698774,
              -8.5068238
            ],
            [
              -39.3698774,
              -8.5152338
            ]
          ]
        ]
      }
    },
    {
      "type": "Feature",
      "id": "relation/20306374",
      "properties": {
        "admin_level": "10",
        "boundary": "administrative",
        "name": "Caatinga Grande",
        "place": "suburb",
        "source": "mapa do licenciado",
        "type": "boundary",
        "id": "relation/20306374"
      },
      "geometry": {
        "type": "Polygon",
        "coordinates": [
          [
            [
              -39.3207831,
              -8.5416134
            ],
            [
              -39.3074944,
              -8.5416134
            ],
            [
              -39.3074944,
              -8.5322055
            ],
            [
              -39.3207831,
              -8.5322055
            ],
            [
              -39.3207831,
              -8.5416134
            ]
          ]
        ]
      }
    },
    {
      "type": "Feature",
      "id": "relation/20306377",
      "properties": {
        "admin_level": "10",
        "boundary": "administrative",
        "name": "Bozano",
        "place": "suburb",
        "source": "mapa do licenciado",
        "type": "boundary",
        "id": "relation/20306377"
      },
      "geometry": {
        "type": "Polygon",
        "coordinates": [
          [
            [
              -39.3275921,
              -8.5045427
            ],
            [
              -39.3201484,
              -8.5045427
            ],
            [
              -39.3201484,
              -8.494878
            ],
            [
              -39.3275921,
              -8.494878
            ],
            [
              -39.3275921,
              -8.5045427
            ]
          ]
        ]
      }
    },
    {
      "type": "Feature",
      "id": "relation/20306423",
      "properties": {
        "admin_level": "10",
        "boundary": "administrative",
        "name": "Temperatura",
        "place": "suburb",
        "source": "mapa do licenciado",
        "type": "boundary",
        "id": "relation/20306423"
      },
      "geometry": {
        "type": "Polygon",
        "coordinates": [
          [
            [
              -39.3218704,
              -8.50746
            ],
            [
              -39.3122524,
              -8.50746
            ],
            [
              -39.3122524,
              -8.4968342
            ],
            [
              -39.3218704,
              -8.4968342
            ],
            [
              -39.3218704,
              -8.50746
            ]
          ]
        ]
      }
    },
    {
      "type": "Feature",
      "id": "relation/20306474",
      "properties": {
        "admin_level": "10",
        "boundary": "administrative",
        "name": "Bonitinho",
        "place": "suburb",
        "source": "mapa do licenciado",
        "type": "boundary",
        "id": "relation/20306474"
      },
      "geometry": {
        "type": "Polygon",
        "coordinates": [
          [
            [
              -39.316728,
              -8.5031873
            ],
            [
              -39.3128096,
              -8.5031873
            ],
            [
              -39.3128096,
              -8.4978084
            ],
            [
              -39.316728,
              -8.4978084
            ],
            [
              -39.316728,
              -8.5031873
            ]
          ]
        ]
      }
    },
    {
      "type": "Feature",
      "id": "relation/20306481",
      "properties": {
        "admin_level": "10",
        "boundary": "administrative",
        "name": "Maria Luiza",
        "place": "suburb",
        "source": "mapa do licenciado",
        "type": "boundary",
        "id": "relation/20306481"
      },
      "geometry": {
        "type": "Polygon",
        "coordinates": [
          [
            [
              -39.3145445,
              -8.5089134
            ],
            [
              -39.3021182,
              -8.5089134
            ],
            [
              -39.3021182,
              -8.4927588
            ],
            [
              -39.3145445,
              -8.4927588
            ],
            [
              -39.3145445,
              -8.5089134
            ]
          ]
        ]
      }
    },
    {
      "type": "Feature",
      "id": "relation/20306486",
      "properties": {
        "admin_level": "10",
        "boundary": "administrative",
        "name": "Santa Rita",
        "place": "suburb",
        "source": "mapa do licenciado",
        "type": "boundary",
        "id": "relation/20306486"
      },
      "geometry": {
        "type": "Polygon",
        "coordinates": [
          [
            [
              -39.3100334,
              -8.5093932
            ],
            [
              -39.3052118,
              -8.5093932
            ],
            [
              -39.3052118,
              -8.5040384
            ],
            [
              -39.3100334,
              -8.5040384
            ],
            [
              -39.3100334,
              -8.5093932
            ]
          ]
        ]
      }
    },
    {
      "type": "Feature",
      "id": "relation/20306543",
      "properties": {
        "admin_level": "10",
        "boundary": "administrative",
        "name": "Pedro Quirino",
        "place": "suburb",
        "source": "mapa do licenciado",
        "type": "boundary",
        "id": "relation/20306543"
      },
      "geometry": {
        "type": "Polygon",
        "coordinates": [
          [
            [
              -39.3068695,
              -8.5104456
            ],
            [
              -39.2998274,
              -8.5104456
            ],
            [
              -39.2998274,
              -8.5047862
            ],
            [
              -39.3068695,
              -8.5047862
            ],
            [
              -39.3068695,
              -8.5104456
            ]
          ]
        ]
      }
    },
    {
      "type": "Feature",
      "id": "relation/20306544",
      "properties": {
        "admin_level": "10",
        "boundary": "administrative",
        "name": "Subestação",
        "place": "suburb",
        "source": "mapa do licenciado",
        "type": "boundary",
        "id": "relation/20306544"
      },
      "geometry": {
        "type": "Polygon",
        "coordinates": [
          [
            [
              -39.3053921,
              -8.5188471
            ],
            [
              -39.2983591,
              -8.5188471
            ],
            [
              -39.2983591,
              -8.5107053
            ],
            [
              -39.3053921,
              -8.5107053
            ],
            [
              -39.3053921,
              -8.5188471
            ]
          ]
        ]
      }
    },
    {
      "type": "Feature",
      "id": "relation/20306547",
      "properties": {
        "admin_level": "10",
        "boundary": "administrative",
        "name": "Vila Ipa",
        "place": "suburb",
        "source": "mapa do licenciado",
        "type": "boundary",
        "id": "relation/20306547"
      },
      "geometry": {
        "type": "Polygon",
        "coordinates": [
          [
            [
              -39.3068003,
              -8.5202228
            ],
            [
              -39.3011531,
              -8.5202228
            ],
            [
              -39.3011531,
              -8.5141187
            ],
            [
              -39.3068003,
              -8.5141187
            ],
            [
              -39.3068003,
              -8.5202228
            ]
          ]
        ]
      }
    },
    {
      "type": "Feature",
      "id": "relation/20306550",
      "properties": {
        "admin_level": "10",
        "boundary": "administrative",
        "name": "Loteamento Rocha",
        "place": "suburb",
        "source": "mapa do licenciado",
        "type": "boundary",
        "id": "relation/20306550"
      },
      "geometry": {
        "type": "Polygon",
        "coordinates": [
          [
            [
              -39.308003,
              -8.5196604
            ],
            [
              -39.305273,
              -8.5196604
            ],
            [
              -39.305273,
              -8.5156869
            ],
            [
              -39.308003,
              -8.5156869
            ],
            [
              -39.308003,
              -8.5196604
            ]
          ]
        ]
      }
    },
    {
      "type": "Feature",
      "id": "relation/20306587",
      "properties": {
        "admin_level": "10",
        "boundary": "administrative",
        "name": "Beira Rio",
        "place": "suburb",
        "source": "mapa dpo licenciado",
        "type": "boundary",
        "id": "relation/20306587"
      },
      "geometry": {
        "type": "Polygon",
        "coordinates": [
          [
            [
              -39.3098506,
              -8.5218472
            ],
            [
              -39.3061483,
              -8.5218472
            ],
            [
              -39.3061483,
              -8.5174108
            ],
            [
              -39.3098506,
              -8.5174108
            ],
            [
              -39.3098506,
              -8.5218472
            ]
          ]
        ]
      }
    },
    {
      "type": "Feature",
      "id": "relation/20306591",
      "properties": {
        "admin_level": "10",
        "boundary": "administrative",
        "name": "Vila do Gás",
        "place": "suburb",
        "source": "mapa do licenciado",
        "type": "boundary",
        "id": "relation/20306591"
      },
      "geometry": {
        "type": "Polygon",
        "coordinates": [
          [
            [
              -39.3067509,
              -8.5141545
            ],
            [
              -39.3035609,
              -8.5141545
            ],
            [
              -39.3035609,
              -8.510589
            ],
            [
              -39.3067509,
              -8.510589
            ],
            [
              -39.3067509,
              -8.5141545
            ]
          ]
        ]
      }
    },
    {
      "type": "Feature",
      "id": "relation/20306594",
      "properties": {
        "admin_level": "10",
        "boundary": "administrative",
        "name": "Centro",
        "place": "suburb",
        "source": "mapa do licenciado",
        "type": "boundary",
        "id": "relation/20306594"
      },
      "geometry": {
        "type": "Polygon",
        "coordinates": [
          [
            [
              -39.314534,
              -8.5184849
            ],
            [
              -39.3042504,
              -8.5184849
            ],
            [
              -39.3042504,
              -8.5070014
            ],
            [
              -39.314534,
              -8.5070014
            ],
            [
              -39.314534,
              -8.5184849
            ]
          ]
        ]
      }
    },
    {
      "type": "Feature",
      "id": "relation/20306636",
      "properties": {
        "admin_level": "10",
        "boundary": "administrative",
        "name": "Alto do Cemitério",
        "place": "suburb",
        "source": "mapa do licenciado",
        "type": "boundary",
        "id": "relation/20306636"
      },
      "geometry": {
        "type": "Polygon",
        "coordinates": [
          [
            [
              -39.316236,
              -8.5131618
            ],
            [
              -39.3133043,
              -8.5131618
            ],
            [
              -39.3133043,
              -8.5085641
            ],
            [
              -39.316236,
              -8.5085641
            ],
            [
              -39.316236,
              -8.5131618
            ]
          ]
        ]
      }
    },
    {
      "type": "Feature",
      "id": "relation/20306641",
      "properties": {
        "admin_level": "10",
        "boundary": "administrative",
        "name": "Ipsep",
        "place": "suburb",
        "source": "mapa do licenciado",
        "type": "boundary",
        "id": "relation/20306641"
      },
      "geometry": {
        "type": "Polygon",
        "coordinates": [
          [
            [
              -39.3199087,
              -8.5093047
            ],
            [
              -39.3139456,
              -8.5093047
            ],
            [
              -39.3139456,
              -8.5055661
            ],
            [
              -39.3199087,
              -8.5055661
            ],
            [
              -39.3199087,
              -8.5093047
            ]
          ]
        ]
      }
    },
    {
      "type": "Feature",
      "id": "relation/20306649",
      "properties": {
        "admin_level": "10",
        "boundary": "administrative",
        "name": "Pedrinhas",
        "place": "suburb",
        "source": "mapa do licenciado",
        "type": "boundary",
        "id": "relation/20306649"
      },
      "geometry": {
        "type": "Polygon",
        "coordinates": [
          [
            [
              -39.3251561,
              -8.5187055
            ],
            [
              -39.3147795,
              -8.5187055
            ],
            [
              -39.3147795,
              -8.5095045
            ],
            [
              -39.3251561,
              -8.5095045
            ],
            [
              -39.3251561,
              -8.5187055
            ]
          ]
        ]
      }
    },
    {
      "type": "Feature",
      "id": "relation/20306657",
      "properties": {
        "admin_level": "10",
        "boundary": "administrative",
        "name": "Sem Teto",
        "place": "suburb",
        "source": "mapa do licenciado",
        "type": "boundary",
        "id": "relation/20306657"
      },
      "geometry": {
        "type": "Polygon",
        "coordinates": [
          [
            [
              -39.3203663,
              -8.5107093
            ],
            [
              -39.3161163,
              -8.5107093
            ],
            [
              -39.3161163,
              -8.5079445
            ],
            [
              -39.3203663,
              -8.5079445
            ],
            [
              -39.3203663,
              -8.5107093
            ]
          ]
        ]
      }
    },
    {
      "type": "Feature",
      "id": "relation/20306658",
      "properties": {
        "admin_level": "10",
        "boundary": "administrative",
        "name": "Cohab",
        "place": "suburb",
        "source": "mapa do licenciado",
        "type": "boundary",
        "id": "relation/20306658"
      },
      "geometry": {
        "type": "Polygon",
        "coordinates": [
          [
            [
              -39.322647,
              -8.5079432
            ],
            [
              -39.3192321,
              -8.5079432
            ],
            [
              -39.3192321,
              -8.5047127
            ],
            [
              -39.322647,
              -8.5047127
            ],
            [
              -39.322647,
              -8.5079432
            ]
          ]
        ]
      }
    },
    {
      "type": "Feature",
      "id": "relation/20306659",
      "properties": {
        "admin_level": "10",
        "boundary": "administrative",
        "name": "Vila das Flores",
        "place": "suburb",
        "source": "mapa do licenciado",
        "type": "boundary",
        "id": "relation/20306659"
      },
      "geometry": {
        "type": "Polygon",
        "coordinates": [
          [
            [
              -39.3259786,
              -8.5073648
            ],
            [
              -39.3218671,
              -8.5073648
            ],
            [
              -39.3218671,
              -8.5037899
            ],
            [
              -39.3259786,
              -8.5037899
            ],
            [
              -39.3259786,
              -8.5073648
            ]
          ]
        ]
      }
    },
    {
      "type": "Feature",
      "id": "relation/20306664",
      "properties": {
        "admin_level": "10",
        "boundary": "administrative",
        "name": "Vila Nova",
        "place": "suburb",
        "source": "mapa do licenciado",
        "type": "boundary",
        "id": "relation/20306664"
      },
      "geometry": {
        "type": "Polygon",
        "coordinates": [
          [
            [
              -39.3271396,
              -8.5140631
            ],
            [
              -39.3199095,
              -8.5140631
            ],
            [
              -39.3199095,
              -8.5068621
            ],
            [
              -39.3271396,
              -8.5068621
            ],
            [
              -39.3271396,
              -8.5140631
            ]
          ]
        ]
      }
    },
    {
      "type": "Feature",
      "id": "relation/20306672",
      "properties": {
        "admin_level": "10",
        "boundary": "administrative",
        "name": "Loteamento São Francisco",
        "place": "suburb",
        "source": "mapa do licenciado",
        "type": "boundary",
        "id": "relation/20306672"
      },
      "geometry": {
        "type": "Polygon",
        "coordinates": [
          [
            [
              -39.3297134,
              -8.5167545
            ],
            [
              -39.3253985,
              -8.5167545
            ],
            [
              -39.3253985,
              -8.5087844
            ],
            [
              -39.3297134,
              -8.5087844
            ],
            [
              -39.3297134,
              -8.5167545
            ]
          ]
        ]
      }
    },
    {
      "type": "Feature",
      "id": "relation/20411639",
      "properties": {
        "landuse": "residential",
        "name": "Garapu",
        "place": "neighbourhood",
        "type": "multipolygon",
        "id": "relation/20411639"
      },
      "geometry": {
        "type": "Polygon",
        "coordinates": [
          [
            [
              -35.0254869,
              -8.3078359
            ],
            [
              -35.0102722,
              -8.3078359
            ],
            [
              -35.0102722,
              -8.2749692
            ],
            [
              -35.0254869,
              -8.2749692
            ],
            [
              -35.0254869,
              -8.3078359
            ]
          ]
        ]
      }
    }
  ]
}